|AÑO|Total|AUX_LOC|TONELADAS DE RESIDUOS|TONELADAS APROVECHADAS|Id Empresa|Empresa|Nombre del departamento|Nombre del municipio|Nombre sitio disposición final|NUSD|Fecha inicio operaciones|Tipo disposición final|Longitud|Latitud|Propietario predio del SDF|Entidad otorgó autorización|Tipo autorización ambiental|No. Res. de la autorización|Fecha Res. de la Autorización|Fecha terminación vigencia Res|Fecha terminación vida útil|fecha hoy|años_vida|Capacidad de diseño|Entidad otorgó permiso vertimi|No.Res. permiso vertimiento|Fecha Res. permiso vertimiento|Fecha term permiso vertimiento|Fecha aplicación metodología|Fecha de certificación|Tasa_de_aprovechamiento
0|2021|37193.0|ANTIOQUIA-SONSON|4143.51|0.0|26741|AGUAS DEL PÁRAMO DE SONSÓN S.A.S. E.S.P|ANTIOQUIA|SONSON|AMBIENTE SONSON|670305756|2012-09-01|Relleno sanitario|-753519500|57131200.0|"29|MUNICIPIO"|"41|CORPORACIÓN AUTÓNOMA REGIONAL DE LOS RÍOS NEGRO Y NARE - CORNARE"|Licencia ambiental|112-46241|2009-09-01|2019-09-01|2019-09-01|2022-06-25|0.0|179898.0|"41|CORPORACIÓN AUTÓNOMA REGIONAL DE LOS RÍOS NEGRO Y NARE - CORNARE"|12401.46|2009-09-01|2019-09-01|2017-06-01|2017-08-24|0.0
1|2021|37193.0|ANTIOQUIA-SONSON|4143.51|0.0|26741|AGUAS DEL PÁRAMO DE SONSÓN S.A.S. E.S.P|ANTIOQUIA|SONSON|RELLENO SANITARIO SAN MIGUEL|2675505756|2017-01-25|Relleno sanitario|-747383553|57382826.0|"29|MUNICIPIO"|"41|CORPORACIÓN AUTÓNOMA REGIONAL DE LOS RÍOS NEGRO Y NARE - CORNARE"|Licencia ambiental|112-3794|2012-09-19|2026-09-19|2056-09-19|2022-06-25|34.0|64316.0|"41|CORPORACIÓN AUTÓNOMA REGIONAL DE LOS RÍOS NEGRO Y NARE - CORNARE"|112-3794|2012-09-19|2026-09-19|2017-06-01|2022-01-26|0.0
2|2021|114152.0|CUNDINAMARCA-GIRARDOT|36426.84|640.0|686|UNIDAD DE SERVICIOS PUBLICOS DOMICILIARIOS DEL MUNICIPIO DE CABRERA|CUNDINAMARCA|GIRARDOT|RELLENO SANITARIO PARQUE ECOLOGICO PRADERAS DEL MAGDALENA|1588725307|2005-11-11|Relleno sanitario|-748572040|43305830.0|"28|EMPRESA OPERADORA"|"42|CORPORACIÓN AUTÓNOMA REGIONAL DE CUNDINAMARCA - CAR"|Licencia ambiental|408|2005-03-09|2021-11-09|2021-11-09|2022-06-25|0.0|1000000.0|"42|CORPORACIÓN AUTÓNOMA REGIONAL DE CUNDINAMARCA - CAR"|408|2005-03-09|2021-11-11|2016-01-04|2020-06-03|0.017266106309574814
3|2021|174839.0|CAQUETA-FLORENCIA|36417.18|608.2900000000001|3328|SERVICIOS INTEGRALES EFECTIVOS S.A.  E.S.P.|CAQUETA|FLORENCIA|REGIONAL LA ESPERANZA|701118001|2009-11-02|Relleno sanitario|-753639400|13230340.0|"28|EMPRESA OPERADORA"|"47|CORPORACIÓN PARA EL DESARROLLO SOSTENIBLE DEL SUR DE LA AMAZONIA - CORPOAMAZONIA"|Licencia ambiental|6|2011-03-17|2059-03-01|2059-03-01|2022-06-25|36.0|2065289.0|"47|CORPORACIÓN PARA EL DESARROLLO SOSTENIBLE DEL SUR DE LA AMAZONIA - CORPOAMAZONIA"|6|2011-03-17|2079-03-01|2016-04-01|2022-02-28|0.01642896092878767
4|2021|174839.0|CAQUETA-FLORENCIA|36417.18|608.2900000000001|36097|SANEAMIENTO Y MEJORAMIENTO AMBIENTAL S.A.S ESP |CAQUETA|FLORENCIA|PARQUE AMBIENTAL TAYARU|952018001|2016-11-11|Relleno sanitario|-756077561|15449170.0|"28|EMPRESA OPERADORA"|"47|CORPORACIÓN PARA EL DESARROLLO SOSTENIBLE DEL SUR DE LA AMAZONIA - CORPOAMAZONIA"|Licencia ambiental|1472|2015-10-21|2048-11-10|2048-11-10|2022-06-25|26.0|1.552504e+16|"47|CORPORACIÓN PARA EL DESARROLLO SOSTENIBLE DEL SUR DE LA AMAZONIA - CORPOAMAZONIA"|1472|2015-10-21|2048-11-10|2048-01-10|2018-06-19|0.01642896092878767
5|2021||BOLIVAR-TURBANA|||20430|INGEAMBIENTE DEL CARIBE S.A. E.S.P.|BOLIVAR|TURBANA|RELLENO SANITARIO REGIONAL LA PAZ|1087013838|2000-12-15|Relleno sanitario|-754782120|102373650.0|"31|OTRA PERSONA NATURAL O JURIDICA"|"48|CORPORACIÓN AUTÓNOMA REGIONAL DEL CANAL DEL DIQUE - CARDIQUE"|Licencia ambiental|1352|2010-11-05|2020-11-05|2032-11-05|2022-06-25|10.0|1191191.0|"48|CORPORACIÓN AUTÓNOMA REGIONAL DEL CANAL DEL DIQUE - CARDIQUE"|1352|2010-11-05|2032-11-05|2016-01-01|2018-11-30|0.0
6|2021||ANTIOQUIA-DONMATIAS|||111|EMPRESAS VARIAS DE MEDELLIN  S.A. E.S. P.|ANTIOQUIA|DONMATIAS|RELLENO SANITARIO LA PRADERA|720105237|2003-06-03|Relleno sanitario|-752550350|65162710.0|"28|EMPRESA OPERADORA"|"53|CORPORACIÓN AUTÓNOMA REGIONAL DEL CENTRO DE ANTIOQUIA -  CORANTIOQUIA"|Licencia ambiental|5288|2002-07-03|2027-09-12|2027-09-12|2022-06-25|5.0|13452293.66|"53|CORPORACIÓN AUTÓNOMA REGIONAL DEL CENTRO DE ANTIOQUIA -  CORANTIOQUIA"|10346_2013|2013-09-13|2015-04-12|2016-04-01|2017-09-29|0.0
7|2021|60342.0|SANTANDER-SAN GIL|14236.940000000002|1674.3500000000001|722|ACUASAN E.I.C.E  E.S.P|SANTANDER|SAN GIL|RELLENO SANITARIO EL CUCHARO(ACUASAN)|380168679|2005-06-30|Relleno sanitario|-731333330|65555550.0|"28|EMPRESA OPERADORA"|"55|CORPORACIÓN AUTÓNOMA REGIONAL DE SANTANDER - CAS"|Licencia ambiental|588|2015-08-27|2025-08-26|2025-08-26|2022-06-25|3.0|492000.0|"55|CORPORACIÓN AUTÓNOMA REGIONAL DE SANTANDER - CAS"|588|2015-08-27|2025-08-26|2016-09-01|2017-01-02|0.10523031130725415
8|2021|58316.0|ARCHIPIELAGO DE SAN ANDRES, PROVIDENCIA Y SANTA CATALINA-SAN ANDRES|21762.539999999997|63.1|55688|PROVIDENCE AND KETTLINA UTILITIES COMPANY SAS ESP|ARCHIPIELAGO DE SAN ANDRES, PROVIDENCIA Y SANTA CATALINA|PROVIDENCIA|BLUE LIZARD|2889088564|2021-05-28|Relleno sanitario|-810000000|130000000.0|"29|MUNICIPIO"|"75|NO CUENTA CON PERMISO AMBIENTAL"||||||2022-06-25||23086.0|"92|NO CUENTA CON PERMISO DE VERTIMIENTO DE LIXIVIADOS"||||2022-05-01|2022-05-25|0.002891095060671761
9|2021|213061.0|SANTANDER-BARRANCABERMEJA|56438.45999999999|7654.9800000000005|20658|EMPRESA ASOCIATIVA DE TRABAJO MUCAF E.S.P. |SANTANDER|BARRANCABERMEJA|YERBABUENA|1170968081|2015-02-23|Relleno sanitario|-737773550|70607674.0|"28|EMPRESA OPERADORA"|"55|CORPORACIÓN AUTÓNOMA REGIONAL DE SANTANDER - CAS"|Licencia ambiental|1121|2014-11-27|2044-11-27|2044-11-27|2022-06-25|22.0|2170.0|"55|CORPORACIÓN AUTÓNOMA REGIONAL DE SANTANDER - CAS"|1121|2014-11-27|2044-11-27|2016-12-01|2019-03-06|0.11943468785573065
10|2021|328139.0|CAUCA-POPAYAN|91339.07999999997|2972.61|25659|URBASER POPAYAN S.A. E.S.P.|CAUCA|POPAYAN|RELLENO SANITARIO REGIONAL LOS PICACHOS|388119001|2014-09-13|Relleno sanitario|-767511368|25083178.0|"28|EMPRESA OPERADORA"|"60|CORPORACIÓN AUTÓNOMA REGIONAL DEL CAUCA ¿ CRC"|Licencia ambiental|5031|2014-03-28|2043-12-31|2044-09-05|2022-06-25|22.0|2654776.0|"60|CORPORACIÓN AUTÓNOMA REGIONAL DEL CAUCA ¿ CRC"|7693|2015-08-26|2044-09-05|2016-04-01|2017-01-19|0.03151899833414077
11|2021|328139.0|CAUCA-POPAYAN|91339.07999999997|2972.61|40017|ADMINISTRACIÓN PUBLICA COOPERATIVA CORAZÓN DEL MACIZO|CAUCA|POPAYAN|RELLENO LOS PICACHOS|2887419001|2014-01-08|Relleno sanitario|-767512660|25049200.0|"28|EMPRESA OPERADORA"|"60|CORPORACIÓN AUTÓNOMA REGIONAL DEL CAUCA ¿ CRC"|Licencia ambiental|5031|2014-03-28|2043-03-28|2043-03-28|2022-06-25|20.0|2654776.0|"60|CORPORACIÓN AUTÓNOMA REGIONAL DEL CAUCA ¿ CRC"|11244|2017-07-12|2027-07-12|2020-10-02|2022-05-24|0.03151899833414077
12|2021||CASANARE-AGUAZUL|||639|EMPRESA DE SERVICIOS PUBLICOS DE AGUAZUL S.A. E.S.P.  |CASANARE|AGUAZUL|PLANTA DE MANEJO INTEGRAL DE RESIDUOS SOLIDOS DE AGUAZUL|953585010|2017-11-01|Relleno sanitario|-725705222|51570778.0|"29|MUNICIPIO"|"62|CORPORACIÓN AUTÓNOMA REGIONAL DE LA ORINOQUÍA ¿ CORPORINOQUIA"|Licencia ambiental|200-41.08-1507|2008-12-19|2038-12-19|2068-12-19|2022-06-25|46.0|107.14|"62|CORPORACIÓN AUTÓNOMA REGIONAL DE LA ORINOQUÍA ¿ CORPORINOQUIA"|200-41.08-1507|2008-12-19|2038-12-19|2017-11-01|2018-06-20|0.0
13|2021||CASANARE-AGUAZUL|||20341|INGENIERIA, MEDICIONES, EMISIONES Y CONTROLES SA|CASANARE|AGUAZUL|CERES|2607085010|2011-08-01|Relleno sanitario|-724931360|51220000.0|"28|EMPRESA OPERADORA"|"62|CORPORACIÓN AUTÓNOMA REGIONAL DE LA ORINOQUÍA ¿ CORPORINOQUIA"|Licencia ambiental|15071254|2007-12-20|2027-12-19|2027-12-19|2022-06-25|5.0|146000.0|"62|CORPORACIÓN AUTÓNOMA REGIONAL DE LA ORINOQUÍA ¿ CORPORINOQUIA"|15071254|2007-12-20|2027-12-19|2027-12-19|2021-12-07|0.0
14|2021||ARAUCA-ARAUQUITA|||20638|SECRETARIA DE SERVICIOS PUBLICOS DEL MUNICIPIO  DE ARAUQUITA|ARAUCA|ARAUQUITA|PRADO PARAJE DE LA CEIBA|914081065|2018-02-02|Relleno sanitario|-714284830|70275917.0|"29|MUNICIPIO"|"62|CORPORACIÓN AUTÓNOMA REGIONAL DE LA ORINOQUÍA ¿ CORPORINOQUIA"|Licencia ambiental|700.41.10-164|2010-10-27|2040-10-26|2040-10-26|2022-06-25|18.0|501739.0|"62|CORPORACIÓN AUTÓNOMA REGIONAL DE LA ORINOQUÍA ¿ CORPORINOQUIA"|700.41.10-164|2010-10-27|2040-10-26|2018-02-02|2018-05-07|0.0
15|2021|50138.0|ARAUCA-TAME|7861.5|0.0|469|EMPRESA DE SERVICIOS PUBLICOS DE TAME  CARIBABARE E.S.P.|ARAUCA|TAME|RELLENO SANITARIO BRISAS DEL CRAVO|2052881794|2016-04-01|Relleno sanitario|-715211140|62653800.0|"28|EMPRESA OPERADORA"|"62|CORPORACIÓN AUTÓNOMA REGIONAL DE LA ORINOQUÍA ¿ CORPORINOQUIA"|Licencia ambiental|7003618101|2018-06-08|2038-06-08|2038-06-08|2022-06-25|15.0|292493.3|"92|NO CUENTA CON PERMISO DE VERTIMIENTO DE LIXIVIADOS"||||2016-04-01|2021-04-06|0.0
16|2021|50138.0|ARAUCA-TAME|7861.5|0.0|469|EMPRESA DE SERVICIOS PUBLICOS DE TAME  CARIBABARE E.S.P.|ARAUCA|TAME|SMIRT|964881794|2015-08-20|celda de contingencia|-718476765|64290167.0|"28|EMPRESA OPERADORA"|"62|CORPORACIÓN AUTÓNOMA REGIONAL DE LA ORINOQUÍA ¿ CORPORINOQUIA"|otro tipo de acto administrativo|7004115093|2015-08-20|2018-06-22|2018-12-13|2022-06-25|0.0|41535.0|"92|NO CUENTA CON PERMISO DE VERTIMIENTO DE LIXIVIADOS"||||2016-07-15|2021-01-07|0.0
17|2021|213061.0|SANTANDER-BARRANCABERMEJA|56438.45999999999|7654.9800000000005|2636|REDIBA S.A ES.P|SANTANDER|BARRANCABERMEJA|RELLENO SANITARIO REDIBA SA ESP|922668081|2015-01-01|Relleno sanitario|-737047120|71001920.0|"28|EMPRESA OPERADORA"|"55|CORPORACIÓN AUTÓNOMA REGIONAL DE SANTANDER - CAS"|Licencia ambiental|DGL0001121|2014-11-27|2045-01-01|2045-01-01|2022-06-25|22.0|2170000.0|"92|NO CUENTA CON PERMISO DE VERTIMIENTO DE LIXIVIADOS"||||2016-04-01|2018-05-16|0.11943468785573065
18|2021|96927.0|ANTIOQUIA-CAUCASIA|20786.000000000004|2176.16|3234|CAUCASIA MEDIO AMBIENTE S.A. E.S.P.|ANTIOQUIA|CAUCASIA|RELLENO SANITARIO CAUCASIA|691105154|2002-06-01|Relleno sanitario|-751431690|75946440.0|"31|OTRA PERSONA NATURAL O JURIDICA"|"53|CORPORACIÓN AUTÓNOMA REGIONAL DEL CENTRO DE ANTIOQUIA -  CORANTIOQUIA"|Licencia ambiental|130PZ1038|2005-04-02|2017-08-18|2017-12-30|2022-06-25|0.0|53000.0|"92|NO CUENTA CON PERMISO DE VERTIMIENTO DE LIXIVIADOS"||||2016-04-01|2017-09-06|0.09477157201238906
19|2021|114152.0|CUNDINAMARCA-GIRARDOT|36426.84|640.0|3383|SERVICIOS AMBIENTALES S.A.  E.S.P.|CUNDINAMARCA|GIRARDOT|PARQUE ECOLOGICO PRADERAS DEL MAGDALENA|430125307|2005-11-01|Relleno sanitario|-748573200|43281900.0|"28|EMPRESA OPERADORA"|"42|CORPORACIÓN AUTÓNOMA REGIONAL DE CUNDINAMARCA - CAR"|Licencia ambiental|408|2005-03-09|2021-03-09|2025-03-09|2022-06-25|2.0|1035538584.0|"92|NO CUENTA CON PERMISO DE VERTIMIENTO DE LIXIVIADOS"||||2016-04-01|2017-02-28|0.017266106309574814
20|2021||BOLIVAR-TURBANA|||20352|CARIBE VERDE S. A.   E. S. P.|BOLIVAR|TURBANA|PARQUE AMBIENTAL LOMA DE LOS COCOS|2208713838|2005-05-10|Relleno sanitario|-754803245|102730571.0|"29|MUNICIPIO"|"48|CORPORACIÓN AUTÓNOMA REGIONAL DEL CANAL DEL DIQUE - CARDIQUE"|Licencia ambiental|229|2005-03-18|2025-03-18|2025-03-18|2022-06-25|2.0|6867987.0|"92|NO CUENTA CON PERMISO DE VERTIMIENTO DE LIXIVIADOS"||||2016-07-01|2021-06-10|0.0
21|2021||BOLIVAR-TURBANA|||20352|CARIBE VERDE S. A.   E. S. P.|BOLIVAR|TURBANA|RELLENO SANITARIO PARQUE AMBIENTAL LOMA DE LOS COCOS|270713838|2005-05-10|Relleno sanitario|-754807963|102728593.0|"29|MUNICIPIO"|"48|CORPORACIÓN AUTÓNOMA REGIONAL DEL CANAL DEL DIQUE - CARDIQUE"|Licencia ambiental|229|2005-03-18|2025-05-10|2025-05-10|2022-06-25|2.0|8584983.75|"92|NO CUENTA CON PERMISO DE VERTIMIENTO DE LIXIVIADOS"||||2016-04-01|2016-10-13|0.0
22|2021||ARAUCA-ARAUQUITA|||20638|SECRETARIA DE SERVICIOS PUBLICOS DEL MUNICIPIO  DE ARAUQUITA|ARAUCA|ARAUQUITA|FLORIDA 2|819581065|2000-05-31|celda de contingencia|-714284830|70275917.0|"29|MUNICIPIO"|"62|CORPORACIÓN AUTÓNOMA REGIONAL DE LA ORINOQUÍA ¿ CORPORINOQUIA"|otro tipo de acto administrativo|700.41.15.0114|2015-09-16|2016-05-23|2016-05-23|2022-06-25|0.0|9236.0|"92|NO CUENTA CON PERMISO DE VERTIMIENTO DE LIXIVIADOS"||||2016-01-01|2018-09-11|0.0
23|2021|189285.0|LA GUAJIRA-MAICAO|34468.428|2134.33|21670|ATESA DE OCCIDENTE S.A.S  E.S.P.|LA GUAJIRA|MAICAO|REGIONAL DEL NORTE DE LA GUAJIRA|22244430|2014-10-04|Relleno sanitario|-723669440|113966600.0|"31|OTRA PERSONA NATURAL O JURIDICA"|"61|CORPORACIÓN AUTÓNOMA REGIONAL DE LA GUAJIRA ¿ CORPOGUAJIRA"|Licencia ambiental|1646|2012-12-10|2042-12-10|2042-12-10|2022-06-25|20.0|2195487.0|"92|NO CUENTA CON PERMISO DE VERTIMIENTO DE LIXIVIADOS"||||2016-04-01|2016-06-14|0.05831063331347872
24|2021|213061.0|SANTANDER-BARRANCABERMEJA|56438.45999999999|7654.9800000000005|22911|VEOLIA ASEO SANTANDER Y CESAR S.A E.S.P|SANTANDER|BARRANCABERMEJA|PARQUE TECNOLOGICO AMBIENTAL SAN SILVESTRE|2431068081|2015-01-01|Relleno sanitario|-737006610|70968620.0|"28|EMPRESA OPERADORA"|"55|CORPORACIÓN AUTÓNOMA REGIONAL DE SANTANDER - CAS"|Licencia ambiental|1121|2014-12-27|2044-12-27|2044-12-27|2022-06-25|22.0|2170000.0|"92|NO CUENTA CON PERMISO DE VERTIMIENTO DE LIXIVIADOS"||||2016-04-01|2021-09-15|0.11943468785573065
25|2021|60342.0|SANTANDER-SAN GIL|14236.940000000002|1674.3500000000001|26115|EMPRESA DE SOLUCIONES AMBIENTALES PARA COLOMBIA S.A E.S.P.|SANTANDER|SAN GIL|EL CUCHARO|1725368679|2003-01-15|Relleno sanitario|-731118300|63313410.0|"28|EMPRESA OPERADORA"|"55|CORPORACIÓN AUTÓNOMA REGIONAL DE SANTANDER - CAS"|Licencia ambiental|20|2003-01-15|2023-01-15|2048-01-15|2022-06-25|25.0|550000.0|"92|NO CUENTA CON PERMISO DE VERTIMIENTO DE LIXIVIADOS"||||2018-06-01|2020-10-16|0.10523031130725415
26|2021||ANTIOQUIA-DONMATIAS|||29531|SERVIDONMATIAS ESP SAS|ANTIOQUIA|DONMATIAS|RELLENO EL PINAR|390305237|1988-01-01|Relleno sanitario|-752430244|62944000.0|"29|MUNICIPIO"|"53|CORPORACIÓN AUTÓNOMA REGIONAL DEL CENTRO DE ANTIOQUIA -  CORANTIOQUIA"|otro tipo de acto administrativo|130TH104737161|2010-05-05|2020-07-06|2020-07-06|2022-06-25|0.0|4700.0|"92|NO CUENTA CON PERMISO DE VERTIMIENTO DE LIXIVIADOS"||||2016-12-31|2019-10-16|0.0
27|2021|96927.0|ANTIOQUIA-CAUCASIA|20786.000000000004|2176.16|36394|ECOAMBIENTAL ACTIVA DE COLOMBIA S.A. ESP|ANTIOQUIA|CAUCASIA|PARQUE AMBIENTAL CAMPOALEGRE|1101605154|2018-01-15|Relleno sanitario|-751427250|80049890.0|"31|OTRA PERSONA NATURAL O JURIDICA"|"53|CORPORACIÓN AUTÓNOMA REGIONAL DEL CENTRO DE ANTIOQUIA -  CORANTIOQUIA"|Licencia ambiental|16093797|2016-09-05|2044-09-05|2046-01-15|2022-06-25|23.0|541429.0|"92|NO CUENTA CON PERMISO DE VERTIMIENTO DE LIXIVIADOS"||||2018-01-15|2018-12-13|0.09477157201238906
28|2021|58316.0|ARCHIPIELAGO DE SAN ANDRES, PROVIDENCIA Y SANTA CATALINA-SAN ANDRES|21762.539999999997|63.1|39056|INTERASEO DEL ARCHIPIELAGO S.A.S. E.S.P.|ARCHIPIELAGO DE SAN ANDRES, PROVIDENCIA Y SANTA CATALINA|SAN ANDRES|MAGIC GARDEN|966388001|1985-04-01|Relleno sanitario|-817266886|125545383.0|"30|DEPARTAMENTO"|"50|PROVIDENCIA Y SANTA CATALINA - CORALINA"|Licencia ambiental|279|2009-06-19|2037-10-17|2037-10-17|2022-06-25|15.0|600000.0|"92|NO CUENTA CON PERMISO DE VERTIMIENTO DE LIXIVIADOS"||||2017-10-17|2018-07-04|0.002891095060671761
29|2021|189285.0|LA GUAJIRA-MAICAO|34468.428|2134.33|44197|UNIÓN TEMPORAL OPERACIÓN RELLENO SANITARIO REGIONAL NORTE DE LA GUAJIRA|LA GUAJIRA|MAICAO|UNION TEMPORAL OPERACION RELLENO SANITARIO REGIONAL NORTE DE|1678844430|2019-04-01|Relleno sanitario|-723669440|114022220.0|"31|OTRA PERSONA NATURAL O JURIDICA"|"61|CORPORACIÓN AUTÓNOMA REGIONAL DE LA GUAJIRA ¿ CORPOGUAJIRA"|Licencia ambiental|1646 DE 2012|2012-12-10|2044-10-01|2044-10-01|2022-06-25|22.0|2107667.0|"92|NO CUENTA CON PERMISO DE VERTIMIENTO DE LIXIVIADOS"||||2019-07-22|2020-09-08|0.05831063331347872
30|2021|189285.0|LA GUAJIRA-MAICAO|34468.428|2134.33|59890|UTORS SAS ESP|LA GUAJIRA|MAICAO|UTORS S.A.S. E.S.P.|2709044430|2021-12-01|Relleno sanitario|-723669440|114022220.0|"31|OTRA PERSONA NATURAL O JURIDICA"|"61|CORPORACIÓN AUTÓNOMA REGIONAL DE LA GUAJIRA ¿ CORPOGUAJIRA"|Licencia ambiental|RESOLUCIÓN 1646 DE 2012|2012-12-10|2042-12-10|2042-12-10|2022-06-25|20.0|2107667.0|"92|NO CUENTA CON PERMISO DE VERTIMIENTO DE LIXIVIADOS"||||2021-12-01|2022-02-08|0.05831063331347872
31|2021||ANTIOQUIA-ABEJORRAL|||1375|EMPRESAS PUBLICAS DE ABEJORRAL E.S.P.|ANTIOQUIA|ABEJORRAL|LOS MOLINOS|725405002|2008-08-25|Relleno sanitario|-752547711|54804157.0|"29|MUNICIPIO"|"41|CORPORACIÓN AUTÓNOMA REGIONAL DE LOS RÍOS NEGRO Y NARE - CORNARE"|Licencia ambiental|112-5857|2006-10-25|2030-04-30|2030-04-30|2022-06-25|7.0|33523.0|"41|CORPORACIÓN AUTÓNOMA REGIONAL DE LOS RÍOS NEGRO Y NARE - CORNARE"|112-5857|2006-10-25|2030-04-30|2016-04-30|2017-10-05|0.0
32|2021|129710.0|HUILA-PITALITO|25973.609999999997|941.9899999999999|2147|BIORGANICOS DEL SUR DEL HUILA S.A  E.S.P. |HUILA|PITALITO|Planta de tramiento de Residuos Solidos|750441551|2003-03-06|Relleno sanitario|-761231768|18726446.0|"28|EMPRESA OPERADORA"|"39|CORPORACIÓN AUTÓNOMA REGIONAL DEL ALTO MAGDALENA - CAM"|Licencia ambiental|1211|2016-05-04|2019-05-18|2019-05-18|2022-06-25|0.0|247874.81|"39|CORPORACIÓN AUTÓNOMA REGIONAL DEL ALTO MAGDALENA - CAM"|3786|2010-12-20|2019-05-18|2016-07-13|2019-12-04|0.03499791942219382
33|2021||ANTIOQUIA-ABRIAQUI|||2573|UNIDAD DE SERVICIOS PUBLICOS DE ABRIAQUI|ANTIOQUIA|ABRIAQUI|EL LIBANO|2472805004|1992-10-01|celda de contingencia|-760563759|66337630.0|"29|MUNICIPIO"|"75|NO CUENTA CON PERMISO AMBIENTAL"||||||2022-06-25||125.0|"92|NO CUENTA CON PERMISO DE VERTIMIENTO DE LIXIVIADOS"||||2016-01-01|2021-10-07|0.0
34|2021||ANTIOQUIA-ALEJANDRIA|||838|UNIDAD DE SERVICIOS PUBLICOS DOMICILIARIOS MUNICIPIO DE ALEJANDRIA|ANTIOQUIA|ALEJANDRIA|MUNICIPIO ALEJANDRIA|1327305021|1997-11-24|Relleno sanitario|-760000000|70000000.0|"29|MUNICIPIO"|"41|CORPORACIÓN AUTÓNOMA REGIONAL DE LOS RÍOS NEGRO Y NARE - CORNARE"|Aprobacion PMA|112-4761|2007-09-24|2024-06-18|2024-06-18|2022-06-25|1.0|12053.0|"41|CORPORACIÓN AUTÓNOMA REGIONAL DE LOS RÍOS NEGRO Y NARE - CORNARE"|135-0117-2016|2016-04-01|2024-06-10|2016-04-01|2019-10-02|0.0
35|2021|57004.0|GUAVIARE-SAN JOSE DEL GUAVIARE|11545.359999999999|0.0|1874|AMBIENTAR E.S.P. S.A.|GUAVIARE|SAN JOSE DEL GUAVIARE|EL ALGARROBO|960695001|1996-08-19|celda de contingencia|-723600260|-23223360.0|"28|EMPRESA OPERADORA"|"40|CORPORACIÓN PARA EL DESARROLLO SOSTENIBLE DEL NORTE Y ORIENTE AMAZÓNICO - CDA"|Licencia ambiental|DSGV-051|2015-05-22|2017-05-22|2025-12-31|2022-06-25|3.0|313903.9|"40|CORPORACIÓN PARA EL DESARROLLO SOSTENIBLE DEL NORTE Y ORIENTE AMAZÓNICO - CDA"|DSGV-051|2015-05-22|2017-05-22|2016-04-01|2018-06-28|0.0
36|2021||ANTIOQUIA-ANGELOPOLIS|||20102|JUNTA DE SERVICIOS PÚBLICOS DEL MUNICIPIO DE ANGELOPOLIS|ANTIOQUIA|ANGELOPOLIS|RELLENO SANITARIO DEL MUNICIPIO DE ANGELOPOLIS|680205036|2005-10-11|Relleno sanitario|-757196389|61033056.0|"29|MUNICIPIO"|"53|CORPORACIÓN AUTÓNOMA REGIONAL DEL CENTRO DE ANTIOQUIA -  CORANTIOQUIA"|Licencia ambiental|2875|2005-10-11|2019-10-11|2019-10-11|2022-06-25|0.0|7200.0|"53|CORPORACIÓN AUTÓNOMA REGIONAL DEL CENTRO DE ANTIOQUIA -  CORANTIOQUIA"|2875|2005-10-11|2019-10-11|2016-01-01|2017-08-29|0.0
37|2021||ANTIOQUIA-ANGOSTURA|||23008|LA EMPRESA DE SERVICIOS PUBLICOS DOMICILIARIOS DE ANGOSTURA S.A. E.S.P.|ANTIOQUIA|ANGOSTURA|BUENAVISTA III|198105038|1990-11-14|Relleno sanitario|-753352778|68852778.0|"29|MUNICIPIO"|"53|CORPORACIÓN AUTÓNOMA REGIONAL DEL CENTRO DE ANTIOQUIA -  CORANTIOQUIA"|Licencia ambiental|130TH 7955|2010-09-28|2026-06-28|2026-06-28|2022-06-25|4.0|150000.0|"53|CORPORACIÓN AUTÓNOMA REGIONAL DEL CENTRO DE ANTIOQUIA -  CORANTIOQUIA"|130TH 7955|2010-09-28|2026-06-28|2016-04-01|2016-08-31|0.0
38|2021|63564.0|ANTIOQUIA-EL CARMEN DE VIBORAL|6795.36|1094.2|96|EMPRESA DE SERVICIOS PÚBLICOS DE EL CARMEN DE VIBORAL E.S.P.|ANTIOQUIA|EL CARMEN DE VIBORAL|EL CARMEN DE VIBORAL|640205148|2003-11-11|Relleno sanitario|-751910480|60601010.0|"28|EMPRESA OPERADORA"|"41|CORPORACIÓN AUTÓNOMA REGIONAL DE LOS RÍOS NEGRO Y NARE - CORNARE"|Aprobacion PMA|112-4658|2003-11-11|2026-11-11|2026-11-11|2022-06-25|4.0|74.16|"41|CORPORACIÓN AUTÓNOMA REGIONAL DE LOS RÍOS NEGRO Y NARE - CORNARE"|131-0576|2016-04-29|2026-11-11|2016-05-01|2017-08-08|0.1386896100669746
39|2021||ANTIOQUIA-ANORI|||41219|EMPRESA DE SERVICIOS PUBLICOS ANORI S.A. E.S.P.|ANTIOQUIA|ANORI|SAN ANTONIO|2725805040|2010-07-19|Relleno sanitario|-751523550|70372340.0|"29|MUNICIPIO"|"53|CORPORACIÓN AUTÓNOMA REGIONAL DEL CENTRO DE ANTIOQUIA -  CORANTIOQUIA"|Licencia ambiental|130TH7805|2010-07-15|2027-07-15|2027-07-15|2022-06-25|5.0|8221.79|"53|CORPORACIÓN AUTÓNOMA REGIONAL DEL CENTRO DE ANTIOQUIA -  CORANTIOQUIA"|130TH7805|2010-07-15|2027-07-15|2019-07-01|2022-02-15|0.0
40|2021||ANTIOQUIA-ANZA|||697|OFICINA DE SERVICIOS PUBLICOS MUNICIPIO DE ANZA|ANTIOQUIA|ANZA|LOS CEDROS|630105044|1992-12-01|Relleno sanitario|-758528000|63042870.0|"29|MUNICIPIO"|"53|CORPORACIÓN AUTÓNOMA REGIONAL DEL CENTRO DE ANTIOQUIA -  CORANTIOQUIA"|otro tipo de acto administrativo||1992-12-01|2017-06-19|2017-06-19|2022-06-25|0.0|8000.0|"92|NO CUENTA CON PERMISO DE VERTIMIENTO DE LIXIVIADOS"||||2016-01-01|2017-08-01|0.0
41|2021||ANTIOQUIA-ARGELIA|||23041|EMPRESA DE SERVICIOS PÙBLICOS ARGELIA DE MARÍA S.A|ANTIOQUIA|ARGELIA|RELLNO SANITARIO ARGELIA|2790905055|2010-10-12|Relleno sanitario|-750000000|50000000.0|"29|MUNICIPIO"|"41|CORPORACIÓN AUTÓNOMA REGIONAL DE LOS RÍOS NEGRO Y NARE - CORNARE"|otro tipo de acto administrativo|133-094-2010-12|2010-10-12|2035-10-12|2035-10-12|2022-06-25|13.0|15074231.0|"41|CORPORACIÓN AUTÓNOMA REGIONAL DE LOS RÍOS NEGRO Y NARE - CORNARE"|133-094-2010-12|2010-10-12|2035-10-12|2021-07-31|2022-03-22|0.0
42|2021|37173.0|ANTIOQUIA-EL SANTUARIO|6554.399999999999|777.8000000000001|2268|EMPRESAS PUBLICAS DEL MUNICIPIO DE EL SANTUARIO E.S.P.|ANTIOQUIA|EL SANTUARIO|GRANJA PARA EL MANEJO INTEGRAL DE RESIDUOS SOLIDOS|28805697|1998-10-07|Relleno sanitario|-752747380|61412280.0|"28|EMPRESA OPERADORA"|"41|CORPORACIÓN AUTÓNOMA REGIONAL DE LOS RÍOS NEGRO Y NARE - CORNARE"|Licencia ambiental|112-4212|2012-10-05|2024-12-31|2024-12-31|2022-06-25|2.0|151442.0|"41|CORPORACIÓN AUTÓNOMA REGIONAL DE LOS RÍOS NEGRO Y NARE - CORNARE"|131-0827|2012-09-12|2017-09-12|2016-04-01|2016-06-15|0.10608003055017597
43|2021|68960.0|ANTIOQUIA-MARINILLA|13232.399999999998|1775.78|2303|EMPRESA DE SERVICIOS PUBLICOS DE SAN JOSE DE LA MARINILLA E.S.P.|ANTIOQUIA|MARINILLA|RELLENO SANITARIO Y GRANJA AMBIENTAL LOS SALTOS|1224805440|2016-04-01|Relleno sanitario|-753379834|11822170.0|"28|EMPRESA OPERADORA"|"41|CORPORACIÓN AUTÓNOMA REGIONAL DE LOS RÍOS NEGRO Y NARE - CORNARE"|Licencia ambiental|112-0406|2007-02-13|2032-02-13|2032-02-13|2022-06-25|9.0|1182277.0|"41|CORPORACIÓN AUTÓNOMA REGIONAL DE LOS RÍOS NEGRO Y NARE - CORNARE"|112-0406|2007-02-13|2023-02-13|2016-04-01|2019-05-21|0.11832080905213024
44|2021||ANTIOQUIA-BELMIRA|||898|EMPRESAS PÚBLICAS DE BELMIRA  SA ESP|ANTIOQUIA|BELMIRA|RELLENO SANITARIO BELMIRA|2426705086|1989-06-30|Relleno sanitario|-756905587|65902570.0|"29|MUNICIPIO"|"53|CORPORACIÓN AUTÓNOMA REGIONAL DEL CENTRO DE ANTIOQUIA -  CORANTIOQUIA"|Aprobacion PMA|1|2004-06-30|2027-06-30|2027-06-30|2022-06-25|5.0|186715.0|"53|CORPORACIÓN AUTÓNOMA REGIONAL DEL CENTRO DE ANTIOQUIA -  CORANTIOQUIA"|130TH6076|2008-08-06|2018-08-06|2020-12-01|2021-09-13|0.0
45|2021||ANTIOQUIA-BETANIA|||25527|EMPRESAS PUBLICAS MUNICIPALES DE BETANIA S.A E.S.P |ANTIOQUIA|BETANIA|LAS MERCEDES|2757705091|2007-12-06|Relleno sanitario|-750000000|130000000.0|"29|MUNICIPIO"|"53|CORPORACIÓN AUTÓNOMA REGIONAL DEL CENTRO DE ANTIOQUIA -  CORANTIOQUIA"|Licencia ambiental|CI1943|2007-12-06|2026-12-06|2026-12-06|2022-06-25|4.0|9.8|"53|CORPORACIÓN AUTÓNOMA REGIONAL DEL CENTRO DE ANTIOQUIA -  CORANTIOQUIA"|CI1943|2007-12-06|2026-12-06|2016-06-06|2022-03-03|0.0
46|2021||ANTIOQUIA-BRICENO|||22891|EMPRESAS PÚBLICAS DE BRICEÑO S.A. E.S.P|ANTIOQUIA|BRICENO|PARQUE AMBIENTAL LLANADAS|2418705107|1997-09-19|Relleno sanitario|-755500000|12800000.0|"29|MUNICIPIO"|"53|CORPORACIÓN AUTÓNOMA REGIONAL DEL CENTRO DE ANTIOQUIA -  CORANTIOQUIA"|otro tipo de acto administrativo|DEC 883 DE 1997|1997-09-19|2017-12-31|2017-12-31|2022-06-25|0.0|118.0|"53|CORPORACIÓN AUTÓNOMA REGIONAL DEL CENTRO DE ANTIOQUIA -  CORANTIOQUIA"|883|1998-07-27|2017-12-31|2017-01-01|2021-09-07|0.0
47|2021||ANTIOQUIA-CAICEDO|||2628|UNIDAD DE SERVICIOS PUBLICOS DOMICILIARIOS DEL MUNICIPIO DE CAICEDO.|ANTIOQUIA|CAICEDO|PARQUE ECOLÓGICO LA LIBERTAD|1633205125|2005-11-18|Relleno sanitario|-759776194|64048919.0|"29|MUNICIPIO"|"53|CORPORACIÓN AUTÓNOMA REGIONAL DEL CENTRO DE ANTIOQUIA -  CORANTIOQUIA"|Licencia ambiental|2655|2005-11-18|2015-11-18|2015-11-18|2022-06-25|0.0|1.67|"53|CORPORACIÓN AUTÓNOMA REGIONAL DEL CENTRO DE ANTIOQUIA -  CORANTIOQUIA"|RESOLUCIÓN 130 HX-1106-5214|2011-06-03|2015-11-18|2016-01-01|2020-07-23|0.0
48|2021||ANTIOQUIA-CAMPAMENTO|||565|MUNICIPIO DE CAMPAMENTO ANTIOQUIA|ANTIOQUIA|CAMPAMENTO|relleno sanitario municipal los ranchos |637305134|2002-07-24|Relleno sanitario|-751742590|65837200.0|"29|MUNICIPIO"|"53|CORPORACIÓN AUTÓNOMA REGIONAL DEL CENTRO DE ANTIOQUIA -  CORANTIOQUIA"|Licencia ambiental|TH3-2002-2|2002-07-24|2019-03-31|2019-03-31|2022-06-25|0.0|14.0|"53|CORPORACIÓN AUTÓNOMA REGIONAL DEL CENTRO DE ANTIOQUIA -  CORANTIOQUIA"|R130TH-4438|2004-10-10|2019-03-31|2016-02-01|2022-01-21|0.0
49|2021|614269.0|SANTANDER-BUCARAMANGA|176018.66999999995|5965.782000000001|2372|EMPRESA DE ASEO DE BUCARAMANGA S.A. E.S.P.|SANTANDER|BUCARAMANGA|EL CARRASCO|929168001|1998-08-13|Relleno sanitario|-730846700|70455400.0|"28|EMPRESA OPERADORA"|"43|CORPORACIÓN AUTÓNOMA REGIONAL PARA LA DEFENSA DE LA MESETA DE BUCARAMANGA - CDMB"|Aprobacion PMA|753|1998-08-13|2023-08-30|2023-08-30|2022-06-25|1.0|966503.0|"43|CORPORACIÓN AUTÓNOMA REGIONAL PARA LA DEFENSA DE LA MESETA DE BUCARAMANGA - CDMB"|1135|2017-12-21|2027-12-20|2016-04-01|2022-05-09|0.03278182248228548
50|2021|546979.0|MAGDALENA-SANTA MARTA|197991.85199999998|4790.070000000001|2044|INTERASEO S.A.S.  E.S.P.|MAGDALENA|SANTA MARTA|PARQUE AMBIENTAL PALANGANA|20547001|2004-07-19|Relleno sanitario|-742033000|114316000.0|"28|EMPRESA OPERADORA"|"44|CORPORACIÓN AUTÓNOMA REGIONAL DEL MAGDALENA - CORPOMAG"|Licencia ambiental|1581|2000-11-17|2022-07-01|2028-07-19|2022-06-25|6.0|0.0|"44|CORPORACIÓN AUTÓNOMA REGIONAL DEL MAGDALENA - CORPOMAG"|205|2016-02-05|2021-02-05|2016-04-01|2016-06-14|0.023621780249227547
51|2021||ANTIOQUIA-CANASGORDAS|||23528|EMPRESAS PUBLICAS DE CAÑASGORDAS S.A.  E.S.P|ANTIOQUIA|CANASGORDAS|RECICLIN|637105138|2001-10-22|celda transitoria|-760653330|-30000000.0|"29|MUNICIPIO"|"65|CORPORACIÓN PARA EL DESARROLLO SOSTENIBLE DEL URABÁ ¿ CORPOURABA"|Aprobacion PMA|200-03-50-04-0503-2015|2015-11-03|2020-11-03|2020-11-03|2022-06-25|0.0|95918.0|"65|CORPORACIÓN PARA EL DESARROLLO SOSTENIBLE DEL URABÁ ¿ CORPOURABA"|30-01-25-0039|2015-12-17|2020-12-17|2016-01-01|2017-08-03|0.0
52|2021|480803.0|RISARALDA-PEREIRA|169701.16799999998|3323.5299999999997|21670|ATESA DE OCCIDENTE S.A.S  E.S.P.|RISARALDA|PEREIRA|LA GLORITA|22166001|1997-04-10|Relleno sanitario|-757978000|48530000.0|"28|EMPRESA OPERADORA"|"45|CORPORACIÓN AUTÓNOMA REGIONAL DE RISARALDA - CARDER"|Aprobacion PMA|216|2000-03-02|2025-02-18|2025-03-18|2022-06-25|2.0|3130489.0|"45|CORPORACIÓN AUTÓNOMA REGIONAL DE RISARALDA - CARDER"|2883|2010-09-10|2020-12-03|2016-04-01|2016-06-14|0.019208413818471166
53|2021||ANTIOQUIA-CARAMANTA|||26545|EMPRESAS PUBLICAS DE CARAMANTA S.A.S. E.S.P.|ANTIOQUIA|CARAMANTA|RELLENO SANITARIO EL JARDIN|652705145|2003-05-30|Relleno sanitario|-756365140|55561180.0|"29|MUNICIPIO"|"53|CORPORACIÓN AUTÓNOMA REGIONAL DEL CENTRO DE ANTIOQUIA -  CORANTIOQUIA"|Licencia ambiental|130CA-2446|2003-05-30|2020-10-28|2020-10-28|2022-06-25|0.0|1705000.0|"53|CORPORACIÓN AUTÓNOMA REGIONAL DEL CENTRO DE ANTIOQUIA -  CORANTIOQUIA"|CA14108896|2014-10-28|2020-10-28|2016-01-01|2017-08-17|0.0
54|2021||ANTIOQUIA-COCORNA|||2514|EMPRESA DE SERVICIOS PUBLICOS DE COCORNA E.S.P.|ANTIOQUIA|COCORNA|RELLENO SANITARIO DE COCORNA|803605197|1997-12-22|Relleno sanitario|-670000000|60326010.0|"29|MUNICIPIO"|"41|CORPORACIÓN AUTÓNOMA REGIONAL DE LOS RÍOS NEGRO Y NARE - CORNARE"|Licencia ambiental|112 - 3164|2007-06-29|2016-12-12|2016-12-12|2022-06-25|0.0|540000.0|"41|CORPORACIÓN AUTÓNOMA REGIONAL DE LOS RÍOS NEGRO Y NARE - CORNARE"|112-  3164|2007-06-12|2016-12-12|2016-01-01|2017-12-21|0.0
55|2021||PUTUMAYO-PUERTO ASIS|||734|EMPRESA DE ACUEDUCTO ALCANTARILLADO Y ASEO DE PUERTO ASIS E.S.P.|PUTUMAYO|PUERTO ASIS|KILILI|673286568|1990-05-12|celda de contingencia|-762929630|-0.32131|"29|MUNICIPIO"|"65|CORPORACIÓN PARA EL DESARROLLO SOSTENIBLE DEL URABÁ ¿ CORPOURABA"|otro tipo de acto administrativo|383|2015-05-27|2020-12-31|2020-12-31|2022-06-25|0.0|6120.0|"47|CORPORACIÓN PARA EL DESARROLLO SOSTENIBLE DEL SUR DE LA AMAZONIA - CORPOAMAZONIA"|1125|2016-04-24|2020-12-31|2016-05-01|2017-08-25|0.0
56|2021||ANTIOQUIA-CONCEPCION|||1818|MUNICIPIO DE CONCEPCION|ANTIOQUIA|CONCEPCION|RELLENO SANITARIO CERRO DE LA VIRGEN|966505206|1993-01-01|Relleno sanitario|-752526020|63830000.0|"29|MUNICIPIO"|"41|CORPORACIÓN AUTÓNOMA REGIONAL DE LOS RÍOS NEGRO Y NARE - CORNARE"|otro tipo de acto administrativo|5917|1999-12-04|2027-12-04|2027-12-04|2022-06-25|5.0|37188.0|"92|NO CUENTA CON PERMISO DE VERTIMIENTO DE LIXIVIADOS"||||2016-01-01|2018-07-04|0.0
57|2021||ANTIOQUIA-CONCORDIA|||1863|EMPRESAS PÚBLICAS MUNICIPALES DE CONCORDIA E.S.P.|ANTIOQUIA|CONCORDIA|RELLENO SANITARIO CONCORDIA|2783605209|2002-10-01|Relleno sanitario|-755442000|60315000.0|"29|MUNICIPIO"|"53|CORPORACIÓN AUTÓNOMA REGIONAL DEL CENTRO DE ANTIOQUIA -  CORANTIOQUIA"|Licencia ambiental|160CI-RES1807-4057|2018-07-26|2022-11-25|2022-11-26|2022-06-25|0.0|7987.0|"92|NO CUENTA CON PERMISO DE VERTIMIENTO DE LIXIVIADOS"||||2019-12-01|2022-03-17|0.0
58|2021||ANTIOQUIA-DABEIBA|||23421|EMPRESAS PUBLICAS DE DABEIBA S.A.S   E.S.P        |ANTIOQUIA|DABEIBA|RELLENO SANITARIO DE DABEIBA|1347605234|2015-12-01|Relleno sanitario|-761419000|61903300.0|"29|MUNICIPIO"|"75|NO CUENTA CON PERMISO AMBIENTAL"||||||2022-06-25||9642.0|"92|NO CUENTA CON PERMISO DE VERTIMIENTO DE LIXIVIADOS"||||2019-06-01|2019-09-21|0.0
59|2021||ANTIOQUIA-ENTRERRIOS|||20002|UNIDAD DE SERVICIOS PÚBLICOS DEL MUNICIPIO DE ENTRERRIOS|ANTIOQUIA|ENTRERRIOS|RELLENO SANITARIO ENTRERRIOS|204105264|1998-08-28|Relleno sanitario|-755200000|65653000.0|"29|MUNICIPIO"|"53|CORPORACIÓN AUTÓNOMA REGIONAL DEL CENTRO DE ANTIOQUIA -  CORANTIOQUIA"|Licencia ambiental|130TH-3782|2005-02-18|2017-02-18|2017-02-18|2022-06-25|0.0|18353.9|"53|CORPORACIÓN AUTÓNOMA REGIONAL DEL CENTRO DE ANTIOQUIA -  CORANTIOQUIA"|130TH-3782|2005-02-18|2017-02-18|2016-04-01|2016-09-02|0.0
60|2021||AMAZONAS-LETICIA|||23478|ALCALDIA DE LETICIA|AMAZONAS|LETICIA|RELLENO SANITARIO LETICIA|394291001|2015-08-29|Relleno sanitario|-699930800|-39999999.0|"29|MUNICIPIO"|"47|CORPORACIÓN PARA EL DESARROLLO SOSTENIBLE DEL SUR DE LA AMAZONIA - CORPOAMAZONIA"|Licencia ambiental|178|2015-08-06|2016-12-30|2039-05-06|2022-06-25|16.0|11009.0|"47|CORPORACIÓN PARA EL DESARROLLO SOSTENIBLE DEL SUR DE LA AMAZONIA - CORPOAMAZONIA"|390|2013-05-10|2016-12-30|2016-01-01|2017-01-31|0.0
61|2021||ANTIOQUIA-FRONTINO|||793|EMPRESA DE SERVICIOS PUBLICOS  DE FRONTINO E.S.P. FRONTINO|ANTIOQUIA|FRONTINO|PARQUE DE APROVECHAMIENTO DE RESIDUOS SOLIDOS LA ESPERANZA|960005284|2013-06-08|Relleno sanitario|-761180553|68064444.0|"29|MUNICIPIO"|"65|CORPORACIÓN PARA EL DESARROLLO SOSTENIBLE DEL URABÁ ¿ CORPOURABA"|Licencia ambiental|200-03-20-02-0649-2010|2010-05-20|2038-06-08|2038-06-08|2022-06-25|15.0|1.5664e+16|"65|CORPORACIÓN PARA EL DESARROLLO SOSTENIBLE DEL URABÁ ¿ CORPOURABA"|200-03-20-02-0649-2010|2010-05-20|2038-06-08|2016-01-01|2018-06-27|0.0
62|2021||ANTIOQUIA-GIRALDO|||25524|EMPRESA DE SERVICIOS PUBLICOS DOMICILIARIOS DE GIRALDO S.A. E.S.P |ANTIOQUIA|GIRALDO|GIRALDO|2474705306|2010-06-10|botadero a cielo abierto|-759470560|66747220.0|"29|MUNICIPIO"|"65|CORPORACIÓN PARA EL DESARROLLO SOSTENIBLE DEL URABÁ ¿ CORPOURABA"|Licencia ambiental|200-03-20-02-0652-2010|2010-05-05|2022-12-30|2022-12-30|2022-06-25|0.0|15000.0|"65|CORPORACIÓN PARA EL DESARROLLO SOSTENIBLE DEL URABÁ ¿ CORPOURABA"|200-03-20-02-0652-2010|2010-05-05|2022-12-30|2016-01-01|2021-10-08|0.0
63|2021|59755.0|PUTUMAYO-MOCOA|9140.92|0.0|28511|EMPRESA METROPOLITANA DE ASEO DEL PUTUMAYO S.A.S. E.S.P.|PUTUMAYO|MOCOA|RELLENO SANITARIO VEREDA MEDIO AFAN|570586001|2015-02-01|Relleno sanitario|-763800284|11038698.0|"29|MUNICIPIO"|"47|CORPORACIÓN PARA EL DESARROLLO SOSTENIBLE DEL SUR DE LA AMAZONIA - CORPOAMAZONIA"|Licencia ambiental|696|2018-06-06|2043-09-09|2043-09-09|2022-06-25|21.0|657000.0|"47|CORPORACIÓN PARA EL DESARROLLO SOSTENIBLE DEL SUR DE LA AMAZONIA - CORPOAMAZONIA"|696|2018-06-06|2043-09-09|2016-04-01|2019-11-22|0.0
64|2021||CAQUETA-SAN VICENTE DEL CAGUAN|||31893|SOLUCIONES AMBIENTALES INTEGRALES DE LA AMAZONIA S.A. E.S.P.|CAQUETA|SAN VICENTE DEL CAGUAN|RELLENO SANITARIO YOTUEL|1098418753|2013-12-06|Relleno sanitario|-748425000|20748611.0|"28|EMPRESA OPERADORA"|"47|CORPORACIÓN PARA EL DESARROLLO SOSTENIBLE DEL SUR DE LA AMAZONIA - CORPOAMAZONIA"|Licencia ambiental|2|2012-01-12|2036-02-28|2036-02-28|2022-06-25|13.0|159870.0|"47|CORPORACIÓN PARA EL DESARROLLO SOSTENIBLE DEL SUR DE LA AMAZONIA - CORPOAMAZONIA"|2|2012-01-12|2036-02-28|2016-04-01|2018-12-12|0.0
65|2021||ANTIOQUIA-GRANADA|||2356|EMPRESA DE SERVICIOS PÚBLICOS DE GRANADA|ANTIOQUIA|GRANADA|GRANADA|1321505313|2010-12-29|Relleno sanitario|-751645920|61471970.0|"29|MUNICIPIO"|"41|CORPORACIÓN AUTÓNOMA REGIONAL DE LOS RÍOS NEGRO Y NARE - CORNARE"|Licencia ambiental|112-8091|2010-12-29|2030-12-29|2030-12-29|2022-06-25|8.0|38275.0|"41|CORPORACIÓN AUTÓNOMA REGIONAL DE LOS RÍOS NEGRO Y NARE - CORNARE"|112-1183|2018-03-12|2030-12-29|2018-11-01|2019-08-21|0.0
66|2021||ANTIOQUIA-GUATAPE|||1149|EMPRESA DE SERVICIOS  PUBLICOS DE GUATAPE S.A.S E.S.P|ANTIOQUIA|GUATAPE|RELLENO SANITARIO MIRAFLORES|2580905321|1999-09-07|Relleno sanitario|-758833330|64666660.0|"29|MUNICIPIO"|"41|CORPORACIÓN AUTÓNOMA REGIONAL DE LOS RÍOS NEGRO Y NARE - CORNARE"|Licencia ambiental|4110|1999-09-07|2030-12-31|2030-12-31|2022-06-25|8.0|200000.0|"41|CORPORACIÓN AUTÓNOMA REGIONAL DE LOS RÍOS NEGRO Y NARE - CORNARE"|132-0001|2015-01-21|2025-01-20|2016-04-30|2021-11-25|0.0
67|2021||ANTIOQUIA-LA UNION|||91|EMPRESA DE SERVICIOS PUBLICOS LA UNION S.A E.S.P.|ANTIOQUIA|LA UNION|RELLENO SANITARIO BUENA VISTA|2664905400|1991-08-25|Relleno sanitario|-753500000|59500000.0|"29|MUNICIPIO"|"41|CORPORACIÓN AUTÓNOMA REGIONAL DE LOS RÍOS NEGRO Y NARE - CORNARE"|Aprobacion PMA|112-3538|2009-07-28|2036-07-28|2036-07-28|2022-06-25|14.0|44886.0|"41|CORPORACIÓN AUTÓNOMA REGIONAL DE LOS RÍOS NEGRO Y NARE - CORNARE"|131-0699|2015-10-19|2036-10-19|2016-04-29|2022-01-19|0.0
68|2021||ANTIOQUIA-MACEO|||23336|EMPRESA DE SERVICIOS PUBLICOS DE MACEO S.A.S  E.S.P.|ANTIOQUIA|MACEO|TINAJAS|2241805425|2010-04-01|Relleno sanitario|-748178783|65844363.0|"28|EMPRESA OPERADORA"|"53|CORPORACIÓN AUTÓNOMA REGIONAL DEL CENTRO DE ANTIOQUIA -  CORANTIOQUIA"|Licencia ambiental|130ZF2478|2006-11-21|2036-11-21|2040-11-21|2022-06-25|18.0|9699000000000000.0|"53|CORPORACIÓN AUTÓNOMA REGIONAL DEL CENTRO DE ANTIOQUIA -  CORANTIOQUIA"|130ZF2478|2006-11-21|2036-11-21|2016-01-01|2021-06-24|0.0
69|2021||ANTIOQUIA-PENOL|||794|AGUAS Y ASEO DE EL PEÑOL E.S.P.|ANTIOQUIA|PENOL|LAS HOYERAS|2633605541|2002-07-26|Relleno sanitario|-759500000|65166670.0|"29|MUNICIPIO"|"41|CORPORACIÓN AUTÓNOMA REGIONAL DE LOS RÍOS NEGRO Y NARE - CORNARE"|Licencia ambiental|2501|2002-07-26|2034-12-31|2034-12-31|2022-06-25|12.0|90093.0|"92|NO CUENTA CON PERMISO DE VERTIMIENTO DE LIXIVIADOS"||||2016-04-30|2021-12-22|0.0
70|2021||ANTIOQUIA-PEQUE|||26547|EMPRESA DE SERVICIOS PUBLICOS DOMICILIARIOS DEL MUNICIPIO DE PEQUE ANTIOQUIA S.A E.S.P |ANTIOQUIA|PEQUE|LA GRANJA|797505543|1990-08-01|botadero a cielo abierto|-750913500|70221944.0|"29|MUNICIPIO"|"75|NO CUENTA CON PERMISO AMBIENTAL"||||||2022-06-25||3363.0|"92|NO CUENTA CON PERMISO DE VERTIMIENTO DE LIXIVIADOS"||||2016-01-01|2017-12-12|0.0
71|2021||ANTIOQUIA-PUERTO BERRIO|||2150|AGUAS DEL PUERTO S.A E.S.P|ANTIOQUIA|PUERTO BERRIO|LA TABACA|625405579|2006-02-01|Relleno sanitario|-744596580|65502300.0|"31|OTRA PERSONA NATURAL O JURIDICA"|"53|CORPORACIÓN AUTÓNOMA REGIONAL DEL CENTRO DE ANTIOQUIA -  CORANTIOQUIA"|Licencia ambiental|130ZF-4111|2010-09-08|2021-09-02|2027-09-02|2022-06-25|5.0|347294.0|"53|CORPORACIÓN AUTÓNOMA REGIONAL DEL CENTRO DE ANTIOQUIA -  CORANTIOQUIA"|130ZF-4111|2010-09-02|2021-09-02|2016-04-30|2017-07-27|0.0
72|2021||ANTIOQUIA-REMEDIOS|||30011|AGUAS Y SERVICIOS DEL ITE  S.A.S   E.S.P.|ANTIOQUIA|REMEDIOS|PARQUE AMBIENTAL PARAJE PUENTE ROTO|2246805604|2014-04-10|Relleno sanitario|-746834784|70207764.0|"29|MUNICIPIO"|"53|CORPORACIÓN AUTÓNOMA REGIONAL DEL CENTRO DE ANTIOQUIA -  CORANTIOQUIA"|Licencia ambiental|13OZF-15016940|2015-01-08|2018-04-10|2026-03-01|2022-06-25|3.0|54322.0|"53|CORPORACIÓN AUTÓNOMA REGIONAL DEL CENTRO DE ANTIOQUIA -  CORANTIOQUIA"|13OZF-15016940|2015-01-08|2018-04-10|2019-11-20|2021-06-25|0.0
73|2021||ANTIOQUIA-SABANALARGA|||22745|EMPRESA DE SERVICIOS PUBLICOS DOMICILIAMRIOS DEL MUNICIPIO DE SABANALARGA S.A E.S.P |ANTIOQUIA|SABANALARGA|PARQUE AMBIENTAL Y ECOLOGICO EL JUNQUITO|1832705628|2000-10-02|Relleno sanitario|-754827000|65118000.0|"29|MUNICIPIO"|"53|CORPORACIÓN AUTÓNOMA REGIONAL DEL CENTRO DE ANTIOQUIA -  CORANTIOQUIA"|Licencia ambiental|130HX-1307-6659|2013-07-31|2023-07-31|2023-07-31|2022-06-25|1.0|4446.0|"53|CORPORACIÓN AUTÓNOMA REGIONAL DEL CENTRO DE ANTIOQUIA -  CORANTIOQUIA"|130HX-1307-6659|2013-07-31|2023-07-31|2019-01-01|2020-12-08|0.0
74|2021|39990.0|ANTIOQUIA-SEGOVIA|14436.7|0.0|21861|SEGOVIA ASEO S.A.  E.S.P.|ANTIOQUIA|SEGOVIA|LA VERA|833805736|2007-08-15|Relleno sanitario|-747130000|70810000.0|"29|MUNICIPIO"|"53|CORPORACIÓN AUTÓNOMA REGIONAL DEL CENTRO DE ANTIOQUIA -  CORANTIOQUIA"|Licencia ambiental|9900204|1999-12-06|2017-12-06|2017-12-06|2022-06-25|0.0|98280.0|"53|CORPORACIÓN AUTÓNOMA REGIONAL DEL CENTRO DE ANTIOQUIA -  CORANTIOQUIA"|9900204|1999-12-06|2017-12-06|2017-12-06|2018-02-19|0.0
75|2021||ANTIOQUIA-SAN ANDRES DE CUERQUIA|||23363|EMPRESAS PUBLICAS DE SAN ANDRES DE CUERQUIA SA ESP|ANTIOQUIA|SAN ANDRES DE CUERQUIA|AGUAS VIVAS|2410005647|2002-03-12|Relleno sanitario|-750000000|60000000.0|"29|MUNICIPIO"|"53|CORPORACIÓN AUTÓNOMA REGIONAL DEL CENTRO DE ANTIOQUIA -  CORANTIOQUIA"|Licencia ambiental|130TH-4307|2002-03-12|2020-03-08|2020-03-08|2022-06-25|0.0|20000.0|"92|NO CUENTA CON PERMISO DE VERTIMIENTO DE LIXIVIADOS"||||2016-04-01|2021-09-02|0.0
76|2021||ANTIOQUIA-SAN CARLOS|||20109|UNIDAD DE SERVICIOS PUBLICOS DOMICILIARIOS DEL MUNICIPIO DE SAN CARLOS AGUAS Y ASEO DEL TABOR|ANTIOQUIA|SAN CARLOS|EL CAIMO|625705649|1990-03-21|Relleno sanitario|-749559550|61949980.0|"29|MUNICIPIO"|"41|CORPORACIÓN AUTÓNOMA REGIONAL DE LOS RÍOS NEGRO Y NARE - CORNARE"|Licencia ambiental|2139|1999-05-14|2018-12-31|2018-12-31|2022-06-25|0.0|176901.0|"41|CORPORACIÓN AUTÓNOMA REGIONAL DE LOS RÍOS NEGRO Y NARE - CORNARE"|2139|1999-05-14|2018-12-31|2016-07-19|2017-07-28|0.0
77|2021||ANTIOQUIA-SAN FRANCISCO|||26742|EMPRESA DE SERVICIOS PUBLICOS DE SAN FRANCISCO ANTIOQUIA SAS ESP|ANTIOQUIA|SAN FRANCISCO|EL PAJUI|644205652|2013-10-01|Relleno sanitario|-756712000|55755000.0|"29|MUNICIPIO"|"41|CORPORACIÓN AUTÓNOMA REGIONAL DE LOS RÍOS NEGRO Y NARE - CORNARE"|Licencia ambiental|112-0479|2010-11-03|2018-01-03|2018-01-03|2022-06-25|0.0|2.441e+16|"92|NO CUENTA CON PERMISO DE VERTIMIENTO DE LIXIVIADOS"||||2017-01-01|2017-08-10|0.0
78|2021||ANTIOQUIA-SAN JOSE DE LA MONTANA|||706|UNIDAD DE SERVICIOS PUBLICOS DOMICILIARIOS DEL MUNICIPIO DE SAN JOSE DE LA MONTAÑA|ANTIOQUIA|SAN JOSE DE LA MONTANA|LOS ROBLES|623705658|2004-01-04|Relleno sanitario|-668583010|137571470.0|"29|MUNICIPIO"|"53|CORPORACIÓN AUTÓNOMA REGIONAL DEL CENTRO DE ANTIOQUIA -  CORANTIOQUIA"|Licencia ambiental|2843|2003-12-10|2022-12-10|2024-12-10|2022-06-25|2.0|50000.0|"53|CORPORACIÓN AUTÓNOMA REGIONAL DEL CENTRO DE ANTIOQUIA -  CORANTIOQUIA"|1104-8263|2011-04-15|2022-04-15|2016-08-10|2017-07-26|0.0
79|2021||ANTIOQUIA-SAN LUIS|||26072|EMPRESAS PUBLICAS DE SAN LUIS S.A.S. E.S.P.|ANTIOQUIA|SAN LUIS|SAN FRANCISCO|1335305660|2013-08-27|Relleno sanitario|-750073600|60486380.0|"29|MUNICIPIO"|"41|CORPORACIÓN AUTÓNOMA REGIONAL DE LOS RÍOS NEGRO Y NARE - CORNARE"|Licencia ambiental|1123265|2013-08-27|2025-08-26|2025-08-26|2022-06-25|3.0|19907.0|"41|CORPORACIÓN AUTÓNOMA REGIONAL DE LOS RÍOS NEGRO Y NARE - CORNARE"|1123265|2013-08-27|2025-08-26|2016-01-01|2019-09-06|0.0
80|2021||ANTIOQUIA-SAN VICENTE FERRER|||1405|SECRETARIA DE SERVICIOS PUBLICOS MUNICIPIO DE SAN VICENTE |ANTIOQUIA|SAN VICENTE FERRER|GRANJA EXPERIMENTAL DE RESIDUOS SOLIDOS|994005674|1993-01-01|Relleno sanitario|-751956000|61655000.0|"29|MUNICIPIO"|"41|CORPORACIÓN AUTÓNOMA REGIONAL DE LOS RÍOS NEGRO Y NARE - CORNARE"|Licencia ambiental|112-5337|2003-02-27|2024-02-27|2024-02-27|2022-06-25|1.0|27317.0|"92|NO CUENTA CON PERMISO DE VERTIMIENTO DE LIXIVIADOS"||||2016-04-01|2018-08-06|0.0
81|2021||ANTIOQUIA-TAMESIS|||26842|EMPRESA DE SERVICIOS PUBLICOS DOMICILIARIOS TAMESIS ESP SAS|ANTIOQUIA|TAMESIS|SANTA TERESA|2544905789|2002-12-31|Relleno sanitario|-762906660|61183330.0|"29|MUNICIPIO"|"53|CORPORACIÓN AUTÓNOMA REGIONAL DEL CENTRO DE ANTIOQUIA -  CORANTIOQUIA"|Licencia ambiental|160-CA-15069407|2015-06-23|2021-08-28|2024-12-31|2022-06-25|2.0|14091.0|"92|NO CUENTA CON PERMISO DE VERTIMIENTO DE LIXIVIADOS"||||2016-04-30|2021-11-09|0.0
82|2021|44885.0|ANTIOQUIA-ANDES|4137.0|0.0|26991|EMPRESA DE SERVICIOS PUBLICOS DE ANDES S.A E.S.P|ANTIOQUIA|ANDES|ALTO DEL RAYO|1206505034|2014-07-01|Relleno sanitario|-758896500|56874500.0|"29|MUNICIPIO"|"53|CORPORACIÓN AUTÓNOMA REGIONAL DEL CENTRO DE ANTIOQUIA -  CORANTIOQUIA"|Licencia ambiental|140810974|2014-08-15|2017-08-14|2017-08-14|2022-06-25|0.0|40797.0|"53|CORPORACIÓN AUTÓNOMA REGIONAL DEL CENTRO DE ANTIOQUIA -  CORANTIOQUIA"|140810974|2014-08-15|2017-08-14|2016-04-16|2019-04-24|0.0
83|2021||ANTIOQUIA-TARSO|||22823|EMPRESA DE SERVICIOS PUBLICOS DE TARSO S.A. E.S.P.|ANTIOQUIA|TARSO|LOS GUAYACANES|2815005792|2011-04-07|Relleno sanitario|-754908000|55070000.0|"31|OTRA PERSONA NATURAL O JURIDICA"|"53|CORPORACIÓN AUTÓNOMA REGIONAL DEL CENTRO DE ANTIOQUIA -  CORANTIOQUIA"|Licencia ambiental|130 CA-11046662|2011-04-07|2029-04-07|2031-04-07|2022-06-25|8.0|8434.0|"92|NO CUENTA CON PERMISO DE VERTIMIENTO DE LIXIVIADOS"||||2021-06-01|2022-04-05|0.0
84|2021||ANTIOQUIA-YALI|||22948|SERVICIOS PUBLICOS YALÍ S.A. E.S.P.|ANTIOQUIA|YALI|LA AURORA|1224705885|2009-08-20|Relleno sanitario|-748565720|66832820.0|"29|MUNICIPIO"|"53|CORPORACIÓN AUTÓNOMA REGIONAL DEL CENTRO DE ANTIOQUIA -  CORANTIOQUIA"|Licencia ambiental|130ZF-2949|2007-11-01|2028-11-25|2028-11-25|2022-06-25|6.0|36059.0|"53|CORPORACIÓN AUTÓNOMA REGIONAL DEL CENTRO DE ANTIOQUIA -  CORANTIOQUIA"|130ZF-2949|2007-11-01|2028-11-25|2017-01-01|2019-05-21|0.0
85|2021|450074.0|CALDAS-MANIZALES|136677.23999999996|1715.33|626|EMPRESA METROPOLITANA DE ASEO S.A.  E.S.P.|CALDAS|MANIZALES|LA ESMERALDA MANIZALES|208117001|1995-02-16|Relleno sanitario|-755089250|50803556.0|"29|MUNICIPIO"|"54|CORPORACIÓN AUTÓNOMA REGIONAL DE CALDAS - CORPOCALDAS"|Aprobacion PMA|1348-2020|2020-09-07|2034-09-07|2034-09-07|2022-06-25|12.0|2490000.0|"54|CORPORACIÓN AUTÓNOMA REGIONAL DE CALDAS - CORPOCALDAS"|1348-2020|2020-09-07|2034-09-07|2016-04-01|2021-08-31|0.012394668297582742
86|2021|74655.0|CALDAS-LA DORADA|17619.0|145.14|3021|EMPRESA DE SERVICIOS PUBLICOS DE LA DORADA E.S.P.|CALDAS|LA DORADA|LA DORADITA|680417380|2001-08-01|Relleno sanitario|-747000000|55600000.0|"29|MUNICIPIO"|"54|CORPORACIÓN AUTÓNOMA REGIONAL DE CALDAS - CORPOCALDAS"|Licencia ambiental|491|2012-09-27|2031-09-27|2031-12-27|2022-06-25|9.0|615000.0|"54|CORPORACIÓN AUTÓNOMA REGIONAL DE CALDAS - CORPOCALDAS"|491|2012-09-27|2031-12-27|2017-01-01|2017-08-29|0.008170392712509583
87|2021||ANTIOQUIA-YONDO|||2639|AGUAS & ASEO YONDO SA ESP |ANTIOQUIA|YONDO|LAS AMERICAS|2220805893|2016-01-01|Relleno sanitario|-735542956|70353980.0|"29|MUNICIPIO"|"53|CORPORACIÓN AUTÓNOMA REGIONAL DEL CENTRO DE ANTIOQUIA -  CORANTIOQUIA"|Licencia ambiental|130FZ13115219|2013-11-12|2023-11-12|2023-12-31|2022-06-25|1.0|81147.0|"53|CORPORACIÓN AUTÓNOMA REGIONAL DEL CENTRO DE ANTIOQUIA -  CORANTIOQUIA"|13116219|2013-11-12|2023-11-12|2018-06-01|2021-06-18|0.0
88|2021|84734.0|ANTIOQUIA-CALDAS|17428.721999999998|1149.83|20521|EMPRESAS PUBLICAS DE JARDIN S.A.  E.S.P. - EPJ|ANTIOQUIA|CALDAS|LOS EUCALIPTOS ANTIOQUIA|2180705129|2007-11-01|Relleno sanitario|-750000000|60000000.0|"29|MUNICIPIO"|"54|CORPORACIÓN AUTÓNOMA REGIONAL DE CALDAS - CORPOCALDAS"|Aprobacion PMA|524|2012-10-11|2080-01-01|2080-01-01|2022-06-25|57.0|38000.0|"54|CORPORACIÓN AUTÓNOMA REGIONAL DE CALDAS - CORPOCALDAS"|0|2016-01-01|2016-12-31|2016-01-01|2021-05-29|0.06189018390668983
89|2021||ARAUCA-FORTUL|||2182|EMPRESA COMUNITARIA DE ACUEDUCTO, ALCANTARILLADO Y ASEO URBANO Y RURAL DEL MUNICIPIO DE FORTUL|ARAUCA|FORTUL|CELDA SAN PEDRO|705181300|2010-10-01|celda de contingencia|-714654570|64634880.0|"29|MUNICIPIO"|"62|CORPORACIÓN AUTÓNOMA REGIONAL DE LA ORINOQUÍA ¿ CORPORINOQUIA"|Aprobacion PMA|700.41.13-060|2013-11-14|2014-11-14|2017-06-30|2022-06-25|0.0|2250.0|"92|NO CUENTA CON PERMISO DE VERTIMIENTO DE LIXIVIADOS"||||2016-01-01|2017-09-14|0.0
90|2021||ARAUCA-PUERTO RONDON|||39774|EMPRESA DE SERVICIOS PUBLICOS DE PUERTO RONDON SAS ESP|ARAUCA|PUERTO RONDON|RELLENO SANITARIO PUERTO RONDON|2585581591|2010-03-19|Relleno sanitario|-710908000|61708000.0|"29|MUNICIPIO"|"62|CORPORACIÓN AUTÓNOMA REGIONAL DE LA ORINOQUÍA ¿ CORPORINOQUIA"|Licencia ambiental|7004110057|2010-03-19|2025-03-19|2030-03-19|2022-06-25|7.0|19652.0|"62|CORPORACIÓN AUTÓNOMA REGIONAL DE LA ORINOQUÍA ¿ CORPORINOQUIA"|7004110057|2010-03-19|2025-03-19|2016-03-17|2021-11-26|0.0
91|2021|21912.0|SANTANDER-MALAGA|3788.9599999999996|93.82|1001|EMPRESAS PUBLICAS MUNICIPALES DE MALAGA  E.S.P.|SANTANDER|MALAGA|PTRSMALAGA|1104468432|2003-12-29|Relleno sanitario|-727294000|67245400.0|"29|MUNICIPIO"|"55|CORPORACIÓN AUTÓNOMA REGIONAL DE SANTANDER - CAS"|Licencia ambiental|4866|2003-12-29|2033-12-29|2033-12-29|2022-06-25|11.0|33633.0|"55|CORPORACIÓN AUTÓNOMA REGIONAL DE SANTANDER - CAS"|4866|2003-12-29|2033-12-29|2016-04-01|2018-12-17|0.02416309963479775
92|2021||BOLIVAR-SAN JACINTO|||28811|EMPRESA PRESTADORA DEL SERVICIO PUBLICO DE ASEO DE SAN JACINTO |BOLIVAR|SAN JACINTO|RELLENO SANITARIO REGIONAL DEL SAN JACINTO|176513654|2012-11-27|Relleno sanitario|-750997350|98356670.0|"29|MUNICIPIO"|"48|CORPORACIÓN AUTÓNOMA REGIONAL DEL CANAL DEL DIQUE - CARDIQUE"|Licencia ambiental|1170|2011-10-27|2036-10-26|2036-10-26|2022-06-25|14.0|644392.0|"92|NO CUENTA CON PERMISO DE VERTIMIENTO DE LIXIVIADOS"||||2016-04-01|2016-08-23|0.0
93|2021||BOLIVAR-SIMITI|||42698|EMPRESA DE ASEO REGIONAL DEL SUR DE BOLIVAR S.A.S. E.S.P.|BOLIVAR|SIMITI|RELLENO SANITARIO REGIONAL DEL SUR DE BOLIVAR|1241513744|2018-10-01|Relleno sanitario|-739440460|78366220.0|"29|MUNICIPIO"|"66|CORPORACIÓN AUTÓNOMA REGIONAL DEL SUR DE BOLÍVAR ¿ CSB"|Licencia ambiental|224|2010-09-24|2040-09-23|2040-09-23|2022-06-25|18.0|18806.0|"66|CORPORACIÓN AUTÓNOMA REGIONAL DEL SUR DE BOLÍVAR ¿ CSB"|224|2010-09-24|2040-09-23|2018-10-01|2019-06-06|0.0
94|2021||META-GRANADA|||251|EMPRESA DE SERVICIOS PÚBLICOS DE GRANADA ESP -  META|META|GRANADA|GUARATARA|2450850313|2006-01-14|Relleno sanitario|-736876920|35664780.0|"28|EMPRESA OPERADORA"|"56|CORPORACIÓN PARA EL DESARROLLO SOSTENIBLE DEL ÁREA DE MANEJO ESPECIAL DE LA MACARENA - CORMACARENA"|Licencia ambiental|1846|2015-10-14|2016-11-03|2024-11-04|2022-06-25|2.0|246464.0|"56|CORPORACIÓN PARA EL DESARROLLO SOSTENIBLE DEL ÁREA DE MANEJO ESPECIAL DE LA MACARENA - CORMACARENA"|1846|2015-10-14|2016-11-03|2016-04-30|2021-09-27|0.0
95|2021|549922.0|META-VILLAVICENCIO|153576.05999999997|33003.8|806|BIOAGRICOLA DEL LLANO S.A  EMPRESA DE SERVICIOS PUBLICOS|META|VILLAVICENCIO|PARQUE ECOLOGICO RECICLANTE|2250001|2008-01-01|Relleno sanitario|-734418889|41270750.0|"28|EMPRESA OPERADORA"|"56|CORPORACIÓN PARA EL DESARROLLO SOSTENIBLE DEL ÁREA DE MANEJO ESPECIAL DE LA MACARENA - CORMACARENA"|Licencia ambiental|26070982|2007-12-21|2040-12-21|2040-12-21|2022-06-25|18.0|5998525.0|"56|CORPORACIÓN PARA EL DESARROLLO SOSTENIBLE DEL ÁREA DE MANEJO ESPECIAL DE LA MACARENA - CORMACARENA"|26070982|2007-12-21|2040-12-21|2016-04-01|2016-06-01|0.17688833081984306
96|2021||BOYACA-BERBEO|||21284|UNIDAD MUNICIPAL DE SERVICIOS PUBLICOS MUNICIPIO DE BERBEO|BOYACA|BERBEO|RELLENO SANITARIO PIRGUA|1447915090|2014-12-01|Relleno sanitario|-733670000|55330000.0|"28|EMPRESA OPERADORA"|"51|CORPORACIÓN AUTÓNOMA REGIONAL DE BOYACÁ - CORPOBOYACA"|Licencia ambiental|RES 052|2014-12-02|2026-12-09|2026-12-23|2022-06-25|4.0|5000.0|"51|CORPORACIÓN AUTÓNOMA REGIONAL DE BOYACÁ - CORPOBOYACA"|RES 033|2015-02-03|2025-12-17|2019-02-06|2019-12-16|0.0
97|2021|54647.0|NORTE DE SANTANDER-PAMPLONA|12121.0|700.02|739|EMPRESA DE SERVICIOS PUBLICOS DE PAMPLONA S.A. E.S.P.|NORTE DE SANTANDER|PAMPLONA|RELLENOS SANITARIO LA CORTADA|350454518|2010-07-01|Relleno sanitario|-723738880|72266440.0|"28|EMPRESA OPERADORA"|"59|CORPORACIÓN AUTONÓMA REGIONAL DE NORTE DE SANTANDER ¿ CORPONOR"|Licencia ambiental|222|2006-05-02|2026-05-02|2026-05-02|2022-06-25|3.0|172583.0|"59|CORPORACIÓN AUTONÓMA REGIONAL DE NORTE DE SANTANDER ¿ CORPONOR"|222|2006-05-02|2026-05-02|2016-09-01|2016-11-21|0.05459940004773411
98|2021||BOYACA-BUSBANZA|||2095|UNIDAD DE SERVICIOS PUBLICOS DOMICILIARIOS DE BUSBANZA|BOYACA|BUSBANZA|CELDA TRANSITORIA NUMA|789615114|2002-11-25|celda transitoria|-728338140|58305090.0|"29|MUNICIPIO"|"75|NO CUENTA CON PERMISO AMBIENTAL"||||||2022-06-25||152.0|"92|NO CUENTA CON PERMISO DE VERTIMIENTO DE LIXIVIADOS"||||2016-01-01|2017-12-04|0.0
99|2021||BOYACA-GARAGOA|||20359|EMPRESAS PUBLICAS DE GARAGOA S.A. E.S.P|BOYACA|GARAGOA|PLANTA REGIONAL DE RESIDUOS SOLIDOS|330715299|2002-05-02|Relleno sanitario|-733650460|50824530.0|"28|EMPRESA OPERADORA"|"58|CORPORACIÓN AUTÓNOMA REGIONAL DE CHIVOR ¿ CORPOCHIVOR"|Licencia ambiental|224|2002-05-02|2022-05-01|2022-05-01|2022-06-25|0.0|10535.0|"58|CORPORACIÓN AUTÓNOMA REGIONAL DE CHIVOR ¿ CORPOCHIVOR"|223|2014-04-14|2019-06-20|2016-01-01|2016-11-08|0.0
100|2021|37690.0|CASANARE-PAZ DE ARIPORO|4987.68|0.0|866|PAZ DE ARIPORO S.A.  E.S.P.|CASANARE|PAZ DE ARIPORO|EL GAVAN|2363885250|2019-11-11|Relleno sanitario|-719276528|58238528.0|"29|MUNICIPIO"|"62|CORPORACIÓN AUTÓNOMA REGIONAL DE LA ORINOQUÍA ¿ CORPORINOQUIA"|Licencia ambiental|50036181262|2018-08-24|2026-02-24|2026-02-24|2022-06-25|3.0|108892.0|"62|CORPORACIÓN AUTÓNOMA REGIONAL DE LA ORINOQUÍA ¿ CORPORINOQUIA"|500.36.18.1262|2018-08-24|2026-02-24|2019-11-11|2021-08-12|0.0
101|2021||BOYACA-SAN MIGUEL DE SEMA|||23508|ADMINISTRACION PUBLICA COOPERATIVA EMPRESA SOLIDARIA DE SERVICIOS PUBLICOS DEL MUNICIPIO DE SAN MIGUEL DE SEMA|BOYACA|SAN MIGUEL DE SEMA|SITIO DE DISPOSICION FINAL RELLENO SANITARIO|1669315676|2003-12-23|cuerpo de agua|-734322680|53308660.0|"29|MUNICIPIO"|"42|CORPORACIÓN AUTÓNOMA REGIONAL DE CUNDINAMARCA - CAR"|Licencia ambiental|1490|2003-12-23|2020-12-23|2043-12-23|2022-06-25|21.0|3174.0|"92|NO CUENTA CON PERMISO DE VERTIMIENTO DE LIXIVIADOS"||||2016-01-01|2020-08-31|0.0
102|2021||CALDAS-AGUADAS|||21907|EMPRESA REGIONAL DE ACUEDUCTO, ALCANTARILLADO Y ASEO DEL NORTE DE CALDAS S.A., E.S.P.|CALDAS|AGUADAS|LOS EUCALIPTOS CALDAS|1346217013|2007-11-01|Relleno sanitario|-754325417|56046160.0|"28|EMPRESA OPERADORA"|"54|CORPORACIÓN AUTÓNOMA REGIONAL DE CALDAS - CORPOCALDAS"|otro tipo de acto administrativo|524|2012-10-11|2050-10-11|2050-12-31|2022-06-25|28.0|20000.0|"54|CORPORACIÓN AUTÓNOMA REGIONAL DE CALDAS - CORPOCALDAS"|524|2012-10-11|2017-10-11|2016-04-30|2019-09-19|0.0
103|2021||CALDAS-MARMATO|||20025|MUNICIPIO DE MARMATO|CALDAS|MARMATO|LA ESMERALDA MARMATO|368317442|1996-12-18|Relleno sanitario|-750000000|50000000.0|"28|EMPRESA OPERADORA"|"54|CORPORACIÓN AUTÓNOMA REGIONAL DE CALDAS - CORPOCALDAS"|Licencia ambiental|4426|1999-09-20|2019-09-20|2023-09-20|2022-06-25|1.0|0.0|"54|CORPORACIÓN AUTÓNOMA REGIONAL DE CALDAS - CORPOCALDAS"|4426|1999-09-20|2019-09-20|2016-01-01|2016-12-13|0.0
104|2021||CALDAS-MARQUETALIA|||22137|EMPRESA DE SERVICIOS PUBLICOS DEL ORIENTE DE CALDAS S.A. E.S.P.|CALDAS|MARQUETALIA|LA VEGA|677417444|2008-02-01|Relleno sanitario|-750778570|52918730.0|"29|MUNICIPIO"|"54|CORPORACIÓN AUTÓNOMA REGIONAL DE CALDAS - CORPOCALDAS"|Licencia ambiental|80|2015-02-06|2025-02-06|2036-12-31|2022-06-25|14.0|248729.0|"54|CORPORACIÓN AUTÓNOMA REGIONAL DE CALDAS - CORPOCALDAS"|80|2015-02-06|2025-02-06|2017-04-01|2017-08-28|0.0
105|2021||CAQUETA-CARTAGENA DEL CHAIRA|||569|EMPRESA MUNICIPAL DE SERVICIOS PUBLICOS DE CARTAGENA DEL CHAIRA|CAQUETA|CARTAGENA DEL CHAIRA|LA PRADERA|1724818150|2009-12-09|Relleno sanitario|-748537200|13200090.0|"29|MUNICIPIO"|"47|CORPORACIÓN PARA EL DESARROLLO SOSTENIBLE DEL SUR DE LA AMAZONIA - CORPOAMAZONIA"|Licencia ambiental|0100 DEL 2009|2008-12-09|2029-12-09|2029-12-09|2022-06-25|7.0|111897.0|"92|NO CUENTA CON PERMISO DE VERTIMIENTO DE LIXIVIADOS"||||2021-01-01|2020-10-15|0.0
106|2021||CAQUETA-CURILLO|||2787|EMPRESA DE SERVICIOS DE CURILLO   S.A E.S.P|CAQUETA|CURILLO|CHICAO|653118205|2015-03-03|Relleno sanitario|-757586110|10337780.0|"29|MUNICIPIO"|"47|CORPORACIÓN PARA EL DESARROLLO SOSTENIBLE DEL SUR DE LA AMAZONIA - CORPOAMAZONIA"|Licencia ambiental|205|2015-03-03|2043-03-03|2043-03-03|2022-06-25|20.0|7988.0|"92|NO CUENTA CON PERMISO DE VERTIMIENTO DE LIXIVIADOS"||||2016-10-01|2017-08-21|0.0
107|2021||CAQUETA-EL DONCELLO|||25966|EMPRESAS PUBLICAS DE EL DONCELLO S.A.E.S.P.|CAQUETA|EL DONCELLO|EL BOSQUE CAQUETA|2147018247|2010-10-29|Relleno sanitario|-752900000|16400000.0|"29|MUNICIPIO"|"47|CORPORACIÓN PARA EL DESARROLLO SOSTENIBLE DEL SUR DE LA AMAZONIA - CORPOAMAZONIA"|Licencia ambiental|80|2010-10-29|2027-10-29|2027-10-29|2022-06-25|5.0|2.31|"47|CORPORACIÓN PARA EL DESARROLLO SOSTENIBLE DEL SUR DE LA AMAZONIA - CORPOAMAZONIA"|80|2010-10-29|2027-10-29|2021-05-18|2021-05-18|0.0
108|2021||CAQUETA-MILAN|||20696|EMPRESA DE SERVICIOS PUBLICOS DE SAN ANTONIO DE GETUCHA S.A. E.S.P|CAQUETA|MILAN|EL DIAMANTE|2621818460|2011-05-23|Relleno sanitario|-753900000|11100000.0|"29|MUNICIPIO"|"47|CORPORACIÓN PARA EL DESARROLLO SOSTENIBLE DEL SUR DE LA AMAZONIA - CORPOAMAZONIA"|Licencia ambiental|23|2011-05-27|2036-05-27|2036-05-27|2022-06-25|13.0|6.1e+16|"47|CORPORACIÓN PARA EL DESARROLLO SOSTENIBLE DEL SUR DE LA AMAZONIA - CORPOAMAZONIA"|23|2011-05-27|2036-05-27|2016-01-01|2021-12-16|0.0
109|2021||CAQUETA-PUERTO RICO|||20557|AGUA RICA AAA S.A. E.S.P.|CAQUETA|PUERTO RICO|LA MELVA|2146918592|2009-12-21|Relleno sanitario|-752100000|18700000.0|"29|MUNICIPIO"|"47|CORPORACIÓN PARA EL DESARROLLO SOSTENIBLE DEL SUR DE LA AMAZONIA - CORPOAMAZONIA"|Licencia ambiental|107|2009-12-21|2039-12-21|2039-12-21|2022-06-25|17.0|6407.0|"47|CORPORACIÓN PARA EL DESARROLLO SOSTENIBLE DEL SUR DE LA AMAZONIA - CORPOAMAZONIA"|107|2009-12-21|2039-12-21|2021-05-21|2021-05-18|0.0
110|2021||CAQUETA-SAN JOSE DEL FRAGUA|||21900|EMPRESA DE SERVICIOS PUBLICOS DE SAN JOSE DE FRAGUA S.A. E.S.P|CAQUETA|SAN JOSE DEL FRAGUA|EL CAIRO|1630718610|2007-10-01|Relleno sanitario|-759661111|12801667.0|"29|MUNICIPIO"|"47|CORPORACIÓN PARA EL DESARROLLO SOSTENIBLE DEL SUR DE LA AMAZONIA - CORPOAMAZONIA"|Licencia ambiental|83|2008-12-16|2038-12-16|2038-12-16|2022-06-25|16.0|48243.0|"47|CORPORACIÓN PARA EL DESARROLLO SOSTENIBLE DEL SUR DE LA AMAZONIA - CORPOAMAZONIA"|83|2008-12-16|2038-12-16|2016-01-01|2020-07-21|0.0
111|2021|50889.0|TOLIMA-CHAPARRAL|5612.299999999999|0.0|1780|EMPRESA DE SERVICIOS PUBLICOS DE CHAPARRAL E.S.P.|TOLIMA|CHAPARRAL|LAS TAPIAS|712273168|1996-06-18|celda transitoria|-759999999|40000000.0|"29|MUNICIPIO"|"68|CORPORACIÓN AUTÓNOMA REGIONAL DEL TOLIMA ¿ CORTOLIMA"|otro tipo de acto administrativo|910|2017-03-21|2019-02-21|2019-02-21|2022-06-25|0.0|18553.0|"68|CORPORACIÓN AUTÓNOMA REGIONAL DEL TOLIMA ¿ CORTOLIMA"||2017-03-21|2019-02-21|2017-08-01|2017-09-22|0.0
112|2021|542724.0|TOLIMA-IBAGUE|164980.58999999994|5117.79|2044|INTERASEO S.A.S.  E.S.P.|TOLIMA|IBAGUE|LA MIEL|20273001|2004-05-06|Relleno sanitario|-750685000|43622000.0|"28|EMPRESA OPERADORA"|"68|CORPORACIÓN AUTÓNOMA REGIONAL DEL TOLIMA ¿ CORTOLIMA"|Licencia ambiental|927|2014-05-06|2023-12-31|2023-12-31|2022-06-25|1.0|2286246.0|"68|CORPORACIÓN AUTÓNOMA REGIONAL DEL TOLIMA ¿ CORTOLIMA"|289|2005-03-18|2021-02-05|2016-04-01|2020-05-21|0.030087235398714565
113|2021||CAQUETA-SOLANO|||26158|AGUAS DE CHIRIBIQUETE S.A.S. ESP.|CAQUETA|SOLANO|EL AMARILLO|964018756|2012-10-16|Relleno sanitario|-752537643|0.699307|"29|MUNICIPIO"|"75|NO CUENTA CON PERMISO AMBIENTAL"||||||2022-06-25||30000.0|"92|NO CUENTA CON PERMISO DE VERTIMIENTO DE LIXIVIADOS"||||2016-02-01|2018-07-02|0.0
114|2021|313508.0|VALLE DEL CAUCA-BUENAVENTURA|70276.23|72.95|20286|BUENAVENTURA MEDIO AMBIENTE S.A. E.S.P.|VALLE DEL CAUCA|BUENAVENTURA|CELDA CORDOBA|1717676109|2018-12-28|celda de contingencia|-769136794|38789041.0|"31|OTRA PERSONA NATURAL O JURIDICA"|"69|CORPORACIÓN AUTÓNOMA REGIONAL DEL VALLE DEL CAUCA ¿ CVC"|otro tipo de acto administrativo|0753-96240-2018|2018-12-26|2023-04-26|2023-04-26|2022-06-25|0.0|277577.0|"69|CORPORACIÓN AUTÓNOMA REGIONAL DEL VALLE DEL CAUCA ¿ CVC"|0750-73672018|2018-02-16|2023-02-16|2020-04-01|2020-10-05|0.0010369701537388213
115|2021||CASANARE-OROCUE|||22511|EMPRESA MUNICIPAL DE SERVICIOS PUBLICOS DE OROCUE SA ESP|CASANARE|OROCUE|RELLENO SANITARIO EL BOGANTE|707485230|2005-12-16|Relleno sanitario|-819999999|71215532.0|"29|MUNICIPIO"|"62|CORPORACIÓN AUTÓNOMA REGIONAL DE LA ORINOQUÍA ¿ CORPORINOQUIA"|Licencia ambiental|200.15.05.0969|2005-12-16|2041-09-11|2041-09-11|2022-06-25|19.0|1323.0|"62|CORPORACIÓN AUTÓNOMA REGIONAL DE LA ORINOQUÍA ¿ CORPORINOQUIA"|200.15.05.0969|2005-12-16|2041-09-11|2041-09-11|2017-09-19|0.0
116|2021||CASANARE-TAURAMENA|||641|EMPRESA MUNICIPAL DE SERVICIOS PÚBLICOS DE TAURAMENA S.A. E.S.P.|CASANARE|TAURAMENA|PLANTA INDUSTRIAL PROCESADORA DE RESIDUOS SOLIDOS|2871285410|2009-09-01|Relleno sanitario|-727591667|50336111.0|"29|MUNICIPIO"|"62|CORPORACIÓN AUTÓNOMA REGIONAL DE LA ORINOQUÍA ¿ CORPORINOQUIA"|Licencia ambiental|20041091227|2009-09-01|2039-09-02|2039-09-02|2022-06-25|17.0|237679.0|"62|CORPORACIÓN AUTÓNOMA REGIONAL DE LA ORINOQUÍA ¿ CORPORINOQUIA"|20041091227|2009-09-01|2039-09-02|2039-09-02|2022-05-13|0.0
117|2021|392567.0|NARINO-PASTO|114103.97000000003|1911.83|1876|EMPRESA METROPOLITANA DE ASEO DE PASTO S.A.  E.S.P. |NARINO|PASTO|ANTANAS PASTO |561052001|2004-10-18|Relleno sanitario|-772612740|12768950.0|"29|MUNICIPIO"|"70|CORPORACIÓN AUTÓNOMA REGIONAL DE NARIÑO - CORPONARIÑO"|Licencia ambiental|277|2003-09-29|2033-12-31|2033-12-31|2022-06-25|11.0|3867571.0|"70|CORPORACIÓN AUTÓNOMA REGIONAL DE NARIÑO - CORPONARIÑO"|128|2010-01-29|2020-07-08|2016-04-01|2017-05-31|0.01647904854338805
118|2021||CAUCA-CORINTO|||643|EMPRESA DE ACUEDUCTO, ALCANTARILLADO Y ASEO DE CORINTO CAUCA|CAUCA|CORINTO|CELDA TRANSITORIA GRANADITA|811519212|2013-07-01|celda transitoria|-761500000|31000000.0|"31|OTRA PERSONA NATURAL O JURIDICA"|"60|CORPORACIÓN AUTÓNOMA REGIONAL DEL CAUCA ¿ CRC"|Aprobacion PMA|5872|2013-06-19|2018-06-17|2018-06-17|2022-06-25|0.0|24128.0|"60|CORPORACIÓN AUTÓNOMA REGIONAL DEL CAUCA ¿ CRC"|5872|2013-06-19|2018-06-17|2016-01-01|2018-01-09|0.0
119|2021||CHOCO-ALTO BAUDO|||32194|EMPRESA DE SERVICIOS PUBLICOS DEL ALTO BAUDO E.S.P. S.A.S.|CHOCO|ALTO BAUDO|CAMPO NUEVO|2275427025|2016-01-01|Relleno sanitario|-765819929|53110444.0|"29|MUNICIPIO"|"46|CORPORACIÓN AUTÓNOMA REGIONAL PARA EL DESARROLLO SOSTENIBLE DEL CHOCÓ - CODECHOCHO"|Licencia ambiental|1381|2012-09-25|2021-12-31|2021-12-31|2022-06-25|0.0|1500.0|"92|NO CUENTA CON PERMISO DE VERTIMIENTO DE LIXIVIADOS"||||2016-01-01|2021-07-08|0.0
120|2021||CHOCO-EL CARMEN DE ATRATO|||23463|AGUAS DEL CARMELO A.S E.S.P|CHOCO|EL CARMEN DE ATRATO|LA ARBOLEDA|969427245|2014-09-22|Relleno sanitario|-761427500|58507220.0|"29|MUNICIPIO"|"46|CORPORACIÓN AUTÓNOMA REGIONAL PARA EL DESARROLLO SOSTENIBLE DEL CHOCÓ - CODECHOCHO"|Licencia ambiental|1379|2012-09-25|2022-09-25|2042-09-25|2022-06-25|20.0|240000.0|"46|CORPORACIÓN AUTÓNOMA REGIONAL PARA EL DESARROLLO SOSTENIBLE DEL CHOCÓ - CODECHOCHO"|1379|2012-09-25|2022-09-25|2016-04-30|2018-07-06|0.0
121|2021||CHOCO-ISTMINA|||24811|EMPRESA DE SERVICIOS PUBLICOS DOMICILIARIOS AGUAS DEL SAN JUAN S.A. E.S.P.|CHOCO|ISTMINA|EL CHONTADURO|2356927361|2012-01-01|botadero a cielo abierto|-766784180|51273400.0|"31|OTRA PERSONA NATURAL O JURIDICA"|"75|NO CUENTA CON PERMISO AMBIENTAL"||||||2022-06-25||45864.0|"92|NO CUENTA CON PERMISO DE VERTIMIENTO DE LIXIVIADOS"||||2016-01-01|2021-08-10|0.0
122|2021|68235.0|ATLANTICO-GALAPA|12755.5|0.0|82|SOCIEDAD DE ACUEDUCTO, ALCANTARILLADO Y ASEO DE BARRANQUILLA S.A. E.S.P.|ATLANTICO|GALAPA|RELLENO SANITARIO PARQUE AMBIENTAL LOS POCITOS|644108296|2009-03-01|Relleno sanitario|-749246330|109346310.0|"28|EMPRESA OPERADORA"|"71|CORPORACIÓN AUTÓNOMA REGIONAL DEL ATLÁNTICO ¿ CRA"|Licencia ambiental|RES 694 DE 2016|2016-10-04|2039-05-01|2039-05-02|2022-06-25|16.0|20018534.5|"92|NO CUENTA CON PERMISO DE VERTIMIENTO DE LIXIVIADOS"||||2016-04-01|2020-03-02|0.0
123|2021||CHOCO-JURADO|||26591|"ASOCIACION DE USUARIOS DE LOS SERVICIOS PUBLICOS DOMICILIARIOS DE ACUEDUCTO, ALCANTARILLADO Y ASEO  ""AGUAS DE JURADO O.A. E.S.P."""|CHOCO|JURADO|BOCA VIEJA|2819127372|2014-07-01|Relleno sanitario|-777704635|71119345.0|"29|MUNICIPIO"|"46|CORPORACIÓN AUTÓNOMA REGIONAL PARA EL DESARROLLO SOSTENIBLE DEL CHOCÓ - CODECHOCHO"|Licencia ambiental|141|2014-02-03|2034-02-02|2034-02-02|2022-06-25|11.0|2300.0|"92|NO CUENTA CON PERMISO DE VERTIMIENTO DE LIXIVIADOS"||||2021-07-01|2022-04-07|0.0
124|2021|31355.0|ANTIOQUIA-URRAO|1528111.785|166.55999999999997|582|EMPRESAS PÚBLICAS  DE URRAO E.S.P.|ANTIOQUIA|URRAO|PARQUE AMBIENTAL LAS ORQUIEDAS|16105847|2010-03-12|Relleno sanitario|-761438610|63360550.0|"29|MUNICIPIO"|"65|CORPORACIÓN PARA EL DESARROLLO SOSTENIBLE DEL URABÁ ¿ CORPOURABA"|Licencia ambiental|21003200000000|2008-08-28|2029-10-16|2029-10-16|2022-06-25|7.0|80869.0|"92|NO CUENTA CON PERMISO DE VERTIMIENTO DE LIXIVIADOS"||||2016-04-15|2016-06-10|0.00010898538250242627
125|2021|132059.0|BOYACA-SOGAMOSO|26646.0|8019.620000000002|640|COMPAÑÍA DE SERVICIOS PÚBLICOS DE SOGAMOSO S.A. E.S.P.|BOYACA|SOGAMOSO|RELLENO SANITARIO TERRAZAS DEL PORVENIR|603315759|1994-10-03|Relleno sanitario|-728824674|57552138.0|"28|EMPRESA OPERADORA"|"51|CORPORACIÓN AUTÓNOMA REGIONAL DE BOYACÁ - CORPOBOYACA"|Licencia ambiental|3593|2012-12-07|2027-12-31|2027-12-31|2022-06-25|5.0|1516023.0|"92|NO CUENTA CON PERMISO DE VERTIMIENTO DE LIXIVIADOS"||||2016-04-01|2017-07-07|0.2313421770618844
126|2021|58356.0|BOYACA-CHIQUINQUIRA|12304.859999999997|420.69000000000005|650|EMPRESA INDUSTRIAL Y COMERCIAL DE SERVICIOS PUBLICOS DE CHIQUINQUIRA|BOYACA|CHIQUINQUIRA|CARAPACHO|721815176|2005-07-01|Relleno sanitario|-737317430|56271000.0|"29|MUNICIPIO"|"42|CORPORACIÓN AUTÓNOMA REGIONAL DE CUNDINAMARCA - CAR"|otro tipo de acto administrativo|2530|2015-11-20|2016-05-21|2016-05-21|2022-06-25|0.0|17100.0|"92|NO CUENTA CON PERMISO DE VERTIMIENTO DE LIXIVIADOS"||||2016-01-01|2017-10-02|0.033058689015406026
127|2021||CHOCO-RIO QUITO|||23097|ADMINISTRACION PUBLICA COOPERATIVA - AGUAS DE RIO QUITO - ESP|CHOCO|RIO QUITO|RELLENO SANITARIO PAIMADO|2073327600|2016-03-30|Relleno sanitario|-767465583|54843045.0|"29|MUNICIPIO"|"46|CORPORACIÓN AUTÓNOMA REGIONAL PARA EL DESARROLLO SOSTENIBLE DEL CHOCÓ - CODECHOCHO"|Licencia ambiental|104|2013-02-22|2043-02-21|2043-02-22|2022-06-25|20.0|22675.8|"92|NO CUENTA CON PERMISO DE VERTIMIENTO DE LIXIVIADOS"||||2020-07-01|2021-04-14|0.0
128|2021||CHOCO-SAN JOSE DEL PALMAR|||1377|EMPRESA DE SERVICIOS PUBLICOS DE SAN JOSE DEL PALMAR|CHOCO|SAN JOSE DEL PALMAR|EL TABOR|1540927660|1995-11-15|botadero a cielo abierto|-762350330|48951940.0|"29|MUNICIPIO"|"46|CORPORACIÓN AUTÓNOMA REGIONAL PARA EL DESARROLLO SOSTENIBLE DEL CHOCÓ - CODECHOCHO"|Licencia ambiental|510|2016-04-10|2016-12-31|2017-12-31|2022-06-25|0.0|93.0|"46|CORPORACIÓN AUTÓNOMA REGIONAL PARA EL DESARROLLO SOSTENIBLE DEL CHOCÓ - CODECHOCHO"|510|2016-04-10|2016-12-31|2016-01-01|2020-04-13|0.0
129|2021||CORDOBA-MONTELIBANO|||2311|EMPRESA DE RECICLAJE, ASEO Y SERVICIOS DE MONTELIBANO S.A. E.S.P.|CORDOBA|MONTELIBANO|RELLENO SANITARIO CERRO MATOSO|712023466|2001-01-01|Relleno sanitario|-755452606|79220705.0|"31|OTRA PERSONA NATURAL O JURIDICA"|"72|CORPORACIÓN AUTÓNOMA REGIONAL DE LAS VALLES DEL SINÚ Y SAN JORGE ¿ CVS"|Licencia ambiental|224|1981-09-30|2029-09-30|2029-09-30|2022-06-25|7.0|9000.0|"72|CORPORACIÓN AUTÓNOMA REGIONAL DE LAS VALLES DEL SINÚ Y SAN JORGE ¿ CVS"|19125|2013-07-15|2018-07-30|2016-09-22|2017-09-22|0.0
130|2021||CUNDINAMARCA-APULO|||23491|EMPRESA DE SERVICIOS DE ACUEDUCTO, ALCANTARILLADO Y ASEO DEL MUNICIPIO DE APULO S.A. E.S.P.  EMPOAPULO S.A. E.S.P. |CUNDINAMARCA|APULO|RELLENO SANITARIO PARQUE ECOLÓGICO PRADERAS DEL MAGDALENA|652825599|2005-11-01|Relleno sanitario|-748572810|43305780.0|"28|EMPRESA OPERADORA"|"42|CORPORACIÓN AUTÓNOMA REGIONAL DE CUNDINAMARCA - CAR"|Licencia ambiental|408|2005-03-09|2021-03-09|2021-03-09|2022-06-25|0.0|900000000.0|"92|NO CUENTA CON PERMISO DE VERTIMIENTO DE LIXIVIADOS"||||2016-04-01|2017-08-17|0.0
131|2021||CUNDINAMARCA-BOJACA|||21413|NUEVO MONDOÑEDO S.A. E.S.P.|CUNDINAMARCA|BOJACA|RELLENO SANITARIO NUEVO MONDOÑEDO|1137525099|2007-01-15|Relleno sanitario|-742858333|46455556.0|"31|OTRA PERSONA NATURAL O JURIDICA"|"38|AUTORIDAD NACIONAL DE LICENCIAS AMBIENTALES - ANLA"|Licencia ambiental|694|2005-06-03|2029-12-31|2029-12-31|2022-06-25|7.0|7102000.0|"38|AUTORIDAD NACIONAL DE LICENCIAS AMBIENTALES - ANLA"|RESOLUCIÓN NO 2056|2008-11-24|2029-12-31|2016-04-30|2019-01-25|0.0
132|2021||CUNDINAMARCA-CUCUNUBA|||26106|EMPRESA DE SERVICIOS PÚBLICOS DE EL MUNICIPIO DE CUCUNUBÁ SAS ESP|CUNDINAMARCA|CUCUNUBA|RELLENO SANITARIO VDA APOSENTOS|644525224|1999-12-14|Relleno sanitario|-737816380|52248970.0|"29|MUNICIPIO"|"42|CORPORACIÓN AUTÓNOMA REGIONAL DE CUNDINAMARCA - CAR"|Licencia ambiental|5|2000-01-03|2015-01-03|2055-05-31|2022-06-25|32.0|19222.0|"92|NO CUENTA CON PERMISO DE VERTIMIENTO DE LIXIVIADOS"||||2016-04-30|2019-11-26|0.0
133|2021||CUNDINAMARCA-ZIPACON|||22750|EMPRESA DE ACUEDUCTO, ALCANTARILLADO, ASEO Y SERVICIO COMPLEMENTARIOS DE ZIPACON S.A.S E.S.P|CUNDINAMARCA|ZIPACON|NUEVO MONDOÑEDO|312425898|2007-01-17|Relleno sanitario|-742858970|46455280.0|"31|OTRA PERSONA NATURAL O JURIDICA"|"74|MINISTERIO DE MEDIO AMBIENTE"|Licencia ambiental|694|2005-06-05|2027-06-05|2027-06-05|2022-06-25|4.0|1200.0|"74|MINISTERIO DE MEDIO AMBIENTE"|2056|2008-11-24|2027-06-05|2016-01-01|2016-10-28|0.0
134|2021|509558.0|CORDOBA-MONTERIA|145033.76|8394.51|1845|URBASER COLOMBIA S.A. E.S.P.|CORDOBA|MONTERIA|RELLENO SANITARIO LOMA GRANDE|624123001|2016-02-10|Relleno sanitario|-758389883|87069190.0|"28|EMPRESA OPERADORA"|"38|AUTORIDAD NACIONAL DE LICENCIAS AMBIENTALES - ANLA"|Licencia ambiental|569|2015-05-21|2032-09-02|2033-05-25|2022-06-25|10.0|2177321.73|"92|NO CUENTA CON PERMISO DE VERTIMIENTO DE LIXIVIADOS"||||2016-04-01|2017-07-27|0.05471292871906852
135|2021|37966.0|QUINDIO-MONTENEGRO|9481.350000000002|69.37|1845|URBASER COLOMBIA S.A. E.S.P.|QUINDIO|MONTENEGRO|RELLENO SANITARIO PARQUE AMBIENTAL ANDALUCIA|624063470|2015-04-17|Relleno sanitario|-758294081|44575878.0|"28|EMPRESA OPERADORA"|"63|CORPORACIÓN AUTÓNOMA REGIONAL DEL QUINDÍO ¿ CRQ"|Licencia ambiental|67|2013-02-18|2032-05-15|2034-07-12|2022-06-25|12.0|1.55959635999999e+16|"92|NO CUENTA CON PERMISO DE VERTIMIENTO DE LIXIVIADOS"||||2016-04-01|2017-07-27|0.0072633267439522866
136|2021||GUAVIARE-CALAMAR|||4933|UNIDAD DE SERVICIOS PUBLICOS DOMICILIARIOS DEL MUNICIPIO DE CALAMAR - GUAVIARE|GUAVIARE|CALAMAR|RELLENO SANITARIO EL DIAMANTE|716595015|2010-10-04|celda transitoria|-670000000|130203446.0|"29|MUNICIPIO"|"40|CORPORACIÓN PARA EL DESARROLLO SOSTENIBLE DEL NORTE Y ORIENTE AMAZÓNICO - CDA"|Licencia ambiental|190|2009-05-19|2040-05-18|2040-05-18|2022-06-25|17.0|49853.0|"40|CORPORACIÓN PARA EL DESARROLLO SOSTENIBLE DEL NORTE Y ORIENTE AMAZÓNICO - CDA"|190|2009-05-19|2040-05-18|2040-05-18|2017-09-26|0.0
137|2021|69399.0|ANTIOQUIA-LA CEJA|17408.46|1869.6399999999999|2005|EMPRESAS PÚBLICAS DE LA CEJA E.S.P.|ANTIOQUIA|LA CEJA|rancho triste |400305376|1995-07-03|Relleno sanitario|-754379140|59807580.0|"29|MUNICIPIO"|"41|CORPORACIÓN AUTÓNOMA REGIONAL DE LOS RÍOS NEGRO Y NARE - CORNARE"|Aprobacion PMA|1471|1999-04-16|2022-05-19|2022-05-19|2022-06-25|0.0|290903.0|"92|NO CUENTA CON PERMISO DE VERTIMIENTO DE LIXIVIADOS"|||2019-05-10|2016-04-01|2019-10-23|0.09698258645820905
138|2021|31594.0|ATLANTICO-PALMAR DE VARELA|7686.450000000001|1.6199999999999999|2044|INTERASEO S.A.S.  E.S.P.|ATLANTICO|PALMAR DE VARELA|EL CLAVO|20308520|2011-05-05|Relleno sanitario|-748163000|108013800.0|"28|EMPRESA OPERADORA"|"71|CORPORACIÓN AUTÓNOMA REGIONAL DEL ATLÁNTICO ¿ CRA"|Licencia ambiental|672|2010-10-08|2040-05-05|2040-05-05|2022-06-25|17.0|9004988.0|"92|NO CUENTA CON PERMISO DE VERTIMIENTO DE LIXIVIADOS"|0|||2016-04-01|2016-06-14|0.00021071608349039483
139|2021|32574.0|ATLANTICO-SANTO TOMAS|9864.33|0.324|2044|INTERASEO S.A.S.  E.S.P.|ATLANTICO|SANTO TOMAS|LAS MARGARITAS|20908685|2006-01-16|Relleno sanitario|-745583000|104757000.0|"28|EMPRESA OPERADORA"|"71|CORPORACIÓN AUTÓNOMA REGIONAL DEL ATLÁNTICO ¿ CRA"|Licencia ambiental|738|2005-11-23|2023-11-23|2035-11-23|2022-06-25|13.0|2352172.0|"92|NO CUENTA CON PERMISO DE VERTIMIENTO DE LIXIVIADOS"||||2016-04-01|2016-06-14|3.284453767967939e-05
140|2021|45558.0|LA GUAJIRA-FONSECA|11641.356000000002|0.0|2044|INTERASEO S.A.S.  E.S.P.|LA GUAJIRA|FONSECA|REGIONAL SUR DE LA GUAJIRA|20644279|2011-07-01|Relleno sanitario|-727845000|108590000.0|"29|MUNICIPIO"|"61|CORPORACIÓN AUTÓNOMA REGIONAL DE LA GUAJIRA ¿ CORPOGUAJIRA"|Licencia ambiental|1307|2010-06-22|2038-01-06|2038-01-06|2022-06-25|15.0|1722031.0|"92|NO CUENTA CON PERMISO DE VERTIMIENTO DE LIXIVIADOS"|0|||2016-04-01|2016-06-14|0.0
141|2021|206435.0|LA GUAJIRA-RIOHACHA|54602.52000000001|2815.3|2044|INTERASEO S.A.S.  E.S.P.|LA GUAJIRA|RIOHACHA|CELDA DE CONTINGENCIA|20844001|2008-05-27|celda transitoria|-729069000|115441000.0|"29|MUNICIPIO"|"61|CORPORACIÓN AUTÓNOMA REGIONAL DE LA GUAJIRA ¿ CORPOGUAJIRA"|Aprobacion PMA|1616|2018-07-26|2022-04-06|2022-04-06|2022-06-25|0.0|148500.0|"92|NO CUENTA CON PERMISO DE VERTIMIENTO DE LIXIVIADOS"|0||2022-04-06|2016-04-01|2019-07-22|0.04903181625495359
142|2021|42128.0|MAGDALENA-ARACATACA|7229.141999999998|3.24|2044|INTERASEO S.A.S.  E.S.P.|MAGDALENA|ARACATACA|REGIONAL ECOSISTEMA SIERRA NEVADA DE SANTA MARTA|20747053|2009-09-16|Relleno sanitario|-740912000|103111000.0|"29|MUNICIPIO"|"44|CORPORACIÓN AUTÓNOMA REGIONAL DEL MAGDALENA - CORPOMAG"|Licencia ambiental|2564|2008-11-04|2038-11-04|2038-11-04|2022-06-25|16.0|1790390.0|"92|NO CUENTA CON PERMISO DE VERTIMIENTO DE LIXIVIADOS"|0|||2016-04-01|2016-06-14|0.0004479851866231625
143|2021|298062.0|SUCRE-SINCELEJO|79520.28|1870.94|2044|INTERASEO S.A.S.  E.S.P.|SUCRE|SINCELEJO|EL OASIS|20470001|2001-07-06|Relleno sanitario|-753708000|92870000.0|"28|EMPRESA OPERADORA"|"52|CORPORACIÓN AUTÓNOMA REGIONAL DE SUCRE - CARSUCRE"|Licencia ambiental|444|2001-06-06|2025-12-20|2025-12-20|2022-06-25|3.0|0.0|"92|NO CUENTA CON PERMISO DE VERTIMIENTO DE LIXIVIADOS"|0|||2016-04-01|2016-06-14|0.022987000317724687
144|2021|179355.0|CASANARE-YOPAL|46511.22400000001|5540.840000000001|2086|EMPRESA DE ACUEDUCTO, ALCANTARILLADO Y ASEO DE YOPAL  EICE - ESP|CASANARE|YOPAL|EL CASCAJAR|350385001|2000-04-30|Relleno sanitario|-722969806|54141282.0|"28|EMPRESA OPERADORA"|"62|CORPORACIÓN AUTÓNOMA REGIONAL DE LA ORINOQUÍA ¿ CORPORINOQUIA"|Licencia ambiental|200.41.11.1153|2011-06-22|2018-08-31|2018-10-31|2022-06-25|0.0|629783.0|"92|NO CUENTA CON PERMISO DE VERTIMIENTO DE LIXIVIADOS"||||2016-04-01|2019-04-24|0.10644803633531227
145|2021||HUILA-GIGANTE|||22541|EMPRESAS DEL PUEBLO Y PARA EL PUEBLO DE GIGANTE - EMPUGIGANTE S.A. E.S.P.|HUILA|GIGANTE|RELLENO SANITARIO LOS ANGELES GIGANTE |58141306|2009-04-13|Relleno sanitario|-752347490|29985540.0|"31|OTRA PERSONA NATURAL O JURIDICA"|"39|CORPORACIÓN AUTÓNOMA REGIONAL DEL ALTO MAGDALENA - CAM"|Licencia ambiental|2931|2006-12-26|2016-12-26|2016-12-26|2022-06-25|0.0|0.0|"39|CORPORACIÓN AUTÓNOMA REGIONAL DEL ALTO MAGDALENA - CAM"|2931|2006-12-26|2016-12-26|2016-01-04|2016-07-02|0.0
146|2021||HUILA-YAGUARA|||22432|EMPRESAS PUBLICAS DE YAGUARA S.A. E.S.P.|HUILA|YAGUARA|RELLENO SANITARIO LOS ANGELES YAGUARA|368141885|2006-12-26|Relleno sanitario|-751354220|25946000.0|"29|MUNICIPIO"|"39|CORPORACIÓN AUTÓNOMA REGIONAL DEL ALTO MAGDALENA - CAM"|Licencia ambiental|2931|2006-12-26|2016-12-25|2050-12-30|2022-06-25|28.0|3153854.0|"39|CORPORACIÓN AUTÓNOMA REGIONAL DEL ALTO MAGDALENA - CAM"|2931|2006-12-26|2016-12-25|2016-01-01|2016-12-13|0.0
147|2021|544134.0|CESAR-VALLEDUPAR|155237.646|3114.5800000000004|2256|EMPRESA DE SERVICIOS  DE ASEO DE VALLEDUPAR S.A.S. E.S.P. ASEOUPAR S.A.S. E.S.P.|CESAR|VALLEDUPAR|LOS CORAZONES|812020001|1999-12-01|Relleno sanitario|-732434040|105463550.0|"28|EMPRESA OPERADORA"|"57|CORPORACIÓN AUTÓNOMA REGIONAL DEL CESAR ¿ CORPOCESAR"|Licencia ambiental|916|2013-06-28|2028-04-27|2028-04-27|2022-06-25|5.0|2777365.83|"92|NO CUENTA CON PERMISO DE VERTIMIENTO DE LIXIVIADOS"||||2016-04-01|2018-01-10|0.019668684670084778
148|2021|26721.0|ANTIOQUIA-CIUDAD BOLIVAR|4329.960000000001|0.0|2377|EMPRESA PRESTADORA DEL SERVICIO PUBLICO DE ASEO CIUDAD BOLIVAR|ANTIOQUIA|CIUDAD BOLIVAR|CIUDADBOLIVAR|14105101|2001-05-10|Relleno sanitario|-760200000|58000000.0|"29|MUNICIPIO"|"53|CORPORACIÓN AUTÓNOMA REGIONAL DEL CENTRO DE ANTIOQUIA -  CORANTIOQUIA"|Licencia ambiental|CI 740|2000-09-14|2002-09-14|2020-09-14|2022-06-25|0.0|42482.0|"92|NO CUENTA CON PERMISO DE VERTIMIENTO DE LIXIVIADOS"||||2016-04-01|2016-06-10|0.0
149|2021|28674.0|VALLE DEL CAUCA-CAICEDONIA|5554.32|142.86999999999998|2403|EMPRESAS PUBLICAS DE CAICEDONIA E.S.P.|VALLE DEL CAUCA|CAICEDONIA|EL JAZMIN|382576122|1994-12-14|celda de contingencia|-754952000|42012000.0|"29|MUNICIPIO"|"69|CORPORACIÓN AUTÓNOMA REGIONAL DEL VALLE DEL CAUCA ¿ CVC"|otro tipo de acto administrativo|0731-11956-03-2015|2015-03-08|2017-08-30|2019-05-10|2022-06-25|0.0|3500.0|"92|NO CUENTA CON PERMISO DE VERTIMIENTO DE LIXIVIADOS"|||2019-05-10|2016-04-01|2019-08-08|0.025077274937293646
150|2021||MAGDALENA-CIENAGA|||2989|OPERADORES DE SERVICIOS DE LA SIERRA S.A.S. E.S.P.|MAGDALENA|CIENAGA|LA MARIA|2436747189|2006-08-03|Relleno sanitario|-742064176|109924081.0|"29|MUNICIPIO"|"44|CORPORACIÓN AUTÓNOMA REGIONAL DEL MAGDALENA - CORPOMAG"|Licencia ambiental|1327|2006-08-03|2030-08-03|2030-08-03|2022-06-25|8.0|679000.0|"92|NO CUENTA CON PERMISO DE VERTIMIENTO DE LIXIVIADOS"||||2018-01-01|2021-09-17|0.0
151|2021||MAGDALENA-SALAMINA|||21819|ADMINISTRACION PUBLICA COOPERATIVA EMPRESA DE SERVICIOS PUBLICOS DEL RIO E.S.P.|MAGDALENA|SALAMINA|RELLENO SANITARIO CIENAGA GRANDE DE SANTAMARTA|1106547675|2009-11-01|Relleno sanitario|-747840333|104853333.0|"29|MUNICIPIO"|"44|CORPORACIÓN AUTÓNOMA REGIONAL DEL MAGDALENA - CORPOMAG"|Licencia ambiental|2767|2008-11-28|2038-11-28|2038-11-28|2022-06-25|16.0|658974.0|"44|CORPORACIÓN AUTÓNOMA REGIONAL DEL MAGDALENA - CORPOMAG"|2767|2008-11-28|2038-11-28|2016-01-01|2018-12-19|0.0
152|2021||MAGDALENA-SAN SEBASTIAN DE BUENAVISTA|||43096|ADMINISTRACIÓN PUBLICA COOPERATIVA DE SERVICIOS PÚBLICOS DOMICILIARIOS DE SAN SEBASTIÁN DE BUENAVISTA|MAGDALENA|SAN SEBASTIAN DE BUENAVISTA|RELLENO SANITARIO LOCAL DE SAN SEBASTIAN DE BUENAVISTA|1544847692|2018-12-12|celda transitoria|-743535210|92580430.0|"29|MUNICIPIO"|"44|CORPORACIÓN AUTÓNOMA REGIONAL DEL MAGDALENA - CORPOMAG"|otro tipo de acto administrativo|5266|2018-12-12|2021-05-28|2021-05-28|2022-06-25|0.0|8000.0|"92|NO CUENTA CON PERMISO DE VERTIMIENTO DE LIXIVIADOS"||||2018-12-12|2020-04-16|0.0
153|2021|1043926.0|BOLIVAR-CARTAGENA DE INDIAS|435031.8899999999|5810.471|2690|BIOGER S.A.S. E.S.P.|BOLIVAR|CARTAGENA DE INDIAS|PARQUE AMBIENTAL BIOGER|1330313001|2019-05-01|Relleno sanitario|-755093343|102586913.0|"31|OTRA PERSONA NATURAL O JURIDICA"|"48|CORPORACIÓN AUTÓNOMA REGIONAL DEL CANAL DEL DIQUE - CARDIQUE"|Licencia ambiental|616|2004-07-27|2024-07-27|2024-07-27|2022-06-25|2.0|250.0|"92|NO CUENTA CON PERMISO DE VERTIMIENTO DE LIXIVIADOS"||||2019-05-02|2019-09-02|0.013180382635687772
154|2021|44235.0|CESAR-BOSCONIA|12768.539999999997|29.96|2690|BIOGER S.A.S. E.S.P.|CESAR|BOSCONIA|RELLENO REGIONAL NOROCCIDENTE DEL CESAR|669120060|2014-01-07|Relleno sanitario|-739029510|99965620.0|"30|DEPARTAMENTO"|"57|CORPORACIÓN AUTÓNOMA REGIONAL DEL CESAR ¿ CORPOCESAR"|Licencia ambiental|144|2011-02-15|2041-02-15|2041-02-15|2022-06-25|18.0|28084.0|"92|NO CUENTA CON PERMISO DE VERTIMIENTO DE LIXIVIADOS"||||2016-04-01|2017-08-24|0.002340899324139548
155|2021||META-LA MACARENA|||20013|EMPRESA DE SERVICIOS PUBLICOS DEL META S.A. E.S.P.|META|LA MACARENA|Puerta Roja|1379250350|2009-02-10|celda transitoria|-733261111|34755556.0|"29|MUNICIPIO"|"75|NO CUENTA CON PERMISO AMBIENTAL"|otro tipo de acto administrativo|2.6.09.0046|2009-01-26|2018-12-01|2018-12-01|2022-06-25|0.0|3600.0|"92|NO CUENTA CON PERMISO DE VERTIMIENTO DE LIXIVIADOS"|2.6.09.0046|2009-01-26|2018-12-01|2016-04-01|2021-10-07|0.0
156|2021|121140.0|CESAR-AGUACHICA|29922.84|279.90999999999997|2866|VEOLIA ASEO NORTE DE SANTANDER SAS ESP|CESAR|AGUACHICA|LAS BATEAS|30220011|2007-08-01|Relleno sanitario|-736526930|82893060.0|"28|EMPRESA OPERADORA"|"57|CORPORACIÓN AUTÓNOMA REGIONAL DEL CESAR ¿ CORPOCESAR"|Licencia ambiental|877|2015-07-21|2017-01-03|2017-01-03|2022-06-25|0.0|995017.0|"92|NO CUENTA CON PERMISO DE VERTIMIENTO DE LIXIVIADOS"||||2016-04-01|2016-06-15|0.00926769913335706
157|2021|787891.0|NORTE DE SANTANDER-CUCUTA|248299.50000000003|6763.86|2866|VEOLIA ASEO NORTE DE SANTANDER SAS ESP|NORTE DE SANTANDER|CUCUTA|GUAYABAL|30154001|2001-04-23|Relleno sanitario|-725024060|80212340.0|"28|EMPRESA OPERADORA"|"59|CORPORACIÓN AUTONÓMA REGIONAL DE NORTE DE SANTANDER ¿ CORPONOR"|Licencia ambiental|450|2006-08-24|2025-09-18|2025-09-18|2022-06-25|3.0|10947599.0|"92|NO CUENTA CON PERMISO DE VERTIMIENTO DE LIXIVIADOS"||||2016-04-01|2016-06-15|0.02651835214591386
158|2021||META-MAPIRIPAN|||20013|EMPRESA DE SERVICIOS PUBLICOS DEL META S.A. E.S.P.|META|MAPIRIPAN|La Mapiripana|1379350325|2008-07-25|celda transitoria|-721433611|29500833.0|"31|OTRA PERSONA NATURAL O JURIDICA"|"75|NO CUENTA CON PERMISO AMBIENTAL"|otro tipo de acto administrativo|2.6.08.0433|2008-06-17|2018-12-01|2018-12-01|2022-06-25|0.0|1250.0|"92|NO CUENTA CON PERMISO DE VERTIMIENTO DE LIXIVIADOS"|2.6.08.0433|2008-06-17|2018-12-01|2016-04-01|2021-10-07|0.0
159|2021|71843.0|SUCRE-COROZAL|15108.039999999995|80.43|3304|SERVIASEO S.A.  E.S.P.|SUCRE|COROZAL|LA CANDELARIA|4170215|2003-04-01|Relleno sanitario|-752666860|93091480.0|"28|EMPRESA OPERADORA"|"52|CORPORACIÓN AUTÓNOMA REGIONAL DE SUCRE - CARSUCRE"|Licencia ambiental|890|2003-08-08|2023-08-08|2044-12-31|2022-06-25|22.0|2676434.45|"92|NO CUENTA CON PERMISO DE VERTIMIENTO DE LIXIVIADOS"||||2016-04-01|2016-06-02|0.005295464256768459
160|2021||META-URIBE|||20013|EMPRESA DE SERVICIOS PUBLICOS DEL META S.A. E.S.P.|META|URIBE|VEREDA EL BRASIL|1379450370|2008-06-16|celda transitoria|-743343056|32343056.0|"29|MUNICIPIO"|"75|NO CUENTA CON PERMISO AMBIENTAL"|otro tipo de acto administrativo|2.6.08.0417|2008-06-09|2018-12-01|2018-12-01|2022-06-25|0.0|1680.0|"92|NO CUENTA CON PERMISO DE VERTIMIENTO DE LIXIVIADOS"|2.6.08.0417|2008-06-09|2018-12-01|2016-04-01|2021-10-07|0.0
161|2021||NARINO-ANCUYA|||26753|EMPRESA DE SERVICIOS PUBLICOS DOMICILIARIOS DE ACUEDUCTO ALCANTARILLADO Y ASEO DEL MUNICIPIO DE ANCUYA NARINO SAS ESP|NARINO|ANCUYA|RELLENO SANITARIO ANTANAS|360252036|2016-04-01|Relleno sanitario|-772613970|12767880.0|"31|OTRA PERSONA NATURAL O JURIDICA"|"70|CORPORACIÓN AUTÓNOMA REGIONAL DE NARIÑO - CORPONARIÑO"|Licencia ambiental|963|2009-11-23|2034-11-22|2034-11-22|2022-06-25|12.0|2500000.0|"70|CORPORACIÓN AUTÓNOMA REGIONAL DE NARIÑO - CORPONARIÑO"|963|2009-11-23|2034-11-22|2016-04-01|2016-12-01|0.0
162|2021||NARINO-BARBACOAS|||29711|EMPRESA DE SERVICIOS PUBLICOS DE BARBACOAS S.A.S E.S.P|NARINO|BARBACOAS|RELLENO SANITARIO BARBACOAS|2117452079|2000-06-19|Relleno sanitario|-748976543|70009876.0|"29|MUNICIPIO"|"70|CORPORACIÓN AUTÓNOMA REGIONAL DE NARIÑO - CORPONARIÑO"|Licencia ambiental|357|2000-06-19|2023-06-19|2023-06-19|2022-06-25|0.0|170000.0|"70|CORPORACIÓN AUTÓNOMA REGIONAL DE NARIÑO - CORPONARIÑO"|357|2000-06-19|2023-06-19|2023-06-19|2021-05-03|0.0
163|2021||NARINO-CUMBITARA|||25653|ADMINISTRACION PUBLICA COOPERATIVA DE AGUA POTABLE Y SANEAMIENTO BASICO DE CUMBITARA|NARINO|CUMBITARA|RELLENO SANITARIO DE CUMBITARA|1254852233|2011-05-24|Relleno sanitario|-773423200|13847700.0|"29|MUNICIPIO"|"70|CORPORACIÓN AUTÓNOMA REGIONAL DE NARIÑO - CORPONARIÑO"|Licencia ambiental|708|2014-09-25|2024-09-25|2034-09-25|2022-06-25|12.0|7650.0|"92|NO CUENTA CON PERMISO DE VERTIMIENTO DE LIXIVIADOS"||||2017-03-01|2019-06-18|0.0
164|2021||NARINO-IPIALES|||716|INSTITUTO DE SERVICIOS VARIOS DE IPIALES|NARINO|IPIALES|RELLENO SANITARIO LA VICTORIA|2005052356|2012-05-20|Relleno sanitario|-770439029|43546322.0|"29|MUNICIPIO"|"45|CORPORACIÓN AUTÓNOMA REGIONAL DE RISARALDA - CARDER"|Licencia ambiental|151|2012-03-22|2027-03-22|2027-03-22|2022-06-25|4.0|1254880.0|"92|NO CUENTA CON PERMISO DE VERTIMIENTO DE LIXIVIADOS"||||2019-10-01|2021-03-09|0.0
165|2021||NARINO-ROBERTO PAYAN|||20213|MUNICIPIO DE ROBERTO PAYAN|NARINO|ROBERTO PAYAN|BOTADERO A CIELO ABIERTO|648452621|2008-12-22|botadero a cielo abierto|-782443333|16963222.0|"29|MUNICIPIO"|"75|NO CUENTA CON PERMISO AMBIENTAL"||||||2022-06-25||0.0|"92|NO CUENTA CON PERMISO DE VERTIMIENTO DE LIXIVIADOS"||||2016-01-01|2017-08-15|0.0
166|2021|180568.0|BOYACA-TUNJA|56966.51999999999|4059.26|21785|URBASER TUNJA S.A.  E.S.P.|BOYACA|TUNJA|RELLENO SANITARIO PARQUE AMBIENTAL PIRGUA|624215001|2015-09-23|Relleno sanitario|-733215609|55752721.0|"28|EMPRESA OPERADORA"|"51|CORPORACIÓN AUTÓNOMA REGIONAL DE BOYACÁ - CORPOBOYACA"|Licencia ambiental|2752|2010-10-01|2056-03-20|2061-03-12|2022-06-25|38.0|2447206.54|"92|NO CUENTA CON PERMISO DE VERTIMIENTO DE LIXIVIADOS"||||2016-04-01|2017-07-27|0.06651713423408928
167|2021|47084.0|BOLIVAR-MOMPOS|6247.320000000001|0.0|22045|MUNICIPIO DE MOMPOS|BOLIVAR|MOMPOS|BACA MOMPOX|982313468|2014-03-27|botadero a cielo abierto|-744088270|92140011.0|"29|MUNICIPIO"|"75|NO CUENTA CON PERMISO AMBIENTAL"||||||2022-06-25||74200.0|"92|NO CUENTA CON PERMISO DE VERTIMIENTO DE LIXIVIADOS"||||2016-03-09|2018-07-23|0.0
168|2021|28429.0|ANTIOQUIA-TARAZA|3104.939999999999|0.0|22087|FUTURASEO S.A.S E.S.P|ANTIOQUIA|TARAZA|PIEDRAS|1204905790|2016-02-01|Relleno sanitario|-752256990|73358990.0|"31|OTRA PERSONA NATURAL O JURIDICA"|"53|CORPORACIÓN AUTÓNOMA REGIONAL DEL CENTRO DE ANTIOQUIA -  CORANTIOQUIA"|Licencia ambiental|160PZ-1603-3547|2016-03-03|2020-02-15|2020-02-15|2022-06-25|0.0|27264.0|"92|NO CUENTA CON PERMISO DE VERTIMIENTO DE LIXIVIADOS"||||2016-10-01|2020-10-22|0.0
169|2021|132236.0|ANTIOQUIA-TURBO|28893.570000000007|0.0|22087|FUTURASEO S.A.S E.S.P|ANTIOQUIA|TURBO|CENTRO INDUSTRIAL DE RESIDUOS SOLIDOS DE URABA EL TEJAR|1412405837|2008-10-31|Relleno sanitario|-766512250|80735070.0|"28|EMPRESA OPERADORA"|"65|CORPORACIÓN PARA EL DESARROLLO SOSTENIBLE DEL URABÁ ¿ CORPOURABA"|Licencia ambiental|302011185|2006-08-14|2026-01-01|2026-01-01|2022-06-25|3.0|27264.0|"92|NO CUENTA CON PERMISO DE VERTIMIENTO DE LIXIVIADOS"||||2016-04-01|2019-11-08|0.0
170|2021||NARINO-SANDONA|||315|EMPRESA DE SERVICIOS PUBLICOS DE SANDONA|NARINO|SANDONA|ANTANAS SANDONA|622952683|2007-10-02|Relleno sanitario|-772610540|12769260.0|"29|MUNICIPIO"|"70|CORPORACIÓN AUTÓNOMA REGIONAL DE NARIÑO - CORPONARIÑO"|Licencia ambiental|963|2009-11-23|2037-12-31|2037-12-31|2022-06-25|15.0|3867571.0|"70|CORPORACIÓN AUTÓNOMA REGIONAL DE NARIÑO - CORPONARIÑO"|128|2010-01-29|2037-12-31|2016-10-03|2017-07-25|0.0
171|2021|43340.0|ANTIOQUIA-YARUMAL|4269.48|126.47000000000001|22322|AGUAS DEL NORTE ANTIOQUEÑO S.A E.S.P|ANTIOQUIA|YARUMAL|YARUMOS II|623905887|2008-08-01|Relleno sanitario|-754299990|69699990.0|"28|EMPRESA OPERADORA"|"53|CORPORACIÓN AUTÓNOMA REGIONAL DEL CENTRO DE ANTIOQUIA -  CORANTIOQUIA"|Licencia ambiental|160TH150811835|2015-08-18|2022-08-18|2022-08-18|2022-06-25|0.0|60000.0|"92|NO CUENTA CON PERMISO DE VERTIMIENTO DE LIXIVIADOS"||||2016-04-01|2017-07-26|0.028769662985247788
172|2021|27496.0|ANTIOQUIA-AMALFI|2213.45|0.0|22625|EMPRESA DE SERVICIOS PUBLICOS DOMICILIARIOS DE AMALFI S.A E.S.P.|ANTIOQUIA|AMALFI|LA ESPAÑOLA|1538705031|2011-01-01|Relleno sanitario|-750661167|69171667.0|"31|OTRA PERSONA NATURAL O JURIDICA"|"53|CORPORACIÓN AUTÓNOMA REGIONAL DEL CENTRO DE ANTIOQUIA -  CORANTIOQUIA"|Licencia ambiental|130ZF2347|2006-07-25|2025-07-25|2025-07-25|2022-06-25|3.0|55427.18|"92|NO CUENTA CON PERMISO DE VERTIMIENTO DE LIXIVIADOS"||||2019-02-01|2020-04-06|0.0
173|2021|36517.0|CASANARE-VILLANUEVA|53189.65|0.0|22669|EMPRESA DE SERVICIOS PUBLICOS DE VILLANUEVA ESPAVI S.A. E.S.P.|CASANARE|VILLANUEVA|LA ESPERANZA|644085440|2004-09-30|Relleno sanitario|-729516667|46155556.0|"29|MUNICIPIO"|"62|CORPORACIÓN AUTÓNOMA REGIONAL DE LA ORINOQUÍA ¿ CORPORINOQUIA"|Licencia ambiental|20041090645|2009-06-09|2030-06-09|2030-06-09|2022-06-25|7.0|152320.0|"92|NO CUENTA CON PERMISO DE VERTIMIENTO DE LIXIVIADOS"||||2017-05-01|2017-08-10|0.0
174|2021||NORTE DE SANTANDER-OCANA|||738|EMPRESA DE SERVICIOS PUBLICOS DE OCAÑA S.A.  E.S.P.|NORTE DE SANTANDER|OCANA|LA MADERA|206654498|2009-12-24|Relleno sanitario|-733286167|82577028.0|"28|EMPRESA OPERADORA"|"59|CORPORACIÓN AUTONÓMA REGIONAL DE NORTE DE SANTANDER ¿ CORPONOR"|Licencia ambiental|594|2000-09-03|2043-12-31|2043-12-31|2022-06-25|21.0|980531000.0|"92|NO CUENTA CON PERMISO DE VERTIMIENTO DE LIXIVIADOS"||||2016-04-01|2016-09-02|0.0
175|2021||PUTUMAYO-PUERTO CAICEDO|||28411|AGUAS DE PUERTO CAICEDO S.A.S E.S.P|PUTUMAYO|PUERTO CAICEDO|LA ESMERALDA PUTUMAYO|641886569|2014-06-04|celda de contingencia|-765932250|-0.6920789|"29|MUNICIPIO"|"47|CORPORACIÓN PARA EL DESARROLLO SOSTENIBLE DEL SUR DE LA AMAZONIA - CORPOAMAZONIA"|otro tipo de acto administrativo|26|2013-04-26|2014-04-28|2015-06-08|2022-06-25|0.0|2295.0|"47|CORPORACIÓN PARA EL DESARROLLO SOSTENIBLE DEL SUR DE LA AMAZONIA - CORPOAMAZONIA"|496|2013-04-06|2014-04-07|2016-01-01|2017-08-09|0.0
176|2021||PUTUMAYO-VALLE DEL GUAMUEZ|||23104|EMPRESA ADMINISTRATIVA DE SERVICIOS PUBLICOS DOMICILIARIOS DE EL VALLE DEL GUAMUEZ S.A. E.S.P.|PUTUMAYO|VALLE DEL GUAMUEZ|LA PRIMAVERA|2410686865|2015-12-19|Relleno sanitario|-669999720|-40000000.0|"28|EMPRESA OPERADORA"|"47|CORPORACIÓN PARA EL DESARROLLO SOSTENIBLE DEL SUR DE LA AMAZONIA - CORPOAMAZONIA"|Licencia ambiental|245|2015-12-19|2021-12-31|2021-12-31|2022-06-25|0.0|109200.0|"47|CORPORACIÓN PARA EL DESARROLLO SOSTENIBLE DEL SUR DE LA AMAZONIA - CORPOAMAZONIA"|245|2015-12-19|2021-12-31|2021-03-01|2021-09-02|0.0
177|2021||SANTANDER-CARCASI|||861|UNIDAD ADMINISTRADORA DE LOS SERVICIOS PUBLICOS DE ACUEDUCTO, ALCANTARILLADO Y ASEO DE CARCASI|SANTANDER|CARCASI|VIA AL TOBAL|643968152|2006-02-01|Relleno sanitario|-725928580|66545450.0|"29|MUNICIPIO"|"75|NO CUENTA CON PERMISO AMBIENTAL"||||||2022-06-25||600.0|"92|NO CUENTA CON PERMISO DE VERTIMIENTO DE LIXIVIADOS"||||2016-04-01|2017-08-10|0.0
178|2021||SANTANDER-CIMITARRA|||22685|EMPRESAS PUBLICAS DE CIMITARRA - ADMINISTRACION PUBLICA COPERATIVA|SANTANDER|CIMITARRA|LA FLORIDA|644768190|2012-02-27|Relleno sanitario|-739934750|63710420.0|"29|MUNICIPIO"|"55|CORPORACIÓN AUTÓNOMA REGIONAL DE SANTANDER - CAS"|Licencia ambiental|339|2012-02-27|2022-02-26|2022-02-26|2022-06-25|0.0|46244.4|"55|CORPORACIÓN AUTÓNOMA REGIONAL DE SANTANDER - CAS"|339|2012-02-27|2022-02-26|2016-01-01|2017-08-11|0.0
179|2021||SANTANDER-SAN MIGUEL|||20141|UNIDAD ADMINISTRADORA DE SERVICIOS PÚBLICOS DE ACUEDUCTO, ALCANTARILLADO Y ASEO EN LA CABECERA MUNICIPAL  DEL MUNICIPIO DE SAN MIGUEL|SANTANDER|SAN MIGUEL|MICRORELLENO SANITARIO|645968686|2014-02-03|Relleno sanitario|-726375580|65974110.0|"29|MUNICIPIO"|"55|CORPORACIÓN AUTÓNOMA REGIONAL DE SANTANDER - CAS"|Licencia ambiental|174|2013-03-08|2023-08-08|2023-08-08|2022-06-25|1.0|600.0|"55|CORPORACIÓN AUTÓNOMA REGIONAL DE SANTANDER - CAS"|174|2013-03-08|2023-08-08|2016-04-01|2017-08-11|0.0
180|2021||SANTANDER-SAN VICENTE DE CHUCURI|||22212|ADMINISTRACION PUBLICA COOPERATIVA DE SERVICIOS PUBLICOS DE SAN VICENTE DE CHUCURI|SANTANDER|SAN VICENTE DE CHUCURI|RELLENO SANITARIO SAN VICENTE DE CHUCURI|811968689|2009-08-09|Relleno sanitario|-734323611|68718333.0|"29|MUNICIPIO"|"75|NO CUENTA CON PERMISO AMBIENTAL"|Licencia ambiental|832|2006-08-28|2019-12-21|2019-12-21|2022-06-25|0.0|65068.0|"92|NO CUENTA CON PERMISO DE VERTIMIENTO DE LIXIVIADOS"||||2016-01-01|2019-06-18|0.0
181|2021|7834167.0|BOGOTA, D.C.-BOGOTA, D.C.|2075374.9100000001|1175691.4800000002|24533|CENTRO DE GERENCIAMIENTO DE RESIDUOS DOÑA JUANA S.A. E.S.P.|BOGOTA, D.C.|BOGOTA, D.C.|RELLENO SANITARIO DOÑA JUANA|655611001|2010-12-16|Relleno sanitario|-740736392|43132613.0|"29|MUNICIPIO"|"42|CORPORACIÓN AUTÓNOMA REGIONAL DE CUNDINAMARCA - CAR"|Licencia ambiental|1351|2014-06-18|2022-03-31|2022-03-31|2022-06-25|0.0|17197610.0|"92|NO CUENTA CON PERMISO DE VERTIMIENTO DE LIXIVIADOS"||||2016-01-01|2017-08-22|0.3616325657379147
182|2021||SANTANDER-SANTA HELENA DEL OPON|||25671|EMPRESA DE SERVICIOS PUBLICOS DOMICILIARIOS DE ACUEDUCTO ALCANTARILLADO Y ASEO - SANTA HELENA A.A.A.  S.A. - E.S.P|SANTANDER|SANTA HELENA DEL OPON|EL BOSQUE SANTANDER|718868720|2008-07-11|Relleno sanitario|-736004500|36333672.0|"29|MUNICIPIO"|"55|CORPORACIÓN AUTÓNOMA REGIONAL DE SANTANDER - CAS"|Licencia ambiental|DGL000561|2008-07-11|2023-07-11|2023-07-11|2022-06-25|1.0|1500.0|"55|CORPORACIÓN AUTÓNOMA REGIONAL DE SANTANDER - CAS"|DGL000561|2008-07-11|2023-07-11|2016-01-01|2017-09-28|0.0
183|2021||TOLIMA-ATACO|||2660|OFICINA DE SERVICIOS PUBLICOS DEL MUNICIPIO DE ATACO |TOLIMA|ATACO|SAN RAFAEL|2891673067|1999-06-22|botadero a cielo abierto|-753811110|35911110.0|"29|MUNICIPIO"|"75|NO CUENTA CON PERMISO AMBIENTAL"||||||2022-06-25||0.0|"92|NO CUENTA CON PERMISO DE VERTIMIENTO DE LIXIVIADOS"||||2016-01-01|2022-05-26|0.0
184|2021||TOLIMA-NATAGAIMA|||1473|EMPRESA DE SERVICIOS PUBLICOS DE NATAGAIMA SA ESP|TOLIMA|NATAGAIMA|RELLENO SANITARIO PACANDE|390173483|2012-06-15|Relleno sanitario|-740439028|43546322.0|"29|MUNICIPIO"|"68|CORPORACIÓN AUTÓNOMA REGIONAL DEL TOLIMA ¿ CORTOLIMA"|Licencia ambiental|4463|2010-12-07|2040-12-06|2040-12-06|2022-06-25|18.0|5.2281e+16|"68|CORPORACIÓN AUTÓNOMA REGIONAL DEL TOLIMA ¿ CORTOLIMA"|4463|2010-12-07|2040-12-06|2017-01-11|2017-01-23|0.0
185|2021||TOLIMA-PURIFICACION|||434|EMPRESA DE SERVICIOS PUBLICOS DE ACUEDUCTO, ALCANTARILLADO Y ASEO DE PURIFICACIÓN TOLIMA E.S.P.|TOLIMA|PURIFICACION|FINCA ARIZONA|1371373585|2006-02-20|celda transitoria|-749672100|38265040.0|"29|MUNICIPIO"|"68|CORPORACIÓN AUTÓNOMA REGIONAL DEL TOLIMA ¿ CORTOLIMA"|Aprobacion PMA|541|2016-03-04|2019-06-04|2019-06-04|2022-06-25|0.0|21000.0|"68|CORPORACIÓN AUTÓNOMA REGIONAL DEL TOLIMA ¿ CORTOLIMA"|541|2016-03-04|2019-06-04|2016-04-01|2019-10-10|0.0
186|2021||TOLIMA-RONCESVALLES|||22833|EMPRESA DE SERVICIOS PÚBLICOS DE RONCESVALLES S.A. E.S.P.|TOLIMA|RONCESVALLES|CELDA DE DISPOSICION FINAL RONCESVALLES|648373622|2006-02-06|celda de contingencia|-756052780|40108330.0|"29|MUNICIPIO"|"68|CORPORACIÓN AUTÓNOMA REGIONAL DEL TOLIMA ¿ CORTOLIMA"|otro tipo de acto administrativo|16|2006-02-06|2020-02-06|2020-02-06|2022-06-25|0.0|470241000.0|"92|NO CUENTA CON PERMISO DE VERTIMIENTO DE LIXIVIADOS"||||2016-03-01|2017-08-14|0.0
187|2021|99143.0|ARAUCA-ARAUCA|11527.561|61.22|26567|EMPRESA DE ASEO DE ARAUCA S.A. ESP|ARAUCA|ARAUCA|RELLENO SANITARIO LAS GARZAS|655781001|2014-09-22|Relleno sanitario|-708644400|69697780.0|"29|MUNICIPIO"|"62|CORPORACIÓN AUTÓNOMA REGIONAL DE LA ORINOQUÍA ¿ CORPORINOQUIA"|Licencia ambiental|700.41.14-020|2014-03-03|2029-03-03|2029-03-03|2022-06-25|6.0|505100.0|"92|NO CUENTA CON PERMISO DE VERTIMIENTO DE LIXIVIADOS"||||2017-03-01|2017-08-22|0.005282695393070246
188|2021||VALLE DEL CAUCA-SAN PEDRO|||1868|VEOLIA ASEO BUGA  S.A.  E.S.P.|VALLE DEL CAUCA|SAN PEDRO|RELLENO SANITARIO REGIONAL PRESIDENTE|607676670|2016-04-01|Relleno sanitario|-762517856|39681262.0|"28|EMPRESA OPERADORA"|"69|CORPORACIÓN AUTÓNOMA REGIONAL DEL VALLE DEL CAUCA ¿ CVC"|Licencia ambiental|0100 NO 0150 -0061|2015-01-28|2046-01-28|2046-01-28|2022-06-25|23.0|3812000.0|"69|CORPORACIÓN AUTÓNOMA REGIONAL DEL VALLE DEL CAUCA ¿ CVC"|0100 NO 0150 -0061|2015-01-28|2046-01-28|2016-04-01|2017-08-05|0.0
189|2021||VALLE DEL CAUCA-YOTOCO|||22175|INTERASEO DEL VALLE S.A.S. E.S.P.|VALLE DEL CAUCA|YOTOCO|RELLENO SANITARIO REGIONAL COLOMBA-EL GUABAL|8576890|2008-06-25|Relleno sanitario|-762450220|34604470.0|"28|EMPRESA OPERADORA"|"69|CORPORACIÓN AUTÓNOMA REGIONAL DEL VALLE DEL CAUCA ¿ CVC"|Licencia ambiental|0740-377|2007-08-09|2039-06-25|2039-06-25|2022-06-25|17.0|19487769.0|"69|CORPORACIÓN AUTÓNOMA REGIONAL DEL VALLE DEL CAUCA ¿ CVC"|740000230|2013-04-11|2017-11-06|2016-04-01|2016-06-02|0.0
190|2021|367400.0|HUILA-NEIVA|108082.68|4053.4300000000003|26785|CIUDAD LIMPIA NEIVA S.A E.S.P|HUILA|NEIVA|RELLENO SANITARIO LOS ANGELES|960841001|2009-04-13|Relleno sanitario|-752347490|29985540.0|"31|OTRA PERSONA NATURAL O JURIDICA"|"39|CORPORACIÓN AUTÓNOMA REGIONAL DEL ALTO MAGDALENA - CAM"|Licencia ambiental|2931-156|2006-12-26|2035-01-19|2035-01-19|2022-06-25|12.0|3230033.06|"92|NO CUENTA CON PERMISO DE VERTIMIENTO DE LIXIVIADOS"||||2016-01-01|2018-06-28|0.03614741049961516
191|2021|42126.0|CAUCA-PUERTO TEJADA|11987.460000000001|28.64|26821|PUERTO TEJADA SAS ESP|CAUCA|PUERTO TEJADA|Celda de Contingencia El Cortijo|436219573|2013-10-01|celda de contingencia|-763910450|32336780.0|"29|MUNICIPIO"|"60|CORPORACIÓN AUTÓNOMA REGIONAL DEL CAUCA ¿ CRC"|otro tipo de acto administrativo|180-207-01014438|2015-12-23|2025-02-15|2025-02-15|2022-06-25|2.0|60000.0|"92|NO CUENTA CON PERMISO DE VERTIMIENTO DE LIXIVIADOS"||||2017-07-01|2019-11-25|0.002383468845964997
192|2021||VAUPES-CARURU|||20217|UNIDAD DE SERVICIOS PUBLICOS DOMICILIARIOS DE ACUEDUCTO, ALCANTARILLADO, ASEO Y ENERGIA ZONA NO INTERCONECTADA, EN EL MUNICIPIO DE CARURU - VAUPES|VAUPES|CARURU|RELLENO SANITARIO DEL MUNICIPIO DE CARURU|2326797161|2008-04-30|Relleno sanitario|-713068333|10170833.0|"29|MUNICIPIO"|"40|CORPORACIÓN PARA EL DESARROLLO SOSTENIBLE DEL NORTE Y ORIENTE AMAZÓNICO - CDA"|Licencia ambiental|189|2008-04-30|2018-04-30|2018-04-30|2022-06-25|0.0|4650.0|"92|NO CUENTA CON PERMISO DE VERTIMIENTO DE LIXIVIADOS"||||2016-04-01|2021-07-28|0.0
193|2021||VAUPES-MITU|||2554|UNIDAD ESPECIAL DE SERVICIOS PUBLICOS DOMICILIARIOS DEL MUNICIPIO DE MITU|VAUPES|MITU|EL ALTO|2454797001|2003-02-11|botadero a cielo abierto|-702209690|12409370.0|"29|MUNICIPIO"|"75|NO CUENTA CON PERMISO AMBIENTAL"||||||2022-06-25||0.0|"92|NO CUENTA CON PERMISO DE VERTIMIENTO DE LIXIVIADOS"||||2016-01-01|2021-09-28|0.0
194|2021||VAUPES-TARAIRA|||20154|MUNICIPIO DE TARAIRA|VAUPES|TARAIRA|SN|372197666|1996-04-02|botadero a cielo abierto|-696336110|-0.563611|"29|MUNICIPIO"|"75|NO CUENTA CON PERMISO AMBIENTAL"||||||2022-06-25||0.0|"92|NO CUENTA CON PERMISO DE VERTIMIENTO DE LIXIVIADOS"||||2016-01-01|2016-12-18|0.0
195|2021||VICHADA-LA PRIMAVERA|||2170|EMPRESA SIGLO XXI EICE ESP|VICHADA|LA PRIMAVERA|EL ALCARAVAN|2205899524|2007-12-15|Relleno sanitario|-705258330|57377770.0|"29|MUNICIPIO"|"62|CORPORACIÓN AUTÓNOMA REGIONAL DE LA ORINOQUÍA ¿ CORPORINOQUIA"|Licencia ambiental|8004113004|2013-04-08|2028-04-08|2028-04-08|2022-06-25|5.0|572.0|"62|CORPORACIÓN AUTÓNOMA REGIONAL DE LA ORINOQUÍA ¿ CORPORINOQUIA"|8004113004|2013-04-08|2028-04-08|2021-01-01|2021-06-08|0.0
196|2021|61016.0|CORDOBA-CIENAGA DE ORO|7084.799999999998|0.0|54686|SIEMPRE LIMPIO DEL CARIBE S.A.S. E.S.P.|CORDOBA|CIENAGA DE ORO|PARQUE AMBIENTAL VERDE LAS TANGARAS|2731023189|2021-06-01|Relleno sanitario|-755998830|88551400.0|"28|EMPRESA OPERADORA"|"72|CORPORACIÓN AUTÓNOMA REGIONAL DE LAS VALLES DEL SINÚ Y SAN JORGE ¿ CVS"|Licencia ambiental|2 7482|2020-09-18|2050-09-18|2050-09-18|2022-06-25|28.0|1733625.0|"92|NO CUENTA CON PERMISO DE VERTIMIENTO DE LIXIVIADOS"||||2021-06-01|2022-02-18|0.0
197|2021||VICHADA-PUERTO CARRENO|||36697|EMPRESA DE SERVICIOS PUBLICOS DE PUERTO CARREÑO SA ESP|VICHADA|PUERTO CARRENO|RELLENO SANITARIO EL MEREY|2661099001|2013-03-01|Relleno sanitario|-675410470|62218440.0|"29|MUNICIPIO"|"62|CORPORACIÓN AUTÓNOMA REGIONAL DE LA ORINOQUÍA ¿ CORPORINOQUIA"|Licencia ambiental|200.41.11.0404|2011-03-07|2040-03-07|2040-03-07|2022-06-25|17.0|149100.0|"62|CORPORACIÓN AUTÓNOMA REGIONAL DE LA ORINOQUÍA ¿ CORPORINOQUIA"|200.41.11.0404|2011-03-07|2040-03-07|2021-01-01|2022-01-18|0.0
