,Id Empresa,Empresa,Nombre del departamento,Nombre del municipio,Nombre sitio disposición final,NUSD,Fecha inicio operaciones,Tipo disposición final,Longitud,Latitud,Propietario predio del SDF,Entidad otorgó autorización,Tipo autorización ambiental,No. Res. de la autorización,Fecha Res. de la Autorización,Fecha terminación vigencia Res,Fecha terminación vida útil,Capacidad de diseño,Entidad otorgó permiso vertimi,No.Res. permiso vertimiento,Fecha Res. permiso vertimiento,Fecha term permiso vertimiento,Fecha aplicación metodología,Fecha de certificación,TONELADAS_DISPUESTAS,LIFESPAN,LIFESPAN_PERCENTAGE,Categories
0,21413,NUEVO MONDOÑEDO S.A. E.S.P.,CUNDINAMARCA,BOJACA,RELLENO SANITARIO NUEVO MONDOÑEDO,1137525099,2007-01-15 00:00:00,Relleno sanitario,-74.2858333,4.6455556,31|OTRA PERSONA NATURAL O JURIDICA,38|AUTORIDAD NACIONAL DE LICENCIAS AMBIENTALES - ANLA,Licencia ambiental,0694,2005-06-03 00:00:00,2029-12-31 00:00:00,2029-12-31 00:00:00,7102000.0,38|AUTORIDAD NACIONAL DE LICENCIAS AMBIENTALES - ANLA,RESOLUCIÓN NO 2056,2008-11-24 00:00:00,2029-12-31 00:00:00,2016-04-30 00:00:00,25/01/2019,811233.5,6290766.5,88.57739369191776,GOOD
1,2147,BIORGANICOS DEL SUR DEL HUILA S.A  E.S.P. ,HUILA,PITALITO,Planta de tramiento de Residuos Solidos,750441551,2003-03-06 00:00:00,Relleno sanitario,-76.1231768,1.8726446,28|EMPRESA OPERADORA,39|CORPORACIÓN AUTÓNOMA REGIONAL DEL ALTO MAGDALENA - CAM,Licencia ambiental,1211,2016-05-04 00:00:00,2019-05-18 00:00:00,2019-05-18 00:00:00,247874.81,39|CORPORACIÓN AUTÓNOMA REGIONAL DEL ALTO MAGDALENA - CAM,3786,2010-12-20 00:00:00,2019-05-18 00:00:00,2016-07-13 00:00:00,04/12/2019,68698.21,179176.59999999998,72.28511844345942,GOOD
2,22432,EMPRESAS PUBLICAS DE YAGUARA S.A. E.S.P.,HUILA,YAGUARA,RELLENO SANITARIO LOS ANGELES,368141885,2006-12-26 00:00:00,Relleno sanitario,-75.135422,2.5946,29|MUNICIPIO,39|CORPORACIÓN AUTÓNOMA REGIONAL DEL ALTO MAGDALENA - CAM,Licencia ambiental,2931,2006-12-26 00:00:00,2016-12-25 00:00:00,2050-12-30 00:00:00,3153854.0,39|CORPORACIÓN AUTÓNOMA REGIONAL DEL ALTO MAGDALENA - CAM,2931,2006-12-26 00:00:00,2016-12-25 00:00:00,2016-01-01 00:00:00,13/12/2016,210493.88,2943360.12,93.32582040893459,GOOD
3,1874,AMBIENTAR E.S.P. S.A.,GUAVIARE,SAN JOSE DEL GUAVIARE,EL ALGARROBO,960695001,1996-08-19 00:00:00,celda de contingencia,-72.360026,-2.322336,28|EMPRESA OPERADORA,40|CORPORACIÓN PARA EL DESARROLLO SOSTENIBLE DEL NORTE Y ORIENTE AMAZÓNICO - CDA,Licencia ambiental,DSGV-051,2015-05-22 00:00:00,2017-05-22 00:00:00,2025-12-31 00:00:00,313903.9,40|CORPORACIÓN PARA EL DESARROLLO SOSTENIBLE DEL NORTE Y ORIENTE AMAZÓNICO - CDA,DSGV-051,2015-05-22 00:00:00,2017-05-22 00:00:00,2016-04-01 00:00:00,28/06/2018,28052.88,285851.02,91.06322667542518,GOOD
4,4933,UNIDAD DE SERVICIOS PUBLICOS DOMICILIARIOS DEL MUNICIPIO DE CALAMAR - GUAVIARE,GUAVIARE,CALAMAR,RELLENO SANITARIO EL DIAMANTE,716595015,2010-10-04 00:00:00,celda transitoria,-67.0,13.0203446,29|MUNICIPIO,40|CORPORACIÓN PARA EL DESARROLLO SOSTENIBLE DEL NORTE Y ORIENTE AMAZÓNICO - CDA,Licencia ambiental,190,2009-05-19 00:00:00,2040-05-18 00:00:00,2040-05-18 00:00:00,49853.0,40|CORPORACIÓN PARA EL DESARROLLO SOSTENIBLE DEL NORTE Y ORIENTE AMAZÓNICO - CDA,190,2009-05-19 00:00:00,2040-05-18 00:00:00,2040-05-18 00:00:00,26/09/2017,927.1,48925.9,98.14033257777866,GOOD
5,96,EMPRESA DE SERVICIOS PÚBLICOS DE EL CARMEN DE VIBORAL E.S.P.,ANTIOQUIA,EL CARMEN DE VIBORAL,EL CARMEN DE VIBORAL,640205148,2003-11-11 00:00:00,Relleno sanitario,-75.191048,6.060101,28|EMPRESA OPERADORA,41|CORPORACIÓN AUTÓNOMA REGIONAL DE LOS RÍOS NEGRO Y NARE - CORNARE,Aprobacion PMA,112-4658,2003-11-11 00:00:00,2026-11-11 00:00:00,2026-11-11 00:00:00,74.16,41|CORPORACIÓN AUTÓNOMA REGIONAL DE LOS RÍOS NEGRO Y NARE - CORNARE,131-0576,2016-04-29 00:00:00,2026-11-11 00:00:00,2016-05-01 00:00:00,08/08/2017,17107.02,-17032.86,-22967.718446601943,BAD
6,838,UNIDAD DE SERVICIOS PUBLICOS DOMICILIARIOS MUNICIPIO DE ALEJANDRIA,ANTIOQUIA,ALEJANDRIA,MUNICIPIO ALEJANDRIA,1327305021,1997-11-24 00:00:00,Relleno sanitario,-76.0,7.0,29|MUNICIPIO,41|CORPORACIÓN AUTÓNOMA REGIONAL DE LOS RÍOS NEGRO Y NARE - CORNARE,Aprobacion PMA,112-4761,2007-09-24 00:00:00,2024-06-18 00:00:00,2024-06-18 00:00:00,12053.0,41|CORPORACIÓN AUTÓNOMA REGIONAL DE LOS RÍOS NEGRO Y NARE - CORNARE,135-0117-2016,2016-04-01 00:00:00,2024-06-10 00:00:00,2016-04-01 00:00:00,02/10/2019,28.0,12025.0,99.76769269061644,GOOD
7,1375,EMPRESAS PUBLICAS DE ABEJORRAL E.S.P.,ANTIOQUIA,ABEJORRAL,LOS MOLINOS,725405002,2008-08-25 00:00:00,Relleno sanitario,-75.2547711,5.4804157,29|MUNICIPIO,41|CORPORACIÓN AUTÓNOMA REGIONAL DE LOS RÍOS NEGRO Y NARE - CORNARE,Licencia ambiental,112-5857,2006-10-25 00:00:00,2030-04-30 00:00:00,2030-04-30 00:00:00,33523.0,41|CORPORACIÓN AUTÓNOMA REGIONAL DE LOS RÍOS NEGRO Y NARE - CORNARE,112-5857,2006-10-25 00:00:00,2030-04-30 00:00:00,2016-04-30 00:00:00,05/10/2017,3467.41,30055.59,89.65662381051816,GOOD
8,2268,EMPRESAS PUBLICAS DEL MUNICIPIO DE EL SANTUARIO E.S.P.,ANTIOQUIA,EL SANTUARIO,GRANJA PARA EL MANEJO INTEGRAL DE RESIDUOS SOLIDOS,28805697,1998-10-07 00:00:00,Relleno sanitario,-75.274738,6.141228,28|EMPRESA OPERADORA,41|CORPORACIÓN AUTÓNOMA REGIONAL DE LOS RÍOS NEGRO Y NARE - CORNARE,Licencia ambiental,112-4212,2012-10-05 00:00:00,2024-12-31 00:00:00,2024-12-31 00:00:00,151442.0,41|CORPORACIÓN AUTÓNOMA REGIONAL DE LOS RÍOS NEGRO Y NARE - CORNARE,131-0827,2012-09-12 00:00:00,2017-09-12 00:00:00,2016-04-01 00:00:00,15/06/2016,19670.99,131771.01,87.01087545066758,GOOD
9,2303,EMPRESA DE SERVICIOS PUBLICOS DE SAN JOSE DE LA MARINILLA E.S.P.,ANTIOQUIA,MARINILLA,RELLENO SANITARIO Y GRANJA AMBIENTAL LOS SALTOS,1224805440,2016-04-01 00:00:00,Relleno sanitario,-75.3379834,1.182217,28|EMPRESA OPERADORA,41|CORPORACIÓN AUTÓNOMA REGIONAL DE LOS RÍOS NEGRO Y NARE - CORNARE,Licencia ambiental,112-0406,2007-02-13 00:00:00,2032-02-13 00:00:00,2032-02-13 00:00:00,1182277.0,41|CORPORACIÓN AUTÓNOMA REGIONAL DE LOS RÍOS NEGRO Y NARE - CORNARE,112-0406,2007-02-13 00:00:00,2023-02-13 00:00:00,2016-04-01 00:00:00,21/05/2019,21455.0,1160822.0,98.1852814526545,GOOD
10,2514,EMPRESA DE SERVICIOS PUBLICOS DE COCORNA E.S.P.,ANTIOQUIA,COCORNA,RELLENO SANITARIO DE COCORNA,803605197,1997-12-22 00:00:00,Relleno sanitario,-67.0,6.032601,29|MUNICIPIO,41|CORPORACIÓN AUTÓNOMA REGIONAL DE LOS RÍOS NEGRO Y NARE - CORNARE,Licencia ambiental,112 - 3164,2007-06-29 00:00:00,2016-12-12 00:00:00,2016-12-12 00:00:00,540000.0,41|CORPORACIÓN AUTÓNOMA REGIONAL DE LOS RÍOS NEGRO Y NARE - CORNARE,112-  3164,2007-06-12 00:00:00,2016-12-12 00:00:00,2016-01-01 00:00:00,21/12/2017,1518.5,538481.5,99.71879629629629,GOOD
11,20109,UNIDAD DE SERVICIOS PUBLICOS DOMICILIARIOS DEL MUNICIPIO DE SAN CARLOS AGUAS Y ASEO DEL TABOR,ANTIOQUIA,SAN CARLOS,EL CAIMO,625705649,1990-03-21 00:00:00,Relleno sanitario,-74.955955,6.194998,29|MUNICIPIO,41|CORPORACIÓN AUTÓNOMA REGIONAL DE LOS RÍOS NEGRO Y NARE - CORNARE,Licencia ambiental,2139,1999-05-14 00:00:00,2018-12-31 00:00:00,2018-12-31 00:00:00,176.901,41|CORPORACIÓN AUTÓNOMA REGIONAL DE LOS RÍOS NEGRO Y NARE - CORNARE,2139,1999-05-14 00:00:00,2018-12-31 00:00:00,2016-07-19 00:00:00,28/07/2017,1174.1,-997.1989999999998,-563.7045579165747,BAD
12,26741,AGUAS DEL PÁRAMO DE SONSÓN S.A.S. E.S.P,ANTIOQUIA,SONSON,AMBIENTE SONSON,670305756,2012-09-01 00:00:00,Relleno sanitario,-75.35195,5.71312,29|MUNICIPIO,41|CORPORACIÓN AUTÓNOMA REGIONAL DE LOS RÍOS NEGRO Y NARE - CORNARE,Licencia ambiental,112-46241,2009-09-01 00:00:00,2019-09-01 00:00:00,2019-09-01 00:00:00,179898.0,41|CORPORACIÓN AUTÓNOMA REGIONAL DE LOS RÍOS NEGRO Y NARE - CORNARE,12401.46,2009-09-01 00:00:00,2019-09-01 00:00:00,2017-06-01 00:00:00,24/08/2017,316283.1,-136385.09999999998,-75.81246039422336,BAD
13,686,UNIDAD DE SERVICIOS PUBLICOS DOMICILIARIOS DEL MUNICIPIO DE CABRERA,CUNDINAMARCA,GIRARDOT,RELLENO SANITARIO PARQUE ECOLOGICO PRADERAS DEL MAGDALENA,1588725307,2005-11-11 00:00:00,Relleno sanitario,-74.857204,4.330583,28|EMPRESA OPERADORA,42|CORPORACIÓN AUTÓNOMA REGIONAL DE CUNDINAMARCA - CAR,Licencia ambiental,408,2005-03-09 00:00:00,2021-11-09 00:00:00,2021-11-09 00:00:00,1000000.0,42|CORPORACIÓN AUTÓNOMA REGIONAL DE CUNDINAMARCA - CAR,408,2005-03-09 00:00:00,2021-11-11 00:00:00,2016-01-04 00:00:00,03/06/2020,22.5,999977.5,99.99775,GOOD
14,2372,EMPRESA DE ASEO DE BUCARAMANGA S.A. E.S.P.,SANTANDER,BUCARAMANGA,EL CARRASCO,929168001,1998-08-13 00:00:00,Relleno sanitario,-73.08467,7.04554,28|EMPRESA OPERADORA,43|CORPORACIÓN AUTÓNOMA REGIONAL PARA LA DEFENSA DE LA MESETA DE BUCARAMANGA - CDMB,Aprobacion PMA,0753,1998-08-13 00:00:00,2023-08-30 00:00:00,2023-08-30 00:00:00,966503.0,43|CORPORACIÓN AUTÓNOMA REGIONAL PARA LA DEFENSA DE LA MESETA DE BUCARAMANGA - CDMB,1135,2017-12-21 00:00:00,2027-12-20 00:00:00,2016-04-01 00:00:00,09/05/2022,728594.77,237908.22999999998,24.61536384263681,BAD
15,21819,ADMINISTRACION PUBLICA COOPERATIVA EMPRESA DE SERVICIOS PUBLICOS DEL RIO E.S.P.,MAGDALENA,SALAMINA,RELLENO SANITARIO CIENAGA GRANDE DE SANTAMARTA,1106547675,2009-11-01 00:00:00,Relleno sanitario,-74.7840333,10.4853333,29|MUNICIPIO,44|CORPORACIÓN AUTÓNOMA REGIONAL DEL MAGDALENA - CORPOMAG,Licencia ambiental,2767,2008-11-28 00:00:00,2038-11-28 00:00:00,2038-11-28 00:00:00,658.974,44|CORPORACIÓN AUTÓNOMA REGIONAL DEL MAGDALENA - CORPOMAG,2767,2008-11-28 00:00:00,2038-11-28 00:00:00,2016-01-01 00:00:00,19/12/2018,4481.12,-3822.1459999999997,-580.0146895021654,BAD
16,21670,ATESA DE OCCIDENTE S.A.S  E.S.P.,RISARALDA,PEREIRA,LA GLORITA,22166001,1997-04-10 00:00:00,Relleno sanitario,-75.7978,4.853,28|EMPRESA OPERADORA,45|CORPORACIÓN AUTÓNOMA REGIONAL DE RISARALDA - CARDER,Aprobacion PMA,216,2000-03-02 00:00:00,2025-02-18 00:00:00,2025-03-18 00:00:00,3130489.0,45|CORPORACIÓN AUTÓNOMA REGIONAL DE RISARALDA - CARDER,2883,2010-09-10 00:00:00,2020-12-03 00:00:00,2016-04-01 00:00:00,14/06/2016,439064.52,2691424.48,85.97457074597611,GOOD
17,23463,AGUAS DEL CARMELO A.S E.S.P,CHOCO,EL CARMEN DE ATRATO,LA ARBOLEDA,969427245,2014-09-22 00:00:00,Relleno sanitario,-76.14275,5.850722,29|MUNICIPIO,46|CORPORACIÓN AUTÓNOMA REGIONAL PARA EL DESARROLLO SOSTENIBLE DEL CHOCÓ - CODECHOCHO,Licencia ambiental,1379,2012-09-25 00:00:00,2022-09-25 00:00:00,2042-09-25 00:00:00,240000.0,46|CORPORACIÓN AUTÓNOMA REGIONAL PARA EL DESARROLLO SOSTENIBLE DEL CHOCÓ - CODECHOCHO,1379,2012-09-25 00:00:00,2022-09-25 00:00:00,2016-04-30 00:00:00,06/07/2018,842.8,239157.2,99.64883333333333,GOOD
18,734,EMPRESA DE ACUEDUCTO ALCANTARILLADO Y ASEO DE PUERTO ASIS E.S.P.,PUTUMAYO,PUERTO ASIS,KILILI,673286568,1990-05-12 00:00:00,celda de contingencia,-76.292963,-0.32131,29|MUNICIPIO,65|CORPORACIÓN PARA EL DESARROLLO SOSTENIBLE DEL URABÁ ¿ CORPOURABA,otro tipo de acto administrativo,0383,2015-05-27 00:00:00,2020-12-31 00:00:00,2020-12-31 00:00:00,6120.0,47|CORPORACIÓN PARA EL DESARROLLO SOSTENIBLE DEL SUR DE LA AMAZONIA - CORPOAMAZONIA,1125,2016-04-24 00:00:00,2020-12-31 00:00:00,2016-05-01 00:00:00,25/08/2017,22921.9,-16801.9,-274.5408496732026,BAD
19,3328,SERVICIOS INTEGRALES EFECTIVOS S.A.  E.S.P.,CAQUETA,FLORENCIA,REGIONAL LA ESPERANZA,701118001,2009-11-02 00:00:00,Relleno sanitario,-75.36394,1.323034,28|EMPRESA OPERADORA,47|CORPORACIÓN PARA EL DESARROLLO SOSTENIBLE DEL SUR DE LA AMAZONIA - CORPOAMAZONIA,Licencia ambiental,006,2011-03-17 00:00:00,2059-03-01 00:00:00,2059-03-01 00:00:00,2065289.0,47|CORPORACIÓN PARA EL DESARROLLO SOSTENIBLE DEL SUR DE LA AMAZONIA - CORPOAMAZONIA,006,2011-03-17 00:00:00,2079-03-01 00:00:00,2016-04-01 00:00:00,28/02/2022,3823.2799999999997,2061465.72,99.8148791767157,GOOD
20,21900,EMPRESA DE SERVICIOS PUBLICOS DE SAN JOSE DE FRAGUA S.A. E.S.P,CAQUETA,SAN JOSE DEL FRAGUA,EL CAIRO,1630718610,2007-10-01 00:00:00,Relleno sanitario,-75.9661111,1.2801667,29|MUNICIPIO,47|CORPORACIÓN PARA EL DESARROLLO SOSTENIBLE DEL SUR DE LA AMAZONIA - CORPOAMAZONIA,Licencia ambiental,083,2008-12-16 00:00:00,2038-12-16 00:00:00,2038-12-16 00:00:00,48243.0,47|CORPORACIÓN PARA EL DESARROLLO SOSTENIBLE DEL SUR DE LA AMAZONIA - CORPOAMAZONIA,083,2008-12-16 00:00:00,2038-12-16 00:00:00,2016-01-01 00:00:00,21/07/2020,1815.04,46427.96,96.2377132433721,GOOD
21,21900,EMPRESA DE SERVICIOS PUBLICOS DE SAN JOSE DE FRAGUA S.A. E.S.P,CAQUETA,SAN JOSE DEL FRAGUA,EL CAIRO,1650718610,2007-10-01 00:00:00,Relleno sanitario,-75.9661111,1.2808333,28|EMPRESA OPERADORA,47|CORPORACIÓN PARA EL DESARROLLO SOSTENIBLE DEL SUR DE LA AMAZONIA - CORPOAMAZONIA,Licencia ambiental,083,2008-12-16 00:00:00,2038-12-16 00:00:00,2038-12-16 00:00:00,48243.0,47|CORPORACIÓN PARA EL DESARROLLO SOSTENIBLE DEL SUR DE LA AMAZONIA - CORPOAMAZONIA,083,2008-12-16 00:00:00,2038-12-16 00:00:00,2016-04-01 00:00:00,14/08/2020,1815.04,46427.96,96.2377132433721,GOOD
22,23478,ALCALDIA DE LETICIA,AMAZONAS,LETICIA,RELLENO SANITARIO LETICIA,394291001,2015-08-29 00:00:00,Relleno sanitario,-69.99308,-3.9999999,29|MUNICIPIO,47|CORPORACIÓN PARA EL DESARROLLO SOSTENIBLE DEL SUR DE LA AMAZONIA - CORPOAMAZONIA,Licencia ambiental,0178,2015-08-06 00:00:00,2016-12-30 00:00:00,2039-05-06 00:00:00,11009.0,47|CORPORACIÓN PARA EL DESARROLLO SOSTENIBLE DEL SUR DE LA AMAZONIA - CORPOAMAZONIA,0390,2013-05-10 00:00:00,2016-12-30 00:00:00,2016-01-01 00:00:00,31/01/2017,2602.48,8406.52,76.36043237351258,GOOD
23,28411,AGUAS DE PUERTO CAICEDO S.A.S E.S.P,PUTUMAYO,PUERTO CAICEDO,LA ESMERALDA,641886569,2014-06-04 00:00:00,celda de contingencia,-76.593225,-0.6920789,29|MUNICIPIO,47|CORPORACIÓN PARA EL DESARROLLO SOSTENIBLE DEL SUR DE LA AMAZONIA - CORPOAMAZONIA,otro tipo de acto administrativo,26,2013-04-26 00:00:00,2014-04-28 00:00:00,2015-06-08 00:00:00,2295.0,47|CORPORACIÓN PARA EL DESARROLLO SOSTENIBLE DEL SUR DE LA AMAZONIA - CORPOAMAZONIA,496,2013-04-06 00:00:00,2014-04-07 00:00:00,2016-01-01 00:00:00,09/08/2017,400323.64,-398028.64,-17343.29586056645,BAD
24,28511,EMPRESA METROPOLITANA DE ASEO DEL PUTUMAYO S.A.S. E.S.P.,PUTUMAYO,MOCOA,RELLENO SANITARIO VEREDA MEDIO AFAN,570586001,2015-02-01 00:00:00,Relleno sanitario,-76.3800284,1.1038698,29|MUNICIPIO,47|CORPORACIÓN PARA EL DESARROLLO SOSTENIBLE DEL SUR DE LA AMAZONIA - CORPOAMAZONIA,Licencia ambiental,696,2018-06-06 00:00:00,2043-09-09 00:00:00,2043-09-09 00:00:00,657000.0,47|CORPORACIÓN PARA EL DESARROLLO SOSTENIBLE DEL SUR DE LA AMAZONIA - CORPOAMAZONIA,696,2018-06-06 00:00:00,2043-09-09 00:00:00,2016-04-01 00:00:00,22/11/2019,20849.21,636150.79,96.82660426179605,GOOD
25,31893,SOLUCIONES AMBIENTALES INTEGRALES DE LA AMAZONIA S.A. E.S.P.,CAQUETA,SAN VICENTE DEL CAGUAN,RELLENO SANITARIO YOTUEL,1098418753,2013-12-06 00:00:00,Relleno sanitario,-74.8425,2.0748611,28|EMPRESA OPERADORA,47|CORPORACIÓN PARA EL DESARROLLO SOSTENIBLE DEL SUR DE LA AMAZONIA - CORPOAMAZONIA,Licencia ambiental,002,2012-01-12 00:00:00,2036-02-28 00:00:00,2036-02-28 00:00:00,159870.0,47|CORPORACIÓN PARA EL DESARROLLO SOSTENIBLE DEL SUR DE LA AMAZONIA - CORPOAMAZONIA,002,2012-01-12 00:00:00,2036-02-28 00:00:00,2016-04-01 00:00:00,12/12/2018,7281.09,152588.91,95.44561831488085,GOOD
26,36097,SANEAMIENTO Y MEJORAMIENTO AMBIENTAL S.A.S ESP ,CAQUETA,FLORENCIA,PARQUE AMBIENTAL TAYARU,952018001,2016-11-11 00:00:00,Relleno sanitario,-75.6077561,1.544917,28|EMPRESA OPERADORA,47|CORPORACIÓN PARA EL DESARROLLO SOSTENIBLE DEL SUR DE LA AMAZONIA - CORPOAMAZONIA,Licencia ambiental,1472,2015-10-21 00:00:00,2048-11-10 00:00:00,2048-11-10 00:00:00,1552.504,47|CORPORACIÓN PARA EL DESARROLLO SOSTENIBLE DEL SUR DE LA AMAZONIA - CORPOAMAZONIA,1472,2015-10-21 00:00:00,2048-11-10 00:00:00,2048-01-10 00:00:00,19/06/2018,65859.97,-64307.466,-4142.177153810876,BAD
27,474,SECRETARIA DE SERVICIOS PUBLICOS Y MEDIO AMBIENTE,"ARCHIPIELAGO DE SAN ANDRES, PROVIDENCIA Y SANTA CATALINA",SAN ANDRES,MAGIC GARDEN,50188001,2008-01-14 00:00:00,Relleno sanitario,-81.7264167,12.5527806,30|DEPARTAMENTO,49|CORPORACIÓN PARA EL DESARROLLO SOSTENIBLE DEL ARCHIPIÉLAGO DE SAN ANDRÉS,Aprobacion PMA,279 DE 2009 Y 547 DE 2013,2013-07-23 00:00:00,2020-12-31 00:00:00,2020-12-31 00:00:00,57300.44,49|CORPORACIÓN PARA EL DESARROLLO SOSTENIBLE DEL ARCHIPIÉLAGO DE SAN ANDRÉS,547 DE 2013,2013-07-23 00:00:00,2020-12-31 00:00:00,2016-04-01 00:00:00,29/06/2016,45369.66,11930.779999999999,20.821445699195337,BAD
28,111,EMPRESAS VARIAS DE MEDELLIN  S.A. E.S. P.,ANTIOQUIA,DONMATIAS,RELLENO SANITARIO LA PRADERA,720105237,2003-06-03 00:00:00,Relleno sanitario,-75.255035,6.516271,28|EMPRESA OPERADORA,53|CORPORACIÓN AUTÓNOMA REGIONAL DEL CENTRO DE ANTIOQUIA -  CORANTIOQUIA,Licencia ambiental,5288,2002-07-03 00:00:00,2027-09-12 00:00:00,2027-09-12 00:00:00,13452293.66,53|CORPORACIÓN AUTÓNOMA REGIONAL DEL CENTRO DE ANTIOQUIA -  CORANTIOQUIA,10346_2013,2013-09-13 00:00:00,2015-04-12 00:00:00,2016-04-01 00:00:00,29/09/2017,2260612.0,11191681.66,83.19534157418921,GOOD
29,565,MUNICIPIO DE CAMPAMENTO ANTIOQUIA,ANTIOQUIA,CAMPAMENTO,relleno sanitario municipal los ranchos ,637305134,2002-07-24 00:00:00,Relleno sanitario,-75.174259,6.58372,29|MUNICIPIO,53|CORPORACIÓN AUTÓNOMA REGIONAL DEL CENTRO DE ANTIOQUIA -  CORANTIOQUIA,Licencia ambiental,TH3-2002-2,2002-07-24 00:00:00,2019-03-31 00:00:00,2019-03-31 00:00:00,14.0,53|CORPORACIÓN AUTÓNOMA REGIONAL DEL CENTRO DE ANTIOQUIA -  CORANTIOQUIA,R130TH-4438,2004-10-10 00:00:00,2019-03-31 00:00:00,2016-02-01 00:00:00,21/01/2022,267.88,-253.88,-1813.4285714285713,BAD
30,706,UNIDAD DE SERVICIOS PUBLICOS DOMICILIARIOS DEL MUNICIPIO DE SAN JOSE DE LA MONTAÑA,ANTIOQUIA,SAN JOSE DE LA MONTANA,LOS ROBLES,623705658,2004-01-04 00:00:00,Relleno sanitario,-66.858301,13.757147,29|MUNICIPIO,53|CORPORACIÓN AUTÓNOMA REGIONAL DEL CENTRO DE ANTIOQUIA -  CORANTIOQUIA,Licencia ambiental,2843,2003-12-10 00:00:00,2022-12-10 00:00:00,2024-12-10 00:00:00,50000.0,53|CORPORACIÓN AUTÓNOMA REGIONAL DEL CENTRO DE ANTIOQUIA -  CORANTIOQUIA,1104-8263,2011-04-15 00:00:00,2022-04-15 00:00:00,2016-08-10 00:00:00,26/07/2017,1245.9,48754.1,97.5082,GOOD
31,898,EMPRESAS PÚBLICAS DE BELMIRA  SA ESP,ANTIOQUIA,BELMIRA,RELLENO SANITARIO,2426705086,1989-06-30 00:00:00,Relleno sanitario,-75.6905587,6.590257,29|MUNICIPIO,53|CORPORACIÓN AUTÓNOMA REGIONAL DEL CENTRO DE ANTIOQUIA -  CORANTIOQUIA,Aprobacion PMA,1,2004-06-30 00:00:00,2027-06-30 00:00:00,2027-06-30 00:00:00,186715.0,53|CORPORACIÓN AUTÓNOMA REGIONAL DEL CENTRO DE ANTIOQUIA -  CORANTIOQUIA,130TH6076,2008-08-06 00:00:00,2018-08-06 00:00:00,2020-12-01 00:00:00,13/09/2021,250.3,186464.7,99.86594542484535,GOOD
32,2150,AGUAS DEL PUERTO S.A E.S.P,ANTIOQUIA,PUERTO BERRIO,LA TABACA,625405579,2006-02-01 00:00:00,Relleno sanitario,-74.459658,6.55023,31|OTRA PERSONA NATURAL O JURIDICA,53|CORPORACIÓN AUTÓNOMA REGIONAL DEL CENTRO DE ANTIOQUIA -  CORANTIOQUIA,Licencia ambiental,130ZF-4111,2010-09-08 00:00:00,2021-09-02 00:00:00,2027-09-02 00:00:00,347294.0,53|CORPORACIÓN AUTÓNOMA REGIONAL DEL CENTRO DE ANTIOQUIA -  CORANTIOQUIA,130ZF-4111,2010-09-02 00:00:00,2021-09-02 00:00:00,2016-04-30 00:00:00,27/07/2017,10899.82,336394.18,96.86150063058965,GOOD
33,20002,UNIDAD DE SERVICIOS PÚBLICOS DEL MUNICIPIO DE ENTRERRIOS,ANTIOQUIA,ENTRERRIOS,RELLENO SANITARIO ENTRERRIOS,204105264,1998-08-28 00:00:00,Relleno sanitario,-75.52,6.5653,29|MUNICIPIO,53|CORPORACIÓN AUTÓNOMA REGIONAL DEL CENTRO DE ANTIOQUIA -  CORANTIOQUIA,Licencia ambiental,130TH-3782,2005-02-18 00:00:00,2017-02-18 00:00:00,2017-02-18 00:00:00,18353.9,53|CORPORACIÓN AUTÓNOMA REGIONAL DEL CENTRO DE ANTIOQUIA -  CORANTIOQUIA,130TH-3782,2005-02-18 00:00:00,2017-02-18 00:00:00,2016-04-01 00:00:00,02/09/2016,742.4,17611.5,95.95508311585004,GOOD
34,20102,JUNTA DE SERVICIOS PÚBLICOS DEL MUNICIPIO DE ANGELOPOLIS,ANTIOQUIA,ANGELOPOLIS,RELLENO SANITARIO DEL MUNICIPIO DE ANGELOPOLIS,680205036,2005-10-11 00:00:00,Relleno sanitario,-75.7196389,6.1033056,29|MUNICIPIO,53|CORPORACIÓN AUTÓNOMA REGIONAL DEL CENTRO DE ANTIOQUIA -  CORANTIOQUIA,Licencia ambiental,2875,2005-10-11 00:00:00,2019-10-11 00:00:00,2019-10-11 00:00:00,7200.0,53|CORPORACIÓN AUTÓNOMA REGIONAL DEL CENTRO DE ANTIOQUIA -  CORANTIOQUIA,2875,2005-10-11 00:00:00,2019-10-11 00:00:00,2016-01-01 00:00:00,29/08/2017,890.5,6309.5,87.63194444444444,GOOD
35,21861,SEGOVIA ASEO S.A.  E.S.P.,ANTIOQUIA,SEGOVIA,LA VERA,833805736,2007-08-15 00:00:00,Relleno sanitario,-74.713,7.081,29|MUNICIPIO,53|CORPORACIÓN AUTÓNOMA REGIONAL DEL CENTRO DE ANTIOQUIA -  CORANTIOQUIA,Licencia ambiental,9900204,1999-12-06 00:00:00,2017-12-06 00:00:00,2017-12-06 00:00:00,98280.0,53|CORPORACIÓN AUTÓNOMA REGIONAL DEL CENTRO DE ANTIOQUIA -  CORANTIOQUIA,9900204,1999-12-06 00:00:00,2017-12-06 00:00:00,2017-12-06 00:00:00,19/02/2018,22322.84,75957.16,77.28648758648758,GOOD
36,22948,SERVICIOS PUBLICOS YALÍ S.A. E.S.P.,ANTIOQUIA,YALI,LA AURORA,1224705885,2009-08-20 00:00:00,Relleno sanitario,-74.856572,6.683282,29|MUNICIPIO,53|CORPORACIÓN AUTÓNOMA REGIONAL DEL CENTRO DE ANTIOQUIA -  CORANTIOQUIA,Licencia ambiental,130ZF-2949,2007-11-01 00:00:00,2028-11-25 00:00:00,2028-11-25 00:00:00,36059.0,53|CORPORACIÓN AUTÓNOMA REGIONAL DEL CENTRO DE ANTIOQUIA -  CORANTIOQUIA,130ZF-2949,2007-11-01 00:00:00,2028-11-25 00:00:00,2017-01-01 00:00:00,21/05/2019,2508.98,33550.02,93.042014476275,GOOD
37,23008,LA EMPRESA DE SERVICIOS PUBLICOS DOMICILIARIOS DE ANGOSTURA S.A. E.S.P.,ANTIOQUIA,ANGOSTURA,BUENAVISTA III,198105038,1990-11-14 00:00:00,Relleno sanitario,-75.3352778,6.8852778,29|MUNICIPIO,53|CORPORACIÓN AUTÓNOMA REGIONAL DEL CENTRO DE ANTIOQUIA -  CORANTIOQUIA,Licencia ambiental,130TH 7955,2010-09-28 00:00:00,2026-06-28 00:00:00,2026-06-28 00:00:00,150000.0,53|CORPORACIÓN AUTÓNOMA REGIONAL DEL CENTRO DE ANTIOQUIA -  CORANTIOQUIA,130TH 7955,2010-09-28 00:00:00,2026-06-28 00:00:00,2016-04-01 00:00:00,31/08/2016,201.16,149798.84,99.86589333333333,GOOD
38,23336,EMPRESA DE SERVICIOS PUBLICOS DE MACEO S.A.S  E.S.P.,ANTIOQUIA,MACEO,TINAJAS,2241805425,2010-04-01 00:00:00,Relleno sanitario,-74.8178783,6.5844363,28|EMPRESA OPERADORA,53|CORPORACIÓN AUTÓNOMA REGIONAL DEL CENTRO DE ANTIOQUIA -  CORANTIOQUIA,Licencia ambiental,130ZF2478,2006-11-21 00:00:00,2036-11-21 00:00:00,2040-11-21 00:00:00,96.99,53|CORPORACIÓN AUTÓNOMA REGIONAL DEL CENTRO DE ANTIOQUIA -  CORANTIOQUIA,130ZF2478,2006-11-21 00:00:00,2036-11-21 00:00:00,2016-01-01 00:00:00,24/06/2021,1614.9,-1517.91,-1565.0170120630994,BAD
39,26545,EMPRESAS PUBLICAS DE CARAMANTA S.A.S. E.S.P.,ANTIOQUIA,CARAMANTA,RELLENO SANITARIO EL JARDIN,652705145,2003-05-30 00:00:00,Relleno sanitario,-75.636514,5.556118,29|MUNICIPIO,53|CORPORACIÓN AUTÓNOMA REGIONAL DEL CENTRO DE ANTIOQUIA -  CORANTIOQUIA,Licencia ambiental,130CA-2446,2003-05-30 00:00:00,2020-10-28 00:00:00,2020-10-28 00:00:00,1705000.0,53|CORPORACIÓN AUTÓNOMA REGIONAL DEL CENTRO DE ANTIOQUIA -  CORANTIOQUIA,CA14108896,2014-10-28 00:00:00,2020-10-28 00:00:00,2016-01-01 00:00:00,17/08/2017,344.17,1704655.83,99.97981407624633,GOOD
40,26991,EMPRESA DE SERVICIOS PUBLICOS DE ANDES S.A E.S.P,ANTIOQUIA,ANDES,ALTO DEL RAYO,1206505034,2014-07-01 00:00:00,Relleno sanitario,-75.88965,5.68745,29|MUNICIPIO,53|CORPORACIÓN AUTÓNOMA REGIONAL DEL CENTRO DE ANTIOQUIA -  CORANTIOQUIA,Licencia ambiental,140810974,2014-08-15 00:00:00,2017-08-14 00:00:00,2017-08-14 00:00:00,40797.0,53|CORPORACIÓN AUTÓNOMA REGIONAL DEL CENTRO DE ANTIOQUIA -  CORANTIOQUIA,140810974,2014-08-15 00:00:00,2017-08-14 00:00:00,2016-04-16 00:00:00,24/04/2019,9495.73,31301.27,76.72444052258744,GOOD
41,626,EMPRESA METROPOLITANA DE ASEO S.A.  E.S.P.,CALDAS,MANIZALES,LA ESMERALDA,208117001,1995-02-16 00:00:00,Relleno sanitario,-75.508925,5.0803556,29|MUNICIPIO,54|CORPORACIÓN AUTÓNOMA REGIONAL DE CALDAS - CORPOCALDAS,Aprobacion PMA,1348-2020,2020-09-07 00:00:00,2034-09-07 00:00:00,2034-09-07 00:00:00,2490000.0,54|CORPORACIÓN AUTÓNOMA REGIONAL DE CALDAS - CORPOCALDAS,1348-2020,2020-09-07 00:00:00,2034-09-07 00:00:00,2016-04-01 00:00:00,31/08/2021,400323.64,2089676.3599999999,83.92274538152611,GOOD
42,3021,EMPRESA DE SERVICIOS PUBLICOS DE LA DORADA E.S.P.,CALDAS,LA DORADA,LA DORADITA,680417380,2001-08-01 00:00:00,Relleno sanitario,-74.7,5.56,29|MUNICIPIO,54|CORPORACIÓN AUTÓNOMA REGIONAL DE CALDAS - CORPOCALDAS,Licencia ambiental,491,2012-09-27 00:00:00,2031-09-27 00:00:00,2031-12-27 00:00:00,615000.0,54|CORPORACIÓN AUTÓNOMA REGIONAL DE CALDAS - CORPOCALDAS,491,2012-09-27 00:00:00,2031-12-27 00:00:00,2017-01-01 00:00:00,29/08/2017,107324.46,507675.54,82.54886829268293,GOOD
43,20521,EMPRESAS PUBLICAS DE JARDIN S.A.  E.S.P. - EPJ,ANTIOQUIA,CALDAS,LOS EUCALIPTOS,2180705129,2007-11-01 00:00:00,Relleno sanitario,-75.0,6.0,29|MUNICIPIO,54|CORPORACIÓN AUTÓNOMA REGIONAL DE CALDAS - CORPOCALDAS,Aprobacion PMA,524,2012-10-11 00:00:00,2080-01-01 00:00:00,2080-01-01 00:00:00,38000.0,54|CORPORACIÓN AUTÓNOMA REGIONAL DE CALDAS - CORPOCALDAS,0,2016-01-01 00:00:00,2016-12-31 00:00:00,2016-01-01 00:00:00,29/05/2021,4024.61,33975.39,89.40892105263158,GOOD
44,21404,UNIDAD DE SERVICIOS PUBLICOS DOMICILIARIOS DEL MUNICIPIO DE LA VICTORIA,CALDAS,LA DORADA,LA DORADITA,2206717380,2001-08-01 00:00:00,Relleno sanitario,-74.7,5.56,29|MUNICIPIO,54|CORPORACIÓN AUTÓNOMA REGIONAL DE CALDAS - CORPOCALDAS,Licencia ambiental,491,2012-09-27 00:00:00,2031-09-27 00:00:00,2031-12-27 00:00:00,615000.0,54|CORPORACIÓN AUTÓNOMA REGIONAL DE CALDAS - CORPOCALDAS,491,2012-09-27 00:00:00,2031-12-27 00:00:00,2017-01-01 00:00:00,09/06/2021,107324.46,507675.54,82.54886829268293,GOOD
45,21907,"EMPRESA REGIONAL DE ACUEDUCTO, ALCANTARILLADO Y ASEO DEL NORTE DE CALDAS S.A., E.S.P.",CALDAS,AGUADAS,LOS EUCALIPTOS,1346217013,2007-11-01 00:00:00,Relleno sanitario,-75.4325417,5.604616,28|EMPRESA OPERADORA,54|CORPORACIÓN AUTÓNOMA REGIONAL DE CALDAS - CORPOCALDAS,otro tipo de acto administrativo,524,2012-10-11 00:00:00,2050-10-11 00:00:00,2050-12-31 00:00:00,20000.0,54|CORPORACIÓN AUTÓNOMA REGIONAL DE CALDAS - CORPOCALDAS,524,2012-10-11 00:00:00,2017-10-11 00:00:00,2016-04-30 00:00:00,19/09/2019,4024.61,15975.39,79.87695,GOOD
46,22137,EMPRESA DE SERVICIOS PUBLICOS DEL ORIENTE DE CALDAS S.A. E.S.P.,CALDAS,MARQUETALIA,LA VEGA,677417444,2008-02-01 00:00:00,Relleno sanitario,-75.077857,5.291873,29|MUNICIPIO,54|CORPORACIÓN AUTÓNOMA REGIONAL DE CALDAS - CORPOCALDAS,Licencia ambiental,080,2015-02-06 00:00:00,2025-02-06 00:00:00,2036-12-31 00:00:00,248729.0,54|CORPORACIÓN AUTÓNOMA REGIONAL DE CALDAS - CORPOCALDAS,080,2015-02-06 00:00:00,2025-02-06 00:00:00,2017-04-01 00:00:00,28/08/2017,6091.6,242637.4,97.55090882044313,GOOD
47,722,ACUASAN E.I.C.E  E.S.P,SANTANDER,SAN GIL,RELLENO SANITARIO EL CUCHARO(ACUASAN),380168679,2005-06-30 00:00:00,Relleno sanitario,-73.133333,6.555555,28|EMPRESA OPERADORA,55|CORPORACIÓN AUTÓNOMA REGIONAL DE SANTANDER - CAS,Licencia ambiental,00588,2015-08-27 00:00:00,2025-08-26 00:00:00,2025-08-26 00:00:00,492000.0,55|CORPORACIÓN AUTÓNOMA REGIONAL DE SANTANDER - CAS,00588,2015-08-27 00:00:00,2025-08-26 00:00:00,2016-09-01 00:00:00,02/01/2017,27915.24,464084.76,94.32617073170732,GOOD
48,1001,EMPRESAS PUBLICAS MUNICIPALES DE MALAGA  E.S.P.,SANTANDER,MALAGA,PTRSMALAGA,1104468432,2003-12-29 00:00:00,Relleno sanitario,-72.7294,6.72454,29|MUNICIPIO,55|CORPORACIÓN AUTÓNOMA REGIONAL DE SANTANDER - CAS,Licencia ambiental,4866,2003-12-29 00:00:00,2033-12-29 00:00:00,2033-12-29 00:00:00,33633.0,55|CORPORACIÓN AUTÓNOMA REGIONAL DE SANTANDER - CAS,4866,2003-12-29 00:00:00,2033-12-29 00:00:00,2016-04-01 00:00:00,17/12/2018,12663.25,20969.75,62.34873487348735,NORMAL
49,20141,"UNIDAD ADMINISTRADORA DE SERVICIOS PÚBLICOS DE ACUEDUCTO, ALCANTARILLADO Y ASEO EN LA CABECERA MUNICIPAL  DEL MUNICIPIO DE SAN MIGUEL",SANTANDER,SAN MIGUEL,MICRORELLENO SANITARIO,645968686,2014-02-03 00:00:00,Relleno sanitario,-72.637558,6.597411,29|MUNICIPIO,55|CORPORACIÓN AUTÓNOMA REGIONAL DE SANTANDER - CAS,Licencia ambiental,0174,2013-03-08 00:00:00,2023-08-08 00:00:00,2023-08-08 00:00:00,600.0,55|CORPORACIÓN AUTÓNOMA REGIONAL DE SANTANDER - CAS,0174,2013-03-08 00:00:00,2023-08-08 00:00:00,2016-04-01 00:00:00,11/08/2017,41.76,558.24,93.04,GOOD
50,20658,EMPRESA ASOCIATIVA DE TRABAJO MUCAF E.S.P. ,SANTANDER,BARRANCABERMEJA,YERBABUENA,1170968081,2015-02-23 00:00:00,Relleno sanitario,-73.777355,7.0607674,28|EMPRESA OPERADORA,55|CORPORACIÓN AUTÓNOMA REGIONAL DE SANTANDER - CAS,Licencia ambiental,1121,2014-11-27 00:00:00,2044-11-27 00:00:00,2044-11-27 00:00:00,2170.0,55|CORPORACIÓN AUTÓNOMA REGIONAL DE SANTANDER - CAS,1121,2014-11-27 00:00:00,2044-11-27 00:00:00,2016-12-01 00:00:00,06/03/2019,1437.51,732.49,33.75529953917051,NORMAL
51,22685,EMPRESAS PUBLICAS DE CIMITARRA - ADMINISTRACION PUBLICA COPERATIVA,SANTANDER,CIMITARRA,LA FLORIDA,644768190,2012-02-27 00:00:00,Relleno sanitario,-73.993475,6.371042,29|MUNICIPIO,55|CORPORACIÓN AUTÓNOMA REGIONAL DE SANTANDER - CAS,Licencia ambiental,339,2012-02-27 00:00:00,2022-02-26 00:00:00,2022-02-26 00:00:00,46244.4,55|CORPORACIÓN AUTÓNOMA REGIONAL DE SANTANDER - CAS,339,2012-02-27 00:00:00,2022-02-26 00:00:00,2016-01-01 00:00:00,11/08/2017,2729.59,43514.81,94.09746909896117,GOOD
52,806,BIOAGRICOLA DEL LLANO S.A  EMPRESA DE SERVICIOS PUBLICOS,META,VILLAVICENCIO,PARQUE ECOLOGICO RECICLANTE,2250001,2008-01-01 00:00:00,Relleno sanitario,-73.4418889,4.127075,28|EMPRESA OPERADORA,56|CORPORACIÓN PARA EL DESARROLLO SOSTENIBLE DEL ÁREA DE MANEJO ESPECIAL DE LA MACARENA - CORMACARENA,Licencia ambiental,26070982,2007-12-21 00:00:00,2040-12-21 00:00:00,2040-12-21 00:00:00,5998525.0,56|CORPORACIÓN PARA EL DESARROLLO SOSTENIBLE DEL ÁREA DE MANEJO ESPECIAL DE LA MACARENA - CORMACARENA,26070982,2007-12-21 00:00:00,2040-12-21 00:00:00,2016-04-01 00:00:00,01/06/2016,406928.56,5591596.44,93.21618964662146,GOOD
53,20359,EMPRESAS PUBLICAS DE GARAGOA S.A. E.S.P,BOYACA,GARAGOA,PLANTA REGIONAL DE RESIDUOS SOLIDOS,330715299,2002-05-02 00:00:00,Relleno sanitario,-73.365046,5.082453,28|EMPRESA OPERADORA,58|CORPORACIÓN AUTÓNOMA REGIONAL DE CHIVOR ¿ CORPOCHIVOR,Licencia ambiental,224,2002-05-02 00:00:00,2022-05-01 00:00:00,2022-05-01 00:00:00,10535.0,58|CORPORACIÓN AUTÓNOMA REGIONAL DE CHIVOR ¿ CORPOCHIVOR,223,2014-04-14 00:00:00,2019-06-20 00:00:00,2016-01-01 00:00:00,08/11/2016,1574.8799999999999,8960.12,85.05097294731846,GOOD
54,739,EMPRESA DE SERVICIOS PUBLICOS DE PAMPLONA S.A. E.S.P.,NORTE DE SANTANDER,PAMPLONA,RELLENOS SANITARIO LA CORTADA,350454518,2010-07-01 00:00:00,Relleno sanitario,-72.373888,7.226644,28|EMPRESA OPERADORA,59|CORPORACIÓN AUTONÓMA REGIONAL DE NORTE DE SANTANDER ¿ CORPONOR,Licencia ambiental,0222,2006-05-02 00:00:00,2026-05-02 00:00:00,2026-05-02 00:00:00,172583.0,59|CORPORACIÓN AUTONÓMA REGIONAL DE NORTE DE SANTANDER ¿ CORPONOR,0222,2006-05-02 00:00:00,2026-05-02 00:00:00,2016-09-01 00:00:00,21/11/2016,37563.76,135019.24,78.23437997948812,GOOD
55,643,"EMPRESA DE ACUEDUCTO, ALCANTARILLADO Y ASEO DE CORINTO CAUCA",CAUCA,CORINTO,CELDA TRANSITORIA GRANADITA,811519212,2013-07-01 00:00:00,celda transitoria,-76.15,3.1,31|OTRA PERSONA NATURAL O JURIDICA,60|CORPORACIÓN AUTÓNOMA REGIONAL DEL CAUCA ¿ CRC,Aprobacion PMA,5872,2013-06-19 00:00:00,2018-06-17 00:00:00,2018-06-17 00:00:00,24128.0,60|CORPORACIÓN AUTÓNOMA REGIONAL DEL CAUCA ¿ CRC,5872,2013-06-19 00:00:00,2018-06-17 00:00:00,2016-01-01 00:00:00,09/01/2018,9119.94,15008.06,62.201840185676396,NORMAL
56,849,EMPRESA MUNICIPAL DE ACUEDUCTO ALCANTARILLADO Y ASEO DE PATIA,CAUCA,POPAYAN,RELLENO SANITARIO REGIONAL LOS PICACHOS,2384719001,2014-09-13 00:00:00,Relleno sanitario,-76.7511368,2.5083178,28|EMPRESA OPERADORA,60|CORPORACIÓN AUTÓNOMA REGIONAL DEL CAUCA ¿ CRC,Licencia ambiental,5031,2014-03-28 00:00:00,2043-12-31 00:00:00,2044-09-05 00:00:00,2654776.0,60|CORPORACIÓN AUTÓNOMA REGIONAL DEL CAUCA ¿ CRC,7693,2015-08-26 00:00:00,2044-09-05 00:00:00,2016-04-01 00:00:00,23/08/2021,146309.82,2508466.18,94.4888073419377,GOOD
57,25659,URBASER POPAYAN S.A. E.S.P.,CAUCA,POPAYAN,RELLENO SANITARIO REGIONAL LOS PICACHOS,388119001,2014-09-13 00:00:00,Relleno sanitario,-76.7511368,2.5083178,28|EMPRESA OPERADORA,60|CORPORACIÓN AUTÓNOMA REGIONAL DEL CAUCA ¿ CRC,Licencia ambiental,05031,2014-03-28 00:00:00,2043-12-31 00:00:00,2044-09-05 00:00:00,2654776.0,60|CORPORACIÓN AUTÓNOMA REGIONAL DEL CAUCA ¿ CRC,7693,2015-08-26 00:00:00,2044-09-05 00:00:00,2016-04-01 00:00:00,19/01/2017,146309.82,2508466.18,94.4888073419377,GOOD
58,639,EMPRESA DE SERVICIOS PUBLICOS DE AGUAZUL S.A. E.S.P.  ,CASANARE,AGUAZUL,PLANTA DE MANEJO INTEGRAL DE RESIDUOS SOLIDOS DE AGUAZUL,953585010,2017-11-01 00:00:00,Relleno sanitario,-72.5705222,5.1570778,29|MUNICIPIO,62|CORPORACIÓN AUTÓNOMA REGIONAL DE LA ORINOQUÍA ¿ CORPORINOQUIA,Licencia ambiental,200-41.08-1507,2008-12-19 00:00:00,2038-12-19 00:00:00,2068-12-19 00:00:00,107.14,62|CORPORACIÓN AUTÓNOMA REGIONAL DE LA ORINOQUÍA ¿ CORPORINOQUIA,200-41.08-1507,2008-12-19 00:00:00,2038-12-19 00:00:00,2017-11-01 00:00:00,20/06/2018,172628.87,-172521.72999999998,-161024.57532200858,BAD
59,20638,SECRETARIA DE SERVICIOS PUBLICOS DEL MUNICIPIO  DE ARAUQUITA,ARAUCA,ARAUQUITA,PRADO PARAJE DE LA CEIBA,914081065,2018-02-02 00:00:00,Relleno sanitario,-71.428483,7.0275917,29|MUNICIPIO,62|CORPORACIÓN AUTÓNOMA REGIONAL DE LA ORINOQUÍA ¿ CORPORINOQUIA,Licencia ambiental,700.41.10-164,2010-10-27 00:00:00,2040-10-26 00:00:00,2040-10-26 00:00:00,501739.0,62|CORPORACIÓN AUTÓNOMA REGIONAL DE LA ORINOQUÍA ¿ CORPORINOQUIA,700.41.10-164,2010-10-27 00:00:00,2040-10-26 00:00:00,2018-02-02 00:00:00,07/05/2018,2311.01,499427.99,99.53939996691507,GOOD
60,22511,EMPRESA MUNICIPAL DE SERVICIOS PUBLICOS DE OROCUE SA ESP,CASANARE,OROCUE,RELLENO SANITARIO EL BOGANTE,707485230,2005-12-16 00:00:00,Relleno sanitario,-81.9999999,7.1215532,29|MUNICIPIO,62|CORPORACIÓN AUTÓNOMA REGIONAL DE LA ORINOQUÍA ¿ CORPORINOQUIA,Licencia ambiental,200.15.05.0969,2005-12-16 00:00:00,2041-09-11 00:00:00,2041-09-11 00:00:00,1323.0,62|CORPORACIÓN AUTÓNOMA REGIONAL DE LA ORINOQUÍA ¿ CORPORINOQUIA,200.15.05.0969,2005-12-16 00:00:00,2041-09-11 00:00:00,2041-09-11 00:00:00,19/09/2017,713.51,609.49,46.06878306878307,NORMAL
61,39774,EMPRESA DE SERVICIOS PUBLICOS DE PUERTO RONDON SAS ESP,ARAUCA,PUERTO RONDON,RELLENO SANITARIO PUERTO RONDON,2585581591,2010-03-19 00:00:00,Relleno sanitario,-71.0908,6.1708,29|MUNICIPIO,62|CORPORACIÓN AUTÓNOMA REGIONAL DE LA ORINOQUÍA ¿ CORPORINOQUIA,Licencia ambiental,7004110057,2010-03-19 00:00:00,2025-03-19 00:00:00,2030-03-19 00:00:00,19652.0,62|CORPORACIÓN AUTÓNOMA REGIONAL DE LA ORINOQUÍA ¿ CORPORINOQUIA,7004110057,2010-03-19 00:00:00,2025-03-19 00:00:00,2016-03-17 00:00:00,26/11/2021,40.59,19611.41,99.79345613677997,GOOD
62,793,EMPRESA DE SERVICIOS PUBLICOS  DE FRONTINO E.S.P. FRONTINO,ANTIOQUIA,FRONTINO,PARQUE DE APROVECHAMIENTO DE RESIDUOS SOLIDOS LA ESPERANZA,960005284,2013-06-08 00:00:00,Relleno sanitario,-76.1180553,6.8064444,29|MUNICIPIO,65|CORPORACIÓN PARA EL DESARROLLO SOSTENIBLE DEL URABÁ ¿ CORPOURABA,Licencia ambiental,200-03-20-02-0649-2010,2010-05-20 00:00:00,2038-06-08 00:00:00,2038-06-08 00:00:00,15.664,65|CORPORACIÓN PARA EL DESARROLLO SOSTENIBLE DEL URABÁ ¿ CORPOURABA,200-03-20-02-0649-2010,2010-05-20 00:00:00,2038-06-08 00:00:00,2016-01-01 00:00:00,27/06/2018,2812.24,-2796.5759999999996,-17853.5240040858,BAD
63,42698,EMPRESA DE ASEO REGIONAL DEL SUR DE BOLIVAR S.A.S. E.S.P.,BOLIVAR,SIMITI,RELLENO SANITARIO REGIONAL DEL SUR DE BOLIVAR,1241513744,2018-10-01 00:00:00,Relleno sanitario,-73.944046,7.836622,29|MUNICIPIO,66|CORPORACIÓN AUTÓNOMA REGIONAL DEL SUR DE BOLÍVAR ¿ CSB,Licencia ambiental,224,2010-09-24 00:00:00,2040-09-23 00:00:00,2040-09-23 00:00:00,18806.0,66|CORPORACIÓN AUTÓNOMA REGIONAL DEL SUR DE BOLÍVAR ¿ CSB,224,2010-09-24 00:00:00,2040-09-23 00:00:00,2018-10-01 00:00:00,06/06/2019,12125.64,6680.360000000001,35.52249282143997,NORMAL
64,1473,EMPRESA DE SERVICIOS PUBLICOS DE NATAGAIMA SA ESP,TOLIMA,NATAGAIMA,RELLENO SANITARIO PACANDE,390173483,2012-06-15 00:00:00,Relleno sanitario,-74.0439028,4.3546322,29|MUNICIPIO,68|CORPORACIÓN AUTÓNOMA REGIONAL DEL TOLIMA ¿ CORTOLIMA,Licencia ambiental,4463,2010-12-07 00:00:00,2040-12-06 00:00:00,2040-12-06 00:00:00,52.281000000000006,68|CORPORACIÓN AUTÓNOMA REGIONAL DEL TOLIMA ¿ CORTOLIMA,4463,2010-12-07 00:00:00,2040-12-06 00:00:00,2017-01-11 00:00:00,23/01/2017,1713.84,-1661.559,-3178.1316348195323,BAD
65,1780,EMPRESA DE SERVICIOS PUBLICOS DE CHAPARRAL E.S.P.,TOLIMA,CHAPARRAL,LAS TAPIAS,712273168,1996-06-18 00:00:00,celda transitoria,-75.9999999,4.0,29|MUNICIPIO,68|CORPORACIÓN AUTÓNOMA REGIONAL DEL TOLIMA ¿ CORTOLIMA,otro tipo de acto administrativo,910,2017-03-21 00:00:00,2019-02-21 00:00:00,2019-02-21 00:00:00,18553.0,68|CORPORACIÓN AUTÓNOMA REGIONAL DEL TOLIMA ¿ CORTOLIMA,,2017-03-21 00:00:00,2019-02-21 00:00:00,2017-08-01 00:00:00,22/09/2017,9026.53,9526.47,51.347329272893866,NORMAL
66,2044,INTERASEO S.A.S.  E.S.P.,TOLIMA,IBAGUE,LA MIEL,20273001,2004-05-06 00:00:00,Relleno sanitario,-75.0685,4.3622,28|EMPRESA OPERADORA,68|CORPORACIÓN AUTÓNOMA REGIONAL DEL TOLIMA ¿ CORTOLIMA,Licencia ambiental,927,2014-05-06 00:00:00,2023-12-31 00:00:00,2023-12-31 00:00:00,2286246.0,68|CORPORACIÓN AUTÓNOMA REGIONAL DEL TOLIMA ¿ CORTOLIMA,289,2005-03-18 00:00:00,2021-02-05 00:00:00,2016-04-01 00:00:00,21/05/2020,353627.49,1932618.51,84.53239546400519,GOOD
67,1868,VEOLIA ASEO BUGA  S.A.  E.S.P.,VALLE DEL CAUCA,SAN PEDRO,RELLENO SANITARIO REGIONAL PRESIDENTE,607676670,2016-04-01 00:00:00,Relleno sanitario,-76.2517856,3.9681262,28|EMPRESA OPERADORA,69|CORPORACIÓN AUTÓNOMA REGIONAL DEL VALLE DEL CAUCA ¿ CVC,Licencia ambiental,0100 NO 0150 -0061,2015-01-28 00:00:00,2046-01-28 00:00:00,2046-01-28 00:00:00,3812000.0,69|CORPORACIÓN AUTÓNOMA REGIONAL DEL VALLE DEL CAUCA ¿ CVC,0100 NO 0150 -0061,2015-01-28 00:00:00,2046-01-28 00:00:00,2016-04-01 00:00:00,05/08/2017,573745.26,3238254.74,84.94897009443861,GOOD
68,20286,BUENAVENTURA MEDIO AMBIENTE S.A. E.S.P.,VALLE DEL CAUCA,BUENAVENTURA,CELDA CORDOBA,1717676109,2018-12-28 00:00:00,celda de contingencia,-76.9136794,3.8789041,31|OTRA PERSONA NATURAL O JURIDICA,69|CORPORACIÓN AUTÓNOMA REGIONAL DEL VALLE DEL CAUCA ¿ CVC,otro tipo de acto administrativo,0753-96240-2018,2018-12-26 00:00:00,2023-04-26 00:00:00,2023-04-26 00:00:00,277577.0,69|CORPORACIÓN AUTÓNOMA REGIONAL DEL VALLE DEL CAUCA ¿ CVC,0750-73672018,2018-02-16 00:00:00,2023-02-16 00:00:00,2020-04-01 00:00:00,05/10/2020,32887.25,244689.75,88.1520262845985,GOOD
69,22175,INTERASEO DEL VALLE S.A.S. E.S.P.,VALLE DEL CAUCA,YOTOCO,RELLENO SANITARIO REGIONAL COLOMBA-EL GUABAL,8576890,2008-06-25 00:00:00,Relleno sanitario,-76.245022,3.460447,28|EMPRESA OPERADORA,69|CORPORACIÓN AUTÓNOMA REGIONAL DEL VALLE DEL CAUCA ¿ CVC,Licencia ambiental,0740-377,2007-08-09 00:00:00,2039-06-25 00:00:00,2039-06-25 00:00:00,19487769.0,69|CORPORACIÓN AUTÓNOMA REGIONAL DEL VALLE DEL CAUCA ¿ CVC,740000230,2013-04-11 00:00:00,2017-11-06 00:00:00,2016-04-01 00:00:00,02/06/2016,1329576.02,18158192.98,93.17738208001131,GOOD
70,315,EMPRESA DE SERVICIOS PUBLICOS DE SANDONA,NARINO,SANDONA,ANTANAS,622952683,2007-10-02 00:00:00,Relleno sanitario,-77.261054,1.276926,29|MUNICIPIO,70|CORPORACIÓN AUTÓNOMA REGIONAL DE NARIÑO - CORPONARIÑO,Licencia ambiental,963,2009-11-23 00:00:00,2037-12-31 00:00:00,2037-12-31 00:00:00,3867571.0,70|CORPORACIÓN AUTÓNOMA REGIONAL DE NARIÑO - CORPONARIÑO,128,2010-01-29 00:00:00,2037-12-31 00:00:00,2016-10-03 00:00:00,25/07/2017,325610.59,3541960.41,91.58100549414607,GOOD
71,1876,EMPRESA METROPOLITANA DE ASEO DE PASTO S.A.  E.S.P. ,NARINO,PASTO,ANTANAS,561052001,2004-10-18 00:00:00,Relleno sanitario,-77.261274,1.276895,29|MUNICIPIO,70|CORPORACIÓN AUTÓNOMA REGIONAL DE NARIÑO - CORPONARIÑO,Licencia ambiental,277,2003-09-29 00:00:00,2033-12-31 00:00:00,2033-12-31 00:00:00,3867571.0,70|CORPORACIÓN AUTÓNOMA REGIONAL DE NARIÑO - CORPONARIÑO,128,2010-01-29 00:00:00,2020-07-08 00:00:00,2016-04-01 00:00:00,31/05/2017,325610.59,3541960.41,91.58100549414607,GOOD
72,26753,EMPRESA DE SERVICIOS PUBLICOS DOMICILIARIOS DE ACUEDUCTO ALCANTARILLADO Y ASEO DEL MUNICIPIO DE ANCUYA NARINO SAS ESP,NARINO,ANCUYA,RELLENO SANITARIO ANTANAS,360252036,2016-04-01 00:00:00,Relleno sanitario,-77.261397,1.276788,31|OTRA PERSONA NATURAL O JURIDICA,70|CORPORACIÓN AUTÓNOMA REGIONAL DE NARIÑO - CORPONARIÑO,Licencia ambiental,963,2009-11-23 00:00:00,2034-11-22 00:00:00,2034-11-22 00:00:00,2500000.0,70|CORPORACIÓN AUTÓNOMA REGIONAL DE NARIÑO - CORPONARIÑO,963,2009-11-23 00:00:00,2034-11-22 00:00:00,2016-04-01 00:00:00,01/12/2016,336.64,2499663.36,99.9865344,GOOD
73,29711,EMPRESA DE SERVICIOS PUBLICOS DE BARBACOAS S.A.S E.S.P,NARINO,BARBACOAS,RELLENO SANITARIO,2117452079,2000-06-19 00:00:00,Relleno sanitario,-74.8976543,7.0009876,29|MUNICIPIO,70|CORPORACIÓN AUTÓNOMA REGIONAL DE NARIÑO - CORPONARIÑO,Licencia ambiental,357,2000-06-19 00:00:00,2023-06-19 00:00:00,2023-06-19 00:00:00,170000.0,70|CORPORACIÓN AUTÓNOMA REGIONAL DE NARIÑO - CORPONARIÑO,357,2000-06-19 00:00:00,2023-06-19 00:00:00,2023-06-19 00:00:00,03/05/2021,250.3,169749.7,99.85276470588235,GOOD
74,2311,"EMPRESA DE RECICLAJE, ASEO Y SERVICIOS DE MONTELIBANO S.A. E.S.P.",CORDOBA,MONTELIBANO,RELLENO SANITARIO CERRO MATOSO,712023466,2001-01-01 00:00:00,Relleno sanitario,-75.5452606,7.9220705,31|OTRA PERSONA NATURAL O JURIDICA,72|CORPORACIÓN AUTÓNOMA REGIONAL DE LAS VALLES DEL SINÚ Y SAN JORGE ¿ CVS,Licencia ambiental,224,1981-09-30 00:00:00,2029-09-30 00:00:00,2029-09-30 00:00:00,9000.0,72|CORPORACIÓN AUTÓNOMA REGIONAL DE LAS VALLES DEL SINÚ Y SAN JORGE ¿ CVS,19125,2013-07-15 00:00:00,2018-07-30 00:00:00,2016-09-22 00:00:00,22/09/2017,119.61,8880.39,98.671,GOOD
75,82,"SOCIEDAD DE ACUEDUCTO, ALCANTARILLADO Y ASEO DE BARRANQUILLA S.A. E.S.P.",ATLANTICO,GALAPA,RELLENO SANITARIO PARQUE AMBIENTAL LOS POCITOS,644108296,2009-03-01 00:00:00,Relleno sanitario,-74.924633,10.934631,28|EMPRESA OPERADORA,71|CORPORACIÓN AUTÓNOMA REGIONAL DEL ATLÁNTICO ¿ CRA,Licencia ambiental,RES 694 DE 2016,2016-10-04 00:00:00,2039-05-01 00:00:00,2039-05-02 00:00:00,20018534.5,92|NO CUENTA CON PERMISO DE VERTIMIENTO DE LIXIVIADOS,,,,2016-04-01 00:00:00,02/03/2020,1178158.19,18840376.31,94.1146631388027,GOOD
76,469,EMPRESA DE SERVICIOS PUBLICOS DE TAME  CARIBABARE E.S.P.,ARAUCA,TAME,RELLENO SANITARIO BRISAS DEL CRAVO,2052881794,2016-04-01 00:00:00,Relleno sanitario,-71.521114,6.26538,28|EMPRESA OPERADORA,62|CORPORACIÓN AUTÓNOMA REGIONAL DE LA ORINOQUÍA ¿ CORPORINOQUIA,Licencia ambiental,7003618101,2018-06-08 00:00:00,2038-06-08 00:00:00,2038-06-08 00:00:00,292493.3,92|NO CUENTA CON PERMISO DE VERTIMIENTO DE LIXIVIADOS,,,,2016-04-01 00:00:00,06/04/2021,2690.7,289802.6,99.08008149246496,GOOD
77,469,EMPRESA DE SERVICIOS PUBLICOS DE TAME  CARIBABARE E.S.P.,ARAUCA,TAME,SMIRT,964881794,2015-08-20 00:00:00,celda de contingencia,-71.8476765,6.4290167,28|EMPRESA OPERADORA,62|CORPORACIÓN AUTÓNOMA REGIONAL DE LA ORINOQUÍA ¿ CORPORINOQUIA,otro tipo de acto administrativo,7004115093,2015-08-20 00:00:00,2018-06-22 00:00:00,2018-12-13 00:00:00,41535.0,92|NO CUENTA CON PERMISO DE VERTIMIENTO DE LIXIVIADOS,,,,2016-07-15 00:00:00,07/01/2021,12288.88,29246.120000000003,70.41319369206693,GOOD
78,582,EMPRESAS PÚBLICAS  DE URRAO E.S.P.,ANTIOQUIA,URRAO,PARQUE AMBIENTAL LAS ORQUIEDAS,16105847,2010-03-12 00:00:00,Relleno sanitario,-76.143861,6.336055,29|MUNICIPIO,65|CORPORACIÓN PARA EL DESARROLLO SOSTENIBLE DEL URABÁ ¿ CORPOURABA,Licencia ambiental,21003200101396,2008-08-28 00:00:00,2029-10-16 00:00:00,2029-10-16 00:00:00,80869.0,92|NO CUENTA CON PERMISO DE VERTIMIENTO DE LIXIVIADOS,,,,2016-04-15 00:00:00,10/06/2016,4055.07,76813.93,94.98563108236777,GOOD
79,640,COMPAÑÍA DE SERVICIOS PÚBLICOS DE SOGAMOSO S.A. E.S.P.,BOYACA,SOGAMOSO,RELLENO SANITARIO TERRAZAS DEL PORVENIR,603315759,1994-10-03 00:00:00,Relleno sanitario,-72.8824674,5.7552138,28|EMPRESA OPERADORA,51|CORPORACIÓN AUTÓNOMA REGIONAL DE BOYACÁ - CORPOBOYACA,Licencia ambiental,3593,2012-12-07 00:00:00,2027-12-31 00:00:00,2027-12-31 00:00:00,1516023.0,92|NO CUENTA CON PERMISO DE VERTIMIENTO DE LIXIVIADOS,,,,2016-04-01 00:00:00,07/07/2017,101168.5,1414854.5,93.32671733872111,GOOD
80,650,EMPRESA INDUSTRIAL Y COMERCIAL DE SERVICIOS PUBLICOS DE CHIQUINQUIRA,BOYACA,CHIQUINQUIRA,CARAPACHO,721815176,2005-07-01 00:00:00,Relleno sanitario,-73.731743,5.6271,29|MUNICIPIO,42|CORPORACIÓN AUTÓNOMA REGIONAL DE CUNDINAMARCA - CAR,otro tipo de acto administrativo,2530,2015-11-20 00:00:00,2016-05-21 00:00:00,2016-05-21 00:00:00,17100.0,92|NO CUENTA CON PERMISO DE VERTIMIENTO DE LIXIVIADOS,,,,2016-01-01 00:00:00,02/10/2017,22062.68,-4962.68,-29.021520467836268,BAD
81,697,OFICINA DE SERVICIOS PUBLICOS MUNICIPIO DE ANZA,ANTIOQUIA,ANZA,LOS CEDROS,630105044,1992-12-01 00:00:00,Relleno sanitario,-75.8528,6.304287,29|MUNICIPIO,53|CORPORACIÓN AUTÓNOMA REGIONAL DEL CENTRO DE ANTIOQUIA -  CORANTIOQUIA,otro tipo de acto administrativo,,1992-12-01 00:00:00,2017-06-19 00:00:00,2017-06-19 00:00:00,8000.0,92|NO CUENTA CON PERMISO DE VERTIMIENTO DE LIXIVIADOS,,,,2016-01-01 00:00:00,01/08/2017,248.18,7751.82,96.89775,GOOD
82,738,EMPRESA DE SERVICIOS PUBLICOS DE OCAÑA S.A.  E.S.P.,NORTE DE SANTANDER,OCANA,LA MADERA,206654498,2009-12-24 00:00:00,Relleno sanitario,-73.3286167,8.2577028,28|EMPRESA OPERADORA,59|CORPORACIÓN AUTONÓMA REGIONAL DE NORTE DE SANTANDER ¿ CORPONOR,Licencia ambiental,594,2000-09-03 00:00:00,2043-12-31 00:00:00,2043-12-31 00:00:00,980531000.0,92|NO CUENTA CON PERMISO DE VERTIMIENTO DE LIXIVIADOS,,,,2016-04-01 00:00:00,02/09/2016,66572.74,980464427.26,99.99321054204303,GOOD
83,861,"UNIDAD ADMINISTRADORA DE LOS SERVICIOS PUBLICOS DE ACUEDUCTO, ALCANTARILLADO Y ASEO DE CARCASI",SANTANDER,CARCASI,VIA AL TOBAL,643968152,2006-02-01 00:00:00,Relleno sanitario,-72.592858,6.654545,29|MUNICIPIO,75|NO CUENTA CON PERMISO AMBIENTAL,,,,,,600.0,92|NO CUENTA CON PERMISO DE VERTIMIENTO DE LIXIVIADOS,,,,2016-04-01 00:00:00,10/08/2017,17.0,583.0,97.16666666666667,GOOD
84,1405,SECRETARIA DE SERVICIOS PUBLICOS MUNICIPIO DE SAN VICENTE ,ANTIOQUIA,SAN VICENTE FERRER,GRANJA EXPERIMENTAL DE RESIDUOS SOLIDOS,994005674,1993-01-01 00:00:00,Relleno sanitario,-75.1956,6.1655,29|MUNICIPIO,41|CORPORACIÓN AUTÓNOMA REGIONAL DE LOS RÍOS NEGRO Y NARE - CORNARE,Licencia ambiental,112-5337,2003-02-27 00:00:00,2024-02-27 00:00:00,2024-02-27 00:00:00,27317.0,92|NO CUENTA CON PERMISO DE VERTIMIENTO DE LIXIVIADOS,,,,2016-04-01 00:00:00,06/08/2018,2167.5,25149.5,92.06538053226929,GOOD
85,1818,MUNICIPIO DE CONCEPCION,ANTIOQUIA,CONCEPCION,RELLENO SANITARIO CERRO DE LA VIRGEN,966505206,1993-01-01 00:00:00,Relleno sanitario,-75.252602,6.383,29|MUNICIPIO,41|CORPORACIÓN AUTÓNOMA REGIONAL DE LOS RÍOS NEGRO Y NARE - CORNARE,otro tipo de acto administrativo,5917,1999-12-04 00:00:00,2027-12-04 00:00:00,2027-12-04 00:00:00,37188.0,92|NO CUENTA CON PERMISO DE VERTIMIENTO DE LIXIVIADOS,,,,2016-01-01 00:00:00,04/07/2018,366.21999999999997,36821.78,99.01521996342906,GOOD
86,1845,URBASER COLOMBIA S.A. E.S.P.,CORDOBA,MONTERIA,RELLENO SANITARIO LOMA GRANDE,624123001,2016-02-10 00:00:00,Relleno sanitario,-75.8389883,8.706919,28|EMPRESA OPERADORA,38|AUTORIDAD NACIONAL DE LICENCIAS AMBIENTALES - ANLA,Licencia ambiental,0569,2015-05-21 00:00:00,2032-09-02 00:00:00,2033-05-25 00:00:00,2177321.73,92|NO CUENTA CON PERMISO DE VERTIMIENTO DE LIXIVIADOS,,,,2016-04-01 00:00:00,27/07/2017,367090.91,1810230.82,83.1402541506808,GOOD
87,1845,URBASER COLOMBIA S.A. E.S.P.,QUINDIO,MONTENEGRO,RELLENO SANITARIO PARQUE AMBIENTAL ANDALUCIA,624063470,2015-04-17 00:00:00,Relleno sanitario,-75.8294081,4.4575878,28|EMPRESA OPERADORA,63|CORPORACIÓN AUTÓNOMA REGIONAL DEL QUINDÍO ¿ CRQ,Licencia ambiental,067,2013-02-18 00:00:00,2032-05-15 00:00:00,2034-07-12 00:00:00,1559596.36,92|NO CUENTA CON PERMISO DE VERTIMIENTO DE LIXIVIADOS,,,,2016-04-01 00:00:00,27/07/2017,287880.16,1271716.2000000002,81.54136753691833,GOOD
88,2005,EMPRESAS PÚBLICAS DE LA CEJA E.S.P.,ANTIOQUIA,LA CEJA,rancho triste ,400305376,1995-07-03 00:00:00,Relleno sanitario,-75.437914,5.980758,29|MUNICIPIO,41|CORPORACIÓN AUTÓNOMA REGIONAL DE LOS RÍOS NEGRO Y NARE - CORNARE,Aprobacion PMA,1471,1999-04-16 00:00:00,2022-05-19 00:00:00,2022-05-19 00:00:00,290903.0,92|NO CUENTA CON PERMISO DE VERTIMIENTO DE LIXIVIADOS,,,2019-05-10 00:00:00,2016-04-01 00:00:00,23/10/2019,20877.03,270025.97,92.82337067682354,GOOD
89,2044,INTERASEO S.A.S.  E.S.P.,ATLANTICO,PALMAR DE VARELA,EL CLAVO,20308520,2011-05-05 00:00:00,Relleno sanitario,-74.8163,10.80138,28|EMPRESA OPERADORA,71|CORPORACIÓN AUTÓNOMA REGIONAL DEL ATLÁNTICO ¿ CRA,Licencia ambiental,0672,2010-10-08 00:00:00,2040-05-05 00:00:00,2040-05-05 00:00:00,9004988.0,92|NO CUENTA CON PERMISO DE VERTIMIENTO DE LIXIVIADOS,0,,,2016-04-01 00:00:00,14/06/2016,638912.53,8366075.47,92.90490414867848,GOOD
90,2044,INTERASEO S.A.S.  E.S.P.,LA GUAJIRA,FONSECA,REGIONAL SUR DE LA GUAJIRA,20644279,2011-07-01 00:00:00,Relleno sanitario,-72.7845,10.859,29|MUNICIPIO,61|CORPORACIÓN AUTÓNOMA REGIONAL DE LA GUAJIRA ¿ CORPOGUAJIRA,Licencia ambiental,1307,2010-06-22 00:00:00,2038-01-06 00:00:00,2038-01-06 00:00:00,1722031.0,92|NO CUENTA CON PERMISO DE VERTIMIENTO DE LIXIVIADOS,0,,,2016-04-01 00:00:00,14/06/2016,73950.21,1648080.79,95.70564002622484,GOOD
91,2044,INTERASEO S.A.S.  E.S.P.,LA GUAJIRA,RIOHACHA,CELDA DE CONTINGENCIA,20844001,2008-05-27 00:00:00,celda transitoria,-72.9069,11.5441,29|MUNICIPIO,61|CORPORACIÓN AUTÓNOMA REGIONAL DE LA GUAJIRA ¿ CORPOGUAJIRA,Aprobacion PMA,1616,2018-07-26 00:00:00,2022-04-06 00:00:00,2022-04-06 00:00:00,148500.0,92|NO CUENTA CON PERMISO DE VERTIMIENTO DE LIXIVIADOS,0,,2022-04-06 00:00:00,2016-04-01 00:00:00,22/07/2019,106718.87,41781.130000000005,28.135441077441072,BAD
92,2044,INTERASEO S.A.S.  E.S.P.,MAGDALENA,ARACATACA,REGIONAL ECOSISTEMA SIERRA NEVADA DE SANTA MARTA,20747053,2009-09-16 00:00:00,Relleno sanitario,-74.0912,10.3111,29|MUNICIPIO,44|CORPORACIÓN AUTÓNOMA REGIONAL DEL MAGDALENA - CORPOMAG,Licencia ambiental,2564,2008-11-04 00:00:00,2038-11-04 00:00:00,2038-11-04 00:00:00,1790390.0,92|NO CUENTA CON PERMISO DE VERTIMIENTO DE LIXIVIADOS,0,,,2016-04-01 00:00:00,14/06/2016,76439.14,1713950.86,95.73058719050039,GOOD
93,2086,"EMPRESA DE ACUEDUCTO, ALCANTARILLADO Y ASEO DE YOPAL  EICE - ESP",CASANARE,YOPAL,EL CASCAJAR,350385001,2000-04-30 00:00:00,Relleno sanitario,-72.2969806,5.4141282,28|EMPRESA OPERADORA,62|CORPORACIÓN AUTÓNOMA REGIONAL DE LA ORINOQUÍA ¿ CORPORINOQUIA,Licencia ambiental,200.41.11.1153,2011-06-22 00:00:00,2018-08-31 00:00:00,2018-10-31 00:00:00,629.783,92|NO CUENTA CON PERMISO DE VERTIMIENTO DE LIXIVIADOS,,,,2016-04-01 00:00:00,24/04/2019,110722.01,-110092.227,-17480.977892385155,BAD
94,2095,UNIDAD DE SERVICIOS PUBLICOS DOMICILIARIOS DE BUSBANZA,BOYACA,BUSBANZA,CELDA TRANSITORIA NUMA,789615114,2002-11-25 00:00:00,celda transitoria,-72.833814,5.830509,29|MUNICIPIO,75|NO CUENTA CON PERMISO AMBIENTAL,,,,,,152.0,92|NO CUENTA CON PERMISO DE VERTIMIENTO DE LIXIVIADOS,,,,2016-01-01 00:00:00,04/12/2017,10.75,141.25,92.92763157894737,GOOD
95,2182,"EMPRESA COMUNITARIA DE ACUEDUCTO, ALCANTARILLADO Y ASEO URBANO Y RURAL DEL MUNICIPIO DE FORTUL",ARAUCA,FORTUL,CELDA SAN PEDRO,705181300,2010-10-01 00:00:00,celda de contingencia,-71.465457,6.463488,29|MUNICIPIO,62|CORPORACIÓN AUTÓNOMA REGIONAL DE LA ORINOQUÍA ¿ CORPORINOQUIA,Aprobacion PMA,700.41.13-060,2013-11-14 00:00:00,2014-11-14 00:00:00,2017-06-30 00:00:00,2250.0,92|NO CUENTA CON PERMISO DE VERTIMIENTO DE LIXIVIADOS,,,,2016-01-01 00:00:00,14/09/2017,958.49,1291.51,57.400444444444446,NORMAL
96,2256,EMPRESA DE SERVICIOS  DE ASEO DE VALLEDUPAR S.A.S. E.S.P. ASEOUPAR S.A.S. E.S.P.,CESAR,VALLEDUPAR,LOS CORAZONES,812020001,1999-12-01 00:00:00,Relleno sanitario,-73.243404,10.546355,28|EMPRESA OPERADORA,57|CORPORACIÓN AUTÓNOMA REGIONAL DEL CESAR ¿ CORPOCESAR,Licencia ambiental,0916,2013-06-28 00:00:00,2028-04-27 00:00:00,2028-04-27 00:00:00,2777365.83,92|NO CUENTA CON PERMISO DE VERTIMIENTO DE LIXIVIADOS,,,,2016-04-01 00:00:00,10/01/2018,362431.55,2414934.2800000003,86.9505289477836,GOOD
97,2377,EMPRESA PRESTADORA DEL SERVICIO PUBLICO DE ASEO CIUDAD BOLIVAR,ANTIOQUIA,CIUDAD BOLIVAR,CIUDADBOLIVAR,14105101,2001-05-10 00:00:00,Relleno sanitario,-76.02,5.8,29|MUNICIPIO,53|CORPORACIÓN AUTÓNOMA REGIONAL DEL CENTRO DE ANTIOQUIA -  CORANTIOQUIA,Licencia ambiental,CI 740,2000-09-14 00:00:00,2002-09-14 00:00:00,2020-09-14 00:00:00,42482.0,92|NO CUENTA CON PERMISO DE VERTIMIENTO DE LIXIVIADOS,,,,2016-04-01 00:00:00,10/06/2016,5781.64,36700.36,86.3903771008898,GOOD
98,2403,EMPRESAS PUBLICAS DE CAICEDONIA E.S.P.,VALLE DEL CAUCA,CAICEDONIA,EL JAZMIN,382576122,1994-12-14 00:00:00,celda de contingencia,-75.4952,4.2012,29|MUNICIPIO,69|CORPORACIÓN AUTÓNOMA REGIONAL DEL VALLE DEL CAUCA ¿ CVC,otro tipo de acto administrativo,0731-11956-03-2015,2015-03-08 00:00:00,2017-08-30 00:00:00,2019-05-10 00:00:00,3500.0,92|NO CUENTA CON PERMISO DE VERTIMIENTO DE LIXIVIADOS,,,2019-05-10 00:00:00,2016-04-01 00:00:00,08/08/2019,4180.4,-680.3999999999996,-19.439999999999984,BAD
99,2636,REDIBA S.A ES.P,SANTANDER,BARRANCABERMEJA,RELLENO SANITARIO REDIBA SA ESP,922668081,2015-01-01 00:00:00,Relleno sanitario,-73.704712,7.100192,28|EMPRESA OPERADORA,55|CORPORACIÓN AUTÓNOMA REGIONAL DE SANTANDER - CAS,Licencia ambiental,DGL0001121,2014-11-27 00:00:00,2045-01-01 00:00:00,2045-01-01 00:00:00,2170000.0,92|NO CUENTA CON PERMISO DE VERTIMIENTO DE LIXIVIADOS,,,,2016-04-01 00:00:00,16/05/2018,88798.04,2081201.96,95.90792442396314,GOOD
100,2690,BIOGER S.A.S. E.S.P.,BOLIVAR,CARTAGENA DE INDIAS,PARQUE AMBIENTAL BIOGER,1330313001,2019-05-01 00:00:00,Relleno sanitario,-75.5093343,10.2586913,31|OTRA PERSONA NATURAL O JURIDICA,48|CORPORACIÓN AUTÓNOMA REGIONAL DEL CANAL DEL DIQUE - CARDIQUE,Licencia ambiental,0616,2004-07-27 00:00:00,2024-07-27 00:00:00,2024-07-27 00:00:00,250.0,92|NO CUENTA CON PERMISO DE VERTIMIENTO DE LIXIVIADOS,,,,2019-05-02 00:00:00,02/09/2019,69642.29,-69392.29,-27756.915999999997,BAD
101,2690,BIOGER S.A.S. E.S.P.,CESAR,BOSCONIA,RELLENO REGIONAL NOROCCIDENTE DEL CESAR,669120060,2014-01-07 00:00:00,Relleno sanitario,-73.902951,9.996562,30|DEPARTAMENTO,57|CORPORACIÓN AUTÓNOMA REGIONAL DEL CESAR ¿ CORPOCESAR,Licencia ambiental,144,2011-02-15 00:00:00,2041-02-15 00:00:00,2041-02-15 00:00:00,28084.0,92|NO CUENTA CON PERMISO DE VERTIMIENTO DE LIXIVIADOS,,,,2016-04-01 00:00:00,24/08/2017,92793.56,-64709.56,-230.4143284432417,BAD
102,2787,EMPRESA DE SERVICIOS DE CURILLO   S.A E.S.P,CAQUETA,CURILLO,CHICAO,653118205,2015-03-03 00:00:00,Relleno sanitario,-75.758611,1.033778,29|MUNICIPIO,47|CORPORACIÓN PARA EL DESARROLLO SOSTENIBLE DEL SUR DE LA AMAZONIA - CORPOAMAZONIA,Licencia ambiental,0205,2015-03-03 00:00:00,2043-03-03 00:00:00,2043-03-03 00:00:00,7988.0,92|NO CUENTA CON PERMISO DE VERTIMIENTO DE LIXIVIADOS,,,,2016-10-01 00:00:00,21/08/2017,1489.83,6498.17,81.34914872308462,GOOD
103,2866,VEOLIA ASEO NORTE DE SANTANDER SAS ESP,CESAR,AGUACHICA,LAS BATEAS,30220011,2007-08-01 00:00:00,Relleno sanitario,-73.652693,8.289306,28|EMPRESA OPERADORA,57|CORPORACIÓN AUTÓNOMA REGIONAL DEL CESAR ¿ CORPOCESAR,Licencia ambiental,877,2015-07-21 00:00:00,2017-01-03 00:00:00,2017-01-03 00:00:00,995017.0,92|NO CUENTA CON PERMISO DE VERTIMIENTO DE LIXIVIADOS,,,,2016-04-01 00:00:00,15/06/2016,114322.44,880694.56,88.5105038406379,GOOD
104,2866,VEOLIA ASEO NORTE DE SANTANDER SAS ESP,NORTE DE SANTANDER,CUCUTA,GUAYABAL,30154001,2001-04-23 00:00:00,Relleno sanitario,-72.502406,8.021234,28|EMPRESA OPERADORA,59|CORPORACIÓN AUTONÓMA REGIONAL DE NORTE DE SANTANDER ¿ CORPONOR,Licencia ambiental,450,2006-08-24 00:00:00,2025-09-18 00:00:00,2025-09-18 00:00:00,10947599.0,92|NO CUENTA CON PERMISO DE VERTIMIENTO DE LIXIVIADOS,,,,2016-04-01 00:00:00,15/06/2016,618675.18,10328923.82,94.3487592119514,GOOD
105,2989,OPERADORES DE SERVICIOS DE LA SIERRA S.A.S. E.S.P.,MAGDALENA,CIENAGA,LA MARIA,2436747189,2006-08-03 00:00:00,Relleno sanitario,-74.2064176,10.9924081,29|MUNICIPIO,44|CORPORACIÓN AUTÓNOMA REGIONAL DEL MAGDALENA - CORPOMAG,Licencia ambiental,1327,2006-08-03 00:00:00,2030-08-03 00:00:00,2030-08-03 00:00:00,679000.0,92|NO CUENTA CON PERMISO DE VERTIMIENTO DE LIXIVIADOS,,,,2018-01-01 00:00:00,17/09/2021,52745.38,626254.62,92.2319027982327,GOOD
106,3304,SERVIASEO S.A.  E.S.P.,SUCRE,COROZAL,LA CANDELARIA,4170215,2003-04-01 00:00:00,Relleno sanitario,-75.266686,9.309148,28|EMPRESA OPERADORA,52|CORPORACIÓN AUTÓNOMA REGIONAL DE SUCRE - CARSUCRE,Licencia ambiental,0890,2003-08-08 00:00:00,2023-08-08 00:00:00,2044-12-31 00:00:00,2676434.45,92|NO CUENTA CON PERMISO DE VERTIMIENTO DE LIXIVIADOS,,,,2016-04-01 00:00:00,02/06/2016,134527.5,2541906.95,94.97362993515496,GOOD
107,3383,SERVICIOS AMBIENTALES S.A.  E.S.P.,CUNDINAMARCA,GIRARDOT,PARQUE ECOLOGICO PRADERAS DEL MAGDALENA,430125307,2005-11-01 00:00:00,Relleno sanitario,-74.85732,4.32819,28|EMPRESA OPERADORA,42|CORPORACIÓN AUTÓNOMA REGIONAL DE CUNDINAMARCA - CAR,Licencia ambiental,408,2005-03-09 00:00:00,2021-03-09 00:00:00,2025-03-09 00:00:00,1035538.584,92|NO CUENTA CON PERMISO DE VERTIMIENTO DE LIXIVIADOS,,,,2016-04-01 00:00:00,28/02/2017,274889.65,760648.934,73.45442707328421,GOOD
108,20013,EMPRESA DE SERVICIOS PUBLICOS DEL META S.A. E.S.P.,META,LA MACARENA,Puerta Roja,1379250350,2009-02-10 00:00:00,celda transitoria,-73.3261111,3.4755556,29|MUNICIPIO,75|NO CUENTA CON PERMISO AMBIENTAL,otro tipo de acto administrativo,2.6.09.0046,2009-01-26 00:00:00,2018-12-01 00:00:00,2018-12-01 00:00:00,3600.0,92|NO CUENTA CON PERMISO DE VERTIMIENTO DE LIXIVIADOS,2.6.09.0046,2009-01-26 00:00:00,2018-12-01 00:00:00,2016-04-01 00:00:00,07/10/2021,2629.65,970.3499999999999,26.954166666666666,BAD
109,20013,EMPRESA DE SERVICIOS PUBLICOS DEL META S.A. E.S.P.,META,MAPIRIPAN,La Mapiripana,1379350325,2008-07-25 00:00:00,celda transitoria,-72.1433611,2.9500833,31|OTRA PERSONA NATURAL O JURIDICA,75|NO CUENTA CON PERMISO AMBIENTAL,otro tipo de acto administrativo,2.6.08.0433,2008-06-17 00:00:00,2018-12-01 00:00:00,2018-12-01 00:00:00,1250.0,92|NO CUENTA CON PERMISO DE VERTIMIENTO DE LIXIVIADOS,2.6.08.0433,2008-06-17 00:00:00,2018-12-01 00:00:00,2016-04-01 00:00:00,07/10/2021,767.83,482.16999999999996,38.5736,NORMAL
110,20013,EMPRESA DE SERVICIOS PUBLICOS DEL META S.A. E.S.P.,META,URIBE,VEREDA EL BRASIL,1379450370,2008-06-16 00:00:00,celda transitoria,-74.3343056,3.2343056,29|MUNICIPIO,75|NO CUENTA CON PERMISO AMBIENTAL,otro tipo de acto administrativo,2.6.08.0417,2008-06-09 00:00:00,2018-12-01 00:00:00,2018-12-01 00:00:00,1680.0,92|NO CUENTA CON PERMISO DE VERTIMIENTO DE LIXIVIADOS,2.6.08.0417,2008-06-09 00:00:00,2018-12-01 00:00:00,2016-04-01 00:00:00,07/10/2021,37.5,1642.5,97.76785714285714,GOOD
111,20352,CARIBE VERDE S. A.   E. S. P.,BOLIVAR,TURBANA,RELLENO SANITARIO PARQUE AMBIENTAL LOMA DE LOS COCOS,270713838,2005-05-10 00:00:00,Relleno sanitario,-75.4807963,10.2728593,29|MUNICIPIO,48|CORPORACIÓN AUTÓNOMA REGIONAL DEL CANAL DEL DIQUE - CARDIQUE,Licencia ambiental,0229,2005-03-18 00:00:00,2025-05-10 00:00:00,2025-05-10 00:00:00,8584983.75,92|NO CUENTA CON PERMISO DE VERTIMIENTO DE LIXIVIADOS,,,,2016-04-01 00:00:00,13/10/2016,586922.98,7998060.77,93.16337692543681,GOOD
112,20638,SECRETARIA DE SERVICIOS PUBLICOS DEL MUNICIPIO  DE ARAUQUITA,ARAUCA,ARAUQUITA,FLORIDA 2,819581065,2000-05-31 00:00:00,celda de contingencia,-71.428483,7.0275917,29|MUNICIPIO,62|CORPORACIÓN AUTÓNOMA REGIONAL DE LA ORINOQUÍA ¿ CORPORINOQUIA,otro tipo de acto administrativo,700.41.15.0114,2015-09-16 00:00:00,2016-05-23 00:00:00,2016-05-23 00:00:00,9236.0,92|NO CUENTA CON PERMISO DE VERTIMIENTO DE LIXIVIADOS,,,,2016-01-01 00:00:00,11/09/2018,0.11,9235.89,99.99880900822868,GOOD
113,21785,URBASER TUNJA S.A.  E.S.P.,BOYACA,TUNJA,RELLENO SANITARIO PARQUE AMBIENTAL PIRGUA,624215001,2015-09-23 00:00:00,Relleno sanitario,-73.3215609,5.5752721,28|EMPRESA OPERADORA,51|CORPORACIÓN AUTÓNOMA REGIONAL DE BOYACÁ - CORPOBOYACA,Licencia ambiental,2752,2010-10-01 00:00:00,2056-03-20 00:00:00,2061-03-12 00:00:00,2447206.54,92|NO CUENTA CON PERMISO DE VERTIMIENTO DE LIXIVIADOS,,,,2016-04-01 00:00:00,27/07/2017,163523.21,2283683.33,93.31796449023874,GOOD
114,22045,MUNICIPIO DE MOMPOS,BOLIVAR,MOMPOS,BACA MOMPOX,982313468,2014-03-27 00:00:00,botadero a cielo abierto,-74.408827,9.2140011,29|MUNICIPIO,75|NO CUENTA CON PERMISO AMBIENTAL,,,,,,74200.0,92|NO CUENTA CON PERMISO DE VERTIMIENTO DE LIXIVIADOS,,,,2016-03-09 00:00:00,23/07/2018,144.0,74056.0,99.80592991913747,GOOD
115,22087,FUTURASEO S.A.S E.S.P,ANTIOQUIA,TARAZA,PIEDRAS,1204905790,2016-02-01 00:00:00,Relleno sanitario,-75.225699,7.335899,31|OTRA PERSONA NATURAL O JURIDICA,53|CORPORACIÓN AUTÓNOMA REGIONAL DEL CENTRO DE ANTIOQUIA -  CORANTIOQUIA,Licencia ambiental,160PZ-1603-3547,2016-03-03 00:00:00,2020-02-15 00:00:00,2020-02-15 00:00:00,27264.0,92|NO CUENTA CON PERMISO DE VERTIMIENTO DE LIXIVIADOS,,,,2016-10-01 00:00:00,22/10/2020,6910.5199999999995,20353.48,74.65331572769954,GOOD
116,22087,FUTURASEO S.A.S E.S.P,ANTIOQUIA,TURBO,CENTRO INDUSTRIAL DE RESIDUOS SOLIDOS DE URABA EL TEJAR,1412405837,2008-10-31 00:00:00,Relleno sanitario,-76.651225,8.073507,28|EMPRESA OPERADORA,65|CORPORACIÓN PARA EL DESARROLLO SOSTENIBLE DEL URABÁ ¿ CORPOURABA,Licencia ambiental,0302011185,2006-08-14 00:00:00,2026-01-01 00:00:00,2026-01-01 00:00:00,27264.0,92|NO CUENTA CON PERMISO DE VERTIMIENTO DE LIXIVIADOS,,,,2016-04-01 00:00:00,08/11/2019,175727.04,-148463.04,-544.5387323943662,BAD
117,22212,ADMINISTRACION PUBLICA COOPERATIVA DE SERVICIOS PUBLICOS DE SAN VICENTE DE CHUCURI,SANTANDER,SAN VICENTE DE CHUCURI,RELLENO SANITARIO SAN VICENTE DE CHUCURI,811968689,2009-08-09 00:00:00,Relleno sanitario,-73.4323611,6.8718333,29|MUNICIPIO,75|NO CUENTA CON PERMISO AMBIENTAL,Licencia ambiental,0832,2006-08-28 00:00:00,2019-12-21 00:00:00,2019-12-21 00:00:00,65068.0,92|NO CUENTA CON PERMISO DE VERTIMIENTO DE LIXIVIADOS,,,,2016-01-01 00:00:00,18/06/2019,557.01,64510.99,99.14395709104322,GOOD
118,22322,AGUAS DEL NORTE ANTIOQUEÑO S.A E.S.P,ANTIOQUIA,YARUMAL,YARUMOS II,623905887,2008-08-01 00:00:00,Relleno sanitario,-75.429999,6.969999,28|EMPRESA OPERADORA,53|CORPORACIÓN AUTÓNOMA REGIONAL DEL CENTRO DE ANTIOQUIA -  CORANTIOQUIA,Licencia ambiental,160TH150811835,2015-08-18 00:00:00,2022-08-18 00:00:00,2022-08-18 00:00:00,60000.0,92|NO CUENTA CON PERMISO DE VERTIMIENTO DE LIXIVIADOS,,,,2016-04-01 00:00:00,26/07/2017,6043.93,53956.07,89.92678333333333,GOOD
119,22625,EMPRESA DE SERVICIOS PUBLICOS DOMICILIARIOS DE AMALFI S.A E.S.P.,ANTIOQUIA,AMALFI,LA ESPAÑOLA,1538705031,2011-01-01 00:00:00,Relleno sanitario,-75.0661167,6.9171667,31|OTRA PERSONA NATURAL O JURIDICA,53|CORPORACIÓN AUTÓNOMA REGIONAL DEL CENTRO DE ANTIOQUIA -  CORANTIOQUIA,Licencia ambiental,130ZF2347,2006-07-25 00:00:00,2025-07-25 00:00:00,2025-07-25 00:00:00,55427.18,92|NO CUENTA CON PERMISO DE VERTIMIENTO DE LIXIVIADOS,,,,2019-02-01 00:00:00,06/04/2020,2186.89,53240.29,96.05448085217397,GOOD
120,22669,EMPRESA DE SERVICIOS PUBLICOS DE VILLANUEVA ESPAVI S.A. E.S.P.,CASANARE,VILLANUEVA,LA ESPERANZA,644085440,2004-09-30 00:00:00,Relleno sanitario,-72.9516667,4.6155556,29|MUNICIPIO,62|CORPORACIÓN AUTÓNOMA REGIONAL DE LA ORINOQUÍA ¿ CORPORINOQUIA,Licencia ambiental,20041090645,2009-06-09 00:00:00,2030-06-09 00:00:00,2030-06-09 00:00:00,152320.0,92|NO CUENTA CON PERMISO DE VERTIMIENTO DE LIXIVIADOS,,,,2017-05-01 00:00:00,10/08/2017,14652.71,137667.29,90.3803111869748,GOOD
121,22833,EMPRESA DE SERVICIOS PÚBLICOS DE RONCESVALLES S.A. E.S.P.,TOLIMA,RONCESVALLES,CELDA DE DISPOSICION FINAL RONCESVALLES,648373622,2006-02-06 00:00:00,celda de contingencia,-75.605278,4.010833,29|MUNICIPIO,68|CORPORACIÓN AUTÓNOMA REGIONAL DEL TOLIMA ¿ CORTOLIMA,otro tipo de acto administrativo,016,2006-02-06 00:00:00,2020-02-06 00:00:00,2020-02-06 00:00:00,470241000.0,92|NO CUENTA CON PERMISO DE VERTIMIENTO DE LIXIVIADOS,,,,2016-03-01 00:00:00,14/08/2017,245.0,470240755.0,99.99994789905601,GOOD
122,22911,VEOLIA ASEO SANTANDER Y CESAR S.A E.S.P,SANTANDER,BARRANCABERMEJA,PARQUE TECNOLOGICO AMBIENTAL SAN SILVESTRE,2431068081,2015-01-01 00:00:00,Relleno sanitario,-73.700661,7.096862,28|EMPRESA OPERADORA,55|CORPORACIÓN AUTÓNOMA REGIONAL DE SANTANDER - CAS,Licencia ambiental,1121,2014-12-27 00:00:00,2044-12-27 00:00:00,2044-12-27 00:00:00,2170000.0,92|NO CUENTA CON PERMISO DE VERTIMIENTO DE LIXIVIADOS,,,,2016-04-01 00:00:00,15/09/2021,15159.880000000001,2154840.12,99.30138801843319,GOOD
123,23508,ADMINISTRACION PUBLICA COOPERATIVA EMPRESA SOLIDARIA DE SERVICIOS PUBLICOS DEL MUNICIPIO DE SAN MIGUEL DE SEMA,BOYACA,SAN MIGUEL DE SEMA,SITIO DE DISPOSICION FINAL RELLENO SANITARIO,1669315676,2003-12-23 00:00:00,cuerpo de agua,-73.432268,5.330866,29|MUNICIPIO,42|CORPORACIÓN AUTÓNOMA REGIONAL DE CUNDINAMARCA - CAR,Licencia ambiental,1490,2003-12-23 00:00:00,2020-12-23 00:00:00,2043-12-23 00:00:00,3174.0,92|NO CUENTA CON PERMISO DE VERTIMIENTO DE LIXIVIADOS,,,,2016-01-01 00:00:00,31/08/2020,105.2,3068.8,96.68557025834909,GOOD
124,24533,CENTRO DE GERENCIAMIENTO DE RESIDUOS DOÑA JUANA S.A. E.S.P.,"BOGOTA, D.C.","BOGOTA, D.C.",RELLENO SANITARIO DOÑA JUANA,655611001,2010-12-16 00:00:00,Relleno sanitario,-74.0736392,4.3132613,29|MUNICIPIO,42|CORPORACIÓN AUTÓNOMA REGIONAL DE CUNDINAMARCA - CAR,Licencia ambiental,1351,2014-06-18 00:00:00,2022-03-31 00:00:00,2022-03-31 00:00:00,17197610.0,92|NO CUENTA CON PERMISO DE VERTIMIENTO DE LIXIVIADOS,,,,2016-01-01 00:00:00,22/08/2017,3377913.93,13819696.07,80.35823623166243,GOOD
125,24811,EMPRESA DE SERVICIOS PUBLICOS DOMICILIARIOS AGUAS DEL SAN JUAN S.A. E.S.P.,CHOCO,ISTMINA,EL CHONTADURO,2356927361,2012-01-01 00:00:00,botadero a cielo abierto,-76.678418,5.12734,31|OTRA PERSONA NATURAL O JURIDICA,75|NO CUENTA CON PERMISO AMBIENTAL,,,,,,45864.0,92|NO CUENTA CON PERMISO DE VERTIMIENTO DE LIXIVIADOS,,,,2016-01-01 00:00:00,10/08/2021,1295.0,44569.0,97.17643467643468,GOOD
126,25653,ADMINISTRACION PUBLICA COOPERATIVA DE AGUA POTABLE Y SANEAMIENTO BASICO DE CUMBITARA,NARINO,CUMBITARA,RELLENO SANITARIO DE CUMBITARA,1254852233,2011-05-24 00:00:00,Relleno sanitario,-77.34232,1.38477,29|MUNICIPIO,70|CORPORACIÓN AUTÓNOMA REGIONAL DE NARIÑO - CORPONARIÑO,Licencia ambiental,708,2014-09-25 00:00:00,2024-09-25 00:00:00,2034-09-25 00:00:00,7650.0,92|NO CUENTA CON PERMISO DE VERTIMIENTO DE LIXIVIADOS,,,,2017-03-01 00:00:00,18/06/2019,377.29,7272.71,95.0681045751634,GOOD
127,26106,EMPRESA DE SERVICIOS PÚBLICOS DE EL MUNICIPIO DE CUCUNUBÁ SAS ESP,CUNDINAMARCA,CUCUNUBA,RELLENO SANITARIO VDA APOSENTOS,644525224,1999-12-14 00:00:00,Relleno sanitario,-73.781638,5.224897,29|MUNICIPIO,42|CORPORACIÓN AUTÓNOMA REGIONAL DE CUNDINAMARCA - CAR,Licencia ambiental,0005,2000-01-03 00:00:00,2015-01-03 00:00:00,2055-05-31 00:00:00,19222.0,92|NO CUENTA CON PERMISO DE VERTIMIENTO DE LIXIVIADOS,,,,2016-04-30 00:00:00,26/11/2019,467.06,18754.94,97.57018000208095,GOOD
128,26115,EMPRESA DE SOLUCIONES AMBIENTALES PARA COLOMBIA S.A E.S.P.,SANTANDER,SAN GIL,EL CUCHARO,961168679,2012-05-15 00:00:00,Relleno sanitario,-73.1884167,6.5538083,28|EMPRESA OPERADORA,55|CORPORACIÓN AUTÓNOMA REGIONAL DE SANTANDER - CAS,Licencia ambiental,0020,2003-01-15 00:00:00,2023-01-15 00:00:00,2048-01-15 00:00:00,550000.0,92|NO CUENTA CON PERMISO DE VERTIMIENTO DE LIXIVIADOS,,,,2018-06-01 00:00:00,29/06/2018,31551.63,518448.37,94.26334,GOOD
129,26115,EMPRESA DE SOLUCIONES AMBIENTALES PARA COLOMBIA S.A E.S.P.,SANTANDER,SAN GIL,EL CUCHARO,1725368679,2003-01-15 00:00:00,Relleno sanitario,-73.11183,6.331341,28|EMPRESA OPERADORA,55|CORPORACIÓN AUTÓNOMA REGIONAL DE SANTANDER - CAS,Licencia ambiental,020,2003-01-15 00:00:00,2023-01-15 00:00:00,2048-01-15 00:00:00,550000.0,92|NO CUENTA CON PERMISO DE VERTIMIENTO DE LIXIVIADOS,,,,2018-06-01 00:00:00,16/10/2020,31551.63,518448.37,94.26334,GOOD
130,26158,AGUAS DE CHIRIBIQUETE S.A.S. ESP.,CAQUETA,SOLANO,EL AMARILLO,964018756,2012-10-16 00:00:00,Relleno sanitario,-75.2537643,0.699307,29|MUNICIPIO,75|NO CUENTA CON PERMISO AMBIENTAL,,,,,,30000.0,92|NO CUENTA CON PERMISO DE VERTIMIENTO DE LIXIVIADOS,,,,2016-02-01 00:00:00,02/07/2018,859.42,29140.58,97.13526666666667,GOOD
131,26547,EMPRESA DE SERVICIOS PUBLICOS DOMICILIARIOS DEL MUNICIPIO DE PEQUE ANTIOQUIA S.A E.S.P ,ANTIOQUIA,PEQUE,LA GRANJA,797505543,1990-08-01 00:00:00,botadero a cielo abierto,-75.09135,7.0221944,29|MUNICIPIO,75|NO CUENTA CON PERMISO AMBIENTAL,,,,,,3363.0,92|NO CUENTA CON PERMISO DE VERTIMIENTO DE LIXIVIADOS,,,,2016-01-01 00:00:00,12/12/2017,520.0,2843.0,84.53761522450193,GOOD
132,26567,EMPRESA DE ASEO DE ARAUCA S.A. ESP,ARAUCA,ARAUCA,RELLENO SANITARIO LAS GARZAS,655781001,2014-09-22 00:00:00,Relleno sanitario,-70.86444,6.969778,29|MUNICIPIO,62|CORPORACIÓN AUTÓNOMA REGIONAL DE LA ORINOQUÍA ¿ CORPORINOQUIA,Licencia ambiental,700.41.14-020,2014-03-03 00:00:00,2029-03-03 00:00:00,2029-03-03 00:00:00,505100.0,92|NO CUENTA CON PERMISO DE VERTIMIENTO DE LIXIVIADOS,,,,2017-03-01 00:00:00,22/08/2017,30559.31,474540.69,93.9498495347456,GOOD
133,26742,EMPRESA DE SERVICIOS PUBLICOS DE SAN FRANCISCO ANTIOQUIA SAS ESP,ANTIOQUIA,SAN FRANCISCO,EL PAJUI,644205652,2013-10-01 00:00:00,Relleno sanitario,-75.6712,5.5755,29|MUNICIPIO,41|CORPORACIÓN AUTÓNOMA REGIONAL DE LOS RÍOS NEGRO Y NARE - CORNARE,Licencia ambiental,112-0479,2010-11-03 00:00:00,2018-01-03 00:00:00,2018-01-03 00:00:00,2.4410000000000003,92|NO CUENTA CON PERMISO DE VERTIMIENTO DE LIXIVIADOS,,,,2017-01-01 00:00:00,10/08/2017,222.98,-220.539,-9034.7808275297,BAD
134,26785,CIUDAD LIMPIA NEIVA S.A E.S.P,HUILA,NEIVA,RELLENO SANITARIO LOS ANGELES,960841001,2009-04-13 00:00:00,Relleno sanitario,-75.234749,2.998554,31|OTRA PERSONA NATURAL O JURIDICA,39|CORPORACIÓN AUTÓNOMA REGIONAL DEL ALTO MAGDALENA - CAM,Licencia ambiental,2931-156,2006-12-26 00:00:00,2035-01-19 00:00:00,2035-01-19 00:00:00,3230033.06,92|NO CUENTA CON PERMISO DE VERTIMIENTO DE LIXIVIADOS,,,,2016-01-01 00:00:00,28/06/2018,210493.88,3019539.18,93.48322831098206,GOOD
135,26821,PUERTO TEJADA SAS ESP,CAUCA,PUERTO TEJADA,Celda de Contingencia El Cortijo,436219573,2013-10-01 00:00:00,celda de contingencia,-76.391045,3.233678,29|MUNICIPIO,60|CORPORACIÓN AUTÓNOMA REGIONAL DEL CAUCA ¿ CRC,otro tipo de acto administrativo,180-207-01014438,2015-12-23 00:00:00,2025-02-15 00:00:00,2025-02-15 00:00:00,60000.0,92|NO CUENTA CON PERMISO DE VERTIMIENTO DE LIXIVIADOS,,,,2017-07-01 00:00:00,25/11/2019,57855.979999999996,2144.020000000004,3.573366666666672,BAD
136,28811,EMPRESA PRESTADORA DEL SERVICIO PUBLICO DE ASEO DE SAN JACINTO ,BOLIVAR,SAN JACINTO,RELLENO SANITARIO REGIONAL DEL SAN JACINTO,176513654,2012-11-27 00:00:00,Relleno sanitario,-75.099735,9.835667,29|MUNICIPIO,48|CORPORACIÓN AUTÓNOMA REGIONAL DEL CANAL DEL DIQUE - CARDIQUE,Licencia ambiental,1170,2011-10-27 00:00:00,2036-10-26 00:00:00,2036-10-26 00:00:00,644392.0,92|NO CUENTA CON PERMISO DE VERTIMIENTO DE LIXIVIADOS,,,,2016-04-01 00:00:00,23/08/2016,31367.42,613024.58,95.13224558964109,GOOD
137,29531,SERVIDONMATIAS ESP SAS,ANTIOQUIA,DONMATIAS,RELLENO EL PINAR,390305237,1988-01-01 00:00:00,Relleno sanitario,-75.2430244,6.2944,29|MUNICIPIO,53|CORPORACIÓN AUTÓNOMA REGIONAL DEL CENTRO DE ANTIOQUIA -  CORANTIOQUIA,otro tipo de acto administrativo,130TH104737161,2010-05-05 00:00:00,2020-07-06 00:00:00,2020-07-06 00:00:00,4700.0,92|NO CUENTA CON PERMISO DE VERTIMIENTO DE LIXIVIADOS,,,,2016-12-31 00:00:00,16/10/2019,6589.76,-1889.7600000000002,-40.207659574468096,BAD
138,32194,EMPRESA DE SERVICIOS PUBLICOS DEL ALTO BAUDO E.S.P. S.A.S.,CHOCO,ALTO BAUDO,CAMPO NUEVO,2275427025,2016-01-01 00:00:00,Relleno sanitario,-76.5819929,5.3110444,29|MUNICIPIO,46|CORPORACIÓN AUTÓNOMA REGIONAL PARA EL DESARROLLO SOSTENIBLE DEL CHOCÓ - CODECHOCHO,Licencia ambiental,1381,2012-09-25 00:00:00,2021-12-31 00:00:00,2021-12-31 00:00:00,1500.0,92|NO CUENTA CON PERMISO DE VERTIMIENTO DE LIXIVIADOS,,,,2016-01-01 00:00:00,08/07/2021,130.58,1369.42,91.29466666666667,GOOD
139,36394,ECOAMBIENTAL ACTIVA DE COLOMBIA S.A. ESP,ANTIOQUIA,CAUCASIA,PARQUE AMBIENTAL CAMPOALEGRE,1101605154,2018-01-15 00:00:00,Relleno sanitario,-75.142725,8.004989,31|OTRA PERSONA NATURAL O JURIDICA,53|CORPORACIÓN AUTÓNOMA REGIONAL DEL CENTRO DE ANTIOQUIA -  CORANTIOQUIA,Licencia ambiental,16093797,2016-09-05 00:00:00,2044-09-05 00:00:00,2046-01-15 00:00:00,541429.0,92|NO CUENTA CON PERMISO DE VERTIMIENTO DE LIXIVIADOS,,,,2018-01-15 00:00:00,13/12/2018,63394.97,478034.03,88.29117575896377,GOOD
140,39056,INTERASEO DEL ARCHIPIELAGO S.A.S. E.S.P.,"ARCHIPIELAGO DE SAN ANDRES, PROVIDENCIA Y SANTA CATALINA",SAN ANDRES,MAGIC GARDEN,966388001,1985-04-01 00:00:00,Relleno sanitario,-81.7266886,12.5545383,30|DEPARTAMENTO,50|PROVIDENCIA Y SANTA CATALINA - CORALINA,Licencia ambiental,279,2009-06-19 00:00:00,2037-10-17 00:00:00,2037-10-17 00:00:00,600000.0,92|NO CUENTA CON PERMISO DE VERTIMIENTO DE LIXIVIADOS,,,,2017-10-17 00:00:00,04/07/2018,45369.66,554630.34,92.43839,GOOD
141,44197,UNIÓN TEMPORAL OPERACIÓN RELLENO SANITARIO REGIONAL NORTE DE LA GUAJIRA,LA GUAJIRA,MAICAO,UNION TEMPORAL OPERACION RELLENO SANITARIO REGIONAL NORTE DE,1678844430,2019-04-01 00:00:00,Relleno sanitario,-72.366944,11.402222,31|OTRA PERSONA NATURAL O JURIDICA,61|CORPORACIÓN AUTÓNOMA REGIONAL DE LA GUAJIRA ¿ CORPOGUAJIRA,Licencia ambiental,1646 DE 2012,2012-12-10 00:00:00,2044-10-01 00:00:00,2044-10-01 00:00:00,2107667.0,92|NO CUENTA CON PERMISO DE VERTIMIENTO DE LIXIVIADOS,,,,2019-07-22 00:00:00,08/09/2020,15517.82,2092149.18,99.26374422525001,GOOD
142,59890,UTORS SAS ESP,LA GUAJIRA,MAICAO,UTORS S.A.S. E.S.P.,2709044430,2021-12-01 00:00:00,Relleno sanitario,-72.366944,11.402222,31|OTRA PERSONA NATURAL O JURIDICA,61|CORPORACIÓN AUTÓNOMA REGIONAL DE LA GUAJIRA ¿ CORPOGUAJIRA,Licencia ambiental,RESOLUCIÓN 1646 DE 2012,2012-12-10 00:00:00,2042-12-10 00:00:00,2042-12-10 00:00:00,2107667.0,92|NO CUENTA CON PERMISO DE VERTIMIENTO DE LIXIVIADOS,,,,2021-12-01 00:00:00,08/02/2022,9112.810000000001,2098554.19,99.56763520992642,GOOD
