COD_MUN;REGION;NOM_MUN;TRASLADO DE RECURSOS DE APROVECHAMIENTO
73001;CENTRO SUR;IBAGUÉ;TRASLADO
52001;PACÍFICO;PASTO;TRASLADO
13001;CARIBE;CARTAGENA DE INDIAS;TRASLADO
05045;EJE CAFETERO;APARTADÓ;TRASLADO
11001;CENTRO ORIENTE;BOGOTÁ, D.C.;TRASLADO
08001;CARIBE;BARRANQUILLA;TRASLADO
08433;CARIBE;MALAMBO;TRASLADO
08758;CARIBE;SOLEDAD;TRASLADO
08573;CARIBE;PUERTO COLOMBIA;TRASLADO
68001;CENTRO ORIENTE;BUCARAMANGA;TRASLADO
54001;CENTRO ORIENTE;CUCUTA;TRASLADO
68276;CENTRO ORIENTE;FLORIDABLANCA;TRASLADO
68307;CENTRO ORIENTE;GIRÓN;TRASLADO
68547;CENTRO ORIENTE;PIEDECUESTA;TRASLADO
76364;PACÍFICO;JAMUNDÍ;TRASLADO
76520;PACÍFICO;PALMIRA;TRASLADO
25430;CENTRO ORIENTE;MADRID;TRASLADO
76001;PACÍFICO;CALI;TRASLADO
25740;CENTRO ORIENTE;SIBATÉ;TRASLADO
68081;CENTRO ORIENTE;BARRANCABERMEJA;TRASLADO
73449;CENTRO SUR;MELGAR;TRASLADO
15238;CENTRO ORIENTE;DUITAMA;TRASLADO
15001;CENTRO ORIENTE;TUNJA;TRASLADO
15759;CENTRO ORIENTE;SOGAMOSO;TRASLADO
20001;CARIBE;VALLEDUPAR;TRASLADO
73168;CENTRO SUR;CHAPARRAL;TRASLADO
05154;EJE CAFETERO;CAUCASIA;TRASLADO
25269;CENTRO ORIENTE;FACATATIVÁ;TRASLADO
25612;CENTRO ORIENTE;RICAURTE;TRASLADO
25754;CENTRO ORIENTE;SOACHA;TRASLADO
19573;PACÍFICO;PUERTO TEJADA;TRASLADO
76111;PACÍFICO;GUADALAJARA DE BUGA;TRASLADO
76834;PACÍFICO;TULUÁ;TRASLADO
76892;PACÍFICO;YUMBO;TRASLADO
41001;CENTRO SUR;NEIVA;TRASLADO
41615;CENTRO SUR;RIVERA;TRASLADO
41396;CENTRO SUR;LA PLATA;TRASLADO
50318;LLANO ;GUAMAL;TRASLADO
44430;CARIBE;MAICAO;TRASLADO
05360;EJE CAFETERO;ITAGÜÍ;TRASLADO
05001;EJE CAFETERO;MEDELLÍN;TRASLADO
05631;EJE CAFETERO;SABANETA;TRASLADO
25290;CENTRO ORIENTE;FUSAGASUGÁ;TRASLADO
05376;EJE CAFETERO;LA CEJA;TRASLADO
05088;EJE CAFETERO;BELLO;TRASLADO
05129;EJE CAFETERO;CALDAS;TRASLADO
05212;EJE CAFETERO;COPACABANA;TRASLADO
05308;EJE CAFETERO;GIRARDOTA;TRASLADO
05380;EJE CAFETERO;LA ESTRELLA;TRASLADO
08078;CARIBE;BARANOA;TRASLADO
08634;CARIBE;SABANAGRANDE;TRASLADO
44001;CARIBE;RIOHACHA;TRASLADO
47288;CARIBE;FUNDACIÓN;TRASLADO
47001;CARIBE;SANTA MARTA;TRASLADO
70001;CARIBE;SINCELEJO;TRASLADO
54874;CENTRO ORIENTE;VILLA DEL ROSARIO;TRASLADO
54405;CENTRO ORIENTE;LOS PATIOS;TRASLADO
66001;EJE CAFETERO;PEREIRA;TRASLADO
68679;CENTRO ORIENTE;SAN GIL;TRASLADO
23001;CARIBE;MONTERÍA;TRASLADO
25126;CENTRO ORIENTE;CAJICÁ;TRASLADO
63001;EJE CAFETERO;ARMENIA;TRASLADO
25473;CENTRO ORIENTE;MOSQUERA;TRASLADO
05615;EJE CAFETERO;RIONEGRO;TRASLADO
66170;EJE CAFETERO;DOSQUEBRADAS;TRASLADO
19001;PACÍFICO;POPAYÁN;TRASLADO
76147;PACÍFICO;CARTAGO;TRASLADO
05148;EJE CAFETERO;EL CARMEN DE VIBORAL;TRASLADO
05440;EJE CAFETERO;MARINILLA;TRASLADO
05686;EJE CAFETERO;SANTA ROSA DE OSOS;TRASLADO
54518;CENTRO ORIENTE;PAMPLONA;TRASLADO
08296;CARIBE;GALAPA;TRASLADO
05697;EJE CAFETERO;EL SANTUARIO;TRASLADO
41132;CENTRO SUR;CAMPOALEGRE;TRASLADO
05266;EJE CAFETERO;ENVIGADO;TRASLADO
52356;PACÍFICO;IPIALES;TRASLADO
50001;LLANO ;VILLAVICENCIO;TRASLADO
25286;CENTRO ORIENTE;FUNZA;TRASLADO
50313;LLANO ;GRANADA;TRASLADO
23162;CARIBE;CERETÉ;TRASLADO
41551;CENTRO SUR;PITALITO;TRASLADO
25175;CENTRO ORIENTE;CHÍA;TRASLADO
25214;CENTRO ORIENTE;COTA;TRASLADO
85001;LLANO ;YOPAL;TRASLADO
25307;CENTRO ORIENTE;GIRARDOT;TRASLADO
25843;CENTRO ORIENTE;VILLA DE SAN DIEGO DE UBATÉ;TRASLADO
50006;LLANO ;ACACÍAS;TRASLADO
25817;CENTRO ORIENTE;TOCANCIPÁ;TRASLADO
17174;EJE CAFETERO;CHINCHINÁ;TRASLADO
15176;CENTRO ORIENTE;CHIQUINQUIRÁ;TRASLADO
76400;PACÍFICO;LA UNIÓN;TRASLADO
76130;PACÍFICO;CANDELARIA;TRASLADO
15407;CENTRO ORIENTE;VILLA DE LEYVA;TRASLADO
70215;CARIBE;COROZAL;TRASLADO
15572;CENTRO ORIENTE;PUERTO BOYACÁ;TRASLADO
73268;CENTRO SUR;ESPINAL;TRASLADO
50689;LLANO ;SAN MARTÍN;TRASLADO
73275;CENTRO SUR;FLANDES;TRASLADO
73319;CENTRO SUR;GUAMO;TRASLADO
76670;PACÍFICO;SAN PEDRO;NO TRASLADO
54498;CENTRO ORIENTE;OCAÑA;NO TRASLADO
23555;CARIBE;PLANETA RICA;NO TRASLADO
18001;CENTRO SUR;FLORENCIA;NO TRASLADO
17001;EJE CAFETERO;MANIZALES;NO TRASLADO
76036;PACÍFICO;ANDALUCÍA;NO TRASLADO
76113;PACÍFICO;BUGALAGRANDE;NO TRASLADO
76233;PACÍFICO;DAGUA;NO TRASLADO
76248;PACÍFICO;EL CERRITO;NO TRASLADO
76275;PACÍFICO;FLORIDA;NO TRASLADO
76318;PACÍFICO;GUACARÍ;NO TRASLADO
76563;PACÍFICO;PRADERA;NO TRASLADO
76109;PACÍFICO;BUENAVENTURA;NO TRASLADO
08520;CARIBE;PALMAR DE VARELA;NO TRASLADO
08685;CARIBE;SANTO TOMÁS;NO TRASLADO
47053;CARIBE;ARACATACA;NO TRASLADO
70742;CARIBE;SAN LUIS DE SINCÉ;NO TRASLADO
70708;CARIBE;SAN MARCOS;NO TRASLADO
20011;CARIBE;AGUACHICA;NO TRASLADO
25785;CENTRO ORIENTE;TABIO;NO TRASLADO
25799;CENTRO ORIENTE;TENJO;NO TRASLADO
25322;CENTRO ORIENTE;GUASCA;NO TRASLADO
47189;CARIBE;CIÉNAGA;NO TRASLADO
66687;EJE CAFETERO;SANTUARIO;NO TRASLADO
05079;EJE CAFETERO;BARBOSA;NO TRASLADO
68655;CENTRO ORIENTE;SABANA DE TORRES;NO TRASLADO
05674;EJE CAFETERO;SAN VICENTE FERRER;NO TRASLADO
25899;CENTRO ORIENTE;ZIPAQUIRÁ;NO TRASLADO
41020;CENTRO SUR;ALGECIRAS;NO TRASLADO
25592;CENTRO ORIENTE;QUEBRADANEGRA;NO TRASLADO
50150;LLANO ;CASTILLA LA NUEVA;NO TRASLADO
50568;LLANO ;PUERTO GAITÁN;NO TRASLADO
50573;LLANO ;PUERTO LÓPEZ;NO TRASLADO
50606;LLANO ;RESTREPO;NO TRASLADO
25386;CENTRO ORIENTE;LA MESA;NO TRASLADO
23417;CARIBE;LORICA;NO TRASLADO
23660;CARIBE;SAHAGÚN;NO TRASLADO
41016;CENTRO SUR;AIPE;NO TRASLADO
41078;CENTRO SUR;BARAYA;NO TRASLADO
41524;CENTRO SUR;PALERMO;NO TRASLADO
41799;CENTRO SUR;TELLO;NO TRASLADO
66682;EJE CAFETERO;SANTA ROSA DE CABAL;NO TRASLADO
85010;LLANO ;AGUAZUL;NO TRASLADO
20060;CARIBE;BOSCONIA;NO TRASLADO
76890;PACÍFICO;YOTOCO;NO TRASLADO
73443;CENTRO SUR;SAN SEBASTIÁN DE MARIQUITA;NO TRASLADO
85250;LLANO ;PAZ DE ARIPORO;NO TRASLADO
81001;LLANO ;ARAUCA;NO TRASLADO
05664;EJE CAFETERO;SAN PEDRO DE LOS MILAGROS;NO TRASLADO
95001;LLANO ;SAN JOSÉ DEL GUAVIARE;NO TRASLADO
68406;CENTRO ORIENTE;LEBRIJA;NO TRASLADO
25875;CENTRO ORIENTE;VILLETA;NO TRASLADO
25743;CENTRO ORIENTE;SILVANIA;NO TRASLADO
73585;CENTRO SUR;PURIFICACIÓN;NO TRASLADO
73671;CENTRO SUR;SALDAÑA;NO TRASLADO
25535;CENTRO ORIENTE;PASCA;NO TRASLADO
25781;CENTRO ORIENTE;SUTATAUSA;NO TRASLADO
25377;CENTRO ORIENTE;LA CALERA;NO TRASLADO
27001;PACÍFICO;QUIBDÓ;NO TRASLADO
15806;CENTRO ORIENTE;TIBASOSA;NO TRASLADO
15516;CENTRO ORIENTE;PAIPA;NO TRASLADO
15757;CENTRO ORIENTE;SOCHA;NO TRASLADO
41319;CENTRO SUR;GUADALUPE;NO TRASLADO
05318;EJE CAFETERO;GUARNE;NO TRASLADO
68432;CENTRO ORIENTE;MÁLAGA;NO TRASLADO
25407;CENTRO ORIENTE;LENGUAZAQUE;NO TRASLADO
08638;CARIBE;SABANALARGA;NO TRASLADO
15776;CENTRO ORIENTE;SUTAMARCHÁN;NO TRASLADO
05642;EJE CAFETERO;SALGAR;NO TRASLADO
05034;EJE CAFETERO;ANDES;NO TRASLADO
15087;CENTRO ORIENTE;BELÉN;NO TRASLADO
50680;LLANO ;SAN CARLOS DE GUAROA;NO TRASLADO
05142;EJE CAFETERO;CARACOLÍ;NO TRASLADO
63690;EJE CAFETERO;SALENTO;NO TRASLADO
76306;PACÍFICO;GINEBRA;NO TRASLADO
50223;LLANO ;CUBARRAL;NO TRASLADO
15861;CENTRO ORIENTE;VENTAQUEMADA;NO TRASLADO
76895;PACÍFICO;ZARZAL;NO TRASLADO
05591;EJE CAFETERO;PUERTO TRIUNFO;NO TRASLADO
17380;EJE CAFETERO;LA DORADA;NO TRASLADO
76122;PACÍFICO;CAICEDONIA;NO TRASLADO
13836;CARIBE;TURBACO;NO TRASLADO
05847;EJE CAFETERO;URRAO;NO TRASLADO
05887;EJE CAFETERO;YARUMAL;NO TRASLADO
25599;CENTRO ORIENTE;APULO;NO TRASLADO
68549;CENTRO ORIENTE;PINCHOTE;NO TRASLADO
25035;CENTRO ORIENTE;ANAPOIMA;NO TRASLADO
25772;CENTRO ORIENTE;SUESCA;NO TRASLADO
73504;CENTRO SUR;ORTEGA;NO TRASLADO
63130;EJE CAFETERO;CALARCÁ;NO TRASLADO
63190;EJE CAFETERO;CIRCASIA;NO TRASLADO
63594;EJE CAFETERO;QUIMBAYA;NO TRASLADO
18753;CENTRO SUR;SAN VICENTE DEL CAGUÁN;NO TRASLADO
25260;CENTRO ORIENTE;EL ROSAL;NO TRASLADO
15469;CENTRO ORIENTE;MONIQUIRÁ;NO TRASLADO
05893;EJE CAFETERO;YONDÓ;NO TRASLADO
25001;CENTRO ORIENTE;AGUA DE DIOS;NO TRASLADO
25572;CENTRO ORIENTE;PUERTO SALGAR;NO TRASLADO
25815;CENTRO ORIENTE;TOCAIMA;NO TRASLADO
73349;CENTRO SUR;HONDA;NO TRASLADO
73563;CENTRO SUR;PRADO;NO TRASLADO
05002;EJE CAFETERO;ABEJORRAL;SIN APROVECHAMIENTO
05004;EJE CAFETERO;ABRIAQUÍ;SIN APROVECHAMIENTO
05021;EJE CAFETERO;ALEJANDRÍA;SIN APROVECHAMIENTO
05030;EJE CAFETERO;AMAGÁ;SIN APROVECHAMIENTO
05031;EJE CAFETERO;AMALFI;SIN APROVECHAMIENTO
05036;EJE CAFETERO;ANGELÓPOLIS;SIN APROVECHAMIENTO
05038;EJE CAFETERO;ANGOSTURA;SIN APROVECHAMIENTO
05040;EJE CAFETERO;ANORÍ;SIN APROVECHAMIENTO
05042;EJE CAFETERO;SANTA FÉ DE ANTIOQUIA;SIN APROVECHAMIENTO
05044;EJE CAFETERO;ANZÁ;SIN APROVECHAMIENTO
05051;EJE CAFETERO;ARBOLETES;SIN APROVECHAMIENTO
05055;EJE CAFETERO;ARGELIA;SIN APROVECHAMIENTO
05059;EJE CAFETERO;ARMENIA;SIN APROVECHAMIENTO
05086;EJE CAFETERO;BELMIRA;SIN APROVECHAMIENTO
05091;EJE CAFETERO;BETANIA;SIN APROVECHAMIENTO
05093;EJE CAFETERO;BETULIA;SIN APROVECHAMIENTO
05101;EJE CAFETERO;CIUDAD BOLÍVAR;SIN APROVECHAMIENTO
05107;EJE CAFETERO;BRICEÑO;SIN APROVECHAMIENTO
05113;EJE CAFETERO;BURITICÁ;SIN APROVECHAMIENTO
05120;EJE CAFETERO;CÁCERES;SIN APROVECHAMIENTO
05125;EJE CAFETERO;CAICEDO;SIN APROVECHAMIENTO
05134;EJE CAFETERO;CAMPAMENTO;SIN APROVECHAMIENTO
05138;EJE CAFETERO;CAÑASGORDAS;SIN APROVECHAMIENTO
05145;EJE CAFETERO;CARAMANTA;SIN APROVECHAMIENTO
05147;EJE CAFETERO;CAREPA;SIN APROVECHAMIENTO
05150;EJE CAFETERO;CAROLINA;SIN APROVECHAMIENTO
05172;EJE CAFETERO;CHIGORODÓ;SIN APROVECHAMIENTO
05190;EJE CAFETERO;CISNEROS;SIN APROVECHAMIENTO
05197;EJE CAFETERO;COCORNÁ;SIN APROVECHAMIENTO
05206;EJE CAFETERO;CONCEPCIÓN;SIN APROVECHAMIENTO
05209;EJE CAFETERO;CONCORDIA;SIN APROVECHAMIENTO
05234;EJE CAFETERO;DABEIBA;SIN APROVECHAMIENTO
05237;EJE CAFETERO;DONMATÍAS;SIN APROVECHAMIENTO
05240;EJE CAFETERO;EBÉJICO;SIN APROVECHAMIENTO
05250;EJE CAFETERO;EL BAGRE;SIN APROVECHAMIENTO
05264;EJE CAFETERO;ENTRERRÍOS;SIN APROVECHAMIENTO
05282;EJE CAFETERO;FREDONIA;SIN APROVECHAMIENTO
05284;EJE CAFETERO;FRONTINO;SIN APROVECHAMIENTO
05306;EJE CAFETERO;GIRALDO;SIN APROVECHAMIENTO
05310;EJE CAFETERO;GÓMEZ PLATA;SIN APROVECHAMIENTO
05313;EJE CAFETERO;GRANADA;SIN APROVECHAMIENTO
05315;EJE CAFETERO;GUADALUPE;SIN APROVECHAMIENTO
05321;EJE CAFETERO;GUATAPÉ;SIN APROVECHAMIENTO
05347;EJE CAFETERO;HELICONIA;SIN APROVECHAMIENTO
05353;EJE CAFETERO;HISPANIA;SIN APROVECHAMIENTO
05361;EJE CAFETERO;ITUANGO;SIN APROVECHAMIENTO
05364;EJE CAFETERO;JARDÍN;SIN APROVECHAMIENTO
05368;EJE CAFETERO;JERICÓ;SIN APROVECHAMIENTO
05390;EJE CAFETERO;LA PINTADA;SIN APROVECHAMIENTO
05400;EJE CAFETERO;LA UNIÓN;SIN APROVECHAMIENTO
05411;EJE CAFETERO;LIBORINA;SIN APROVECHAMIENTO
05425;EJE CAFETERO;MACEO;SIN APROVECHAMIENTO
05467;EJE CAFETERO;MONTEBELLO;SIN APROVECHAMIENTO
05475;EJE CAFETERO;MURINDÓ;SIN APROVECHAMIENTO
05480;EJE CAFETERO;MUTATÁ;SIN APROVECHAMIENTO
05483;EJE CAFETERO;NARIÑO;SIN APROVECHAMIENTO
05490;EJE CAFETERO;NECOCLÍ;SIN APROVECHAMIENTO
05495;EJE CAFETERO;NECHÍ;SIN APROVECHAMIENTO
05501;EJE CAFETERO;OLAYA;SIN APROVECHAMIENTO
05541;EJE CAFETERO;PEÑOL;SIN APROVECHAMIENTO
05543;EJE CAFETERO;PEQUE;SIN APROVECHAMIENTO
05576;EJE CAFETERO;PUEBLORRICO;SIN APROVECHAMIENTO
05579;EJE CAFETERO;PUERTO BERRÍO;SIN APROVECHAMIENTO
05585;EJE CAFETERO;PUERTO NARE;SIN APROVECHAMIENTO
05604;EJE CAFETERO;REMEDIOS;SIN APROVECHAMIENTO
05607;EJE CAFETERO;RETIRO;SIN APROVECHAMIENTO
05628;EJE CAFETERO;SABANALARGA;SIN APROVECHAMIENTO
05647;EJE CAFETERO;SAN ANDRÉS DE CUERQUÍA;SIN APROVECHAMIENTO
05649;EJE CAFETERO;SAN CARLOS;SIN APROVECHAMIENTO
05652;EJE CAFETERO;SAN FRANCISCO;SIN APROVECHAMIENTO
05656;EJE CAFETERO;SAN JERÓNIMO;SIN APROVECHAMIENTO
05658;EJE CAFETERO;SAN JOSÉ DE LA MONTAÑA;SIN APROVECHAMIENTO
05659;EJE CAFETERO;SAN JUAN DE URABÁ;SIN APROVECHAMIENTO
05660;EJE CAFETERO;SAN LUIS;SIN APROVECHAMIENTO
05665;EJE CAFETERO;SAN PEDRO DE URABÁ;SIN APROVECHAMIENTO
05667;EJE CAFETERO;SAN RAFAEL;SIN APROVECHAMIENTO
05670;EJE CAFETERO;SAN ROQUE;SIN APROVECHAMIENTO
05679;EJE CAFETERO;SANTA BÁRBARA;SIN APROVECHAMIENTO
05690;EJE CAFETERO;SANTO DOMINGO;SIN APROVECHAMIENTO
05736;EJE CAFETERO;SEGOVIA;SIN APROVECHAMIENTO
05756;EJE CAFETERO;SONSÓN;SIN APROVECHAMIENTO
05761;EJE CAFETERO;SOPETRÁN;SIN APROVECHAMIENTO
05789;EJE CAFETERO;TÁMESIS;SIN APROVECHAMIENTO
05790;EJE CAFETERO;TARAZÁ;SIN APROVECHAMIENTO
05792;EJE CAFETERO;TARSO;SIN APROVECHAMIENTO
05809;EJE CAFETERO;TITIRIBÍ;SIN APROVECHAMIENTO
05819;EJE CAFETERO;TOLEDO;SIN APROVECHAMIENTO
05837;EJE CAFETERO;TURBO;SIN APROVECHAMIENTO
05842;EJE CAFETERO;URAMITA;SIN APROVECHAMIENTO
05854;EJE CAFETERO;VALDIVIA;SIN APROVECHAMIENTO
05856;EJE CAFETERO;VALPARAÍSO;SIN APROVECHAMIENTO
05858;EJE CAFETERO;VEGACHÍ;SIN APROVECHAMIENTO
05861;EJE CAFETERO;VENECIA;SIN APROVECHAMIENTO
05873;EJE CAFETERO;VIGÍA DEL FUERTE;SIN APROVECHAMIENTO
05885;EJE CAFETERO;YALÍ;SIN APROVECHAMIENTO
05890;EJE CAFETERO;YOLOMBÓ;SIN APROVECHAMIENTO
05895;EJE CAFETERO;ZARAGOZA;SIN APROVECHAMIENTO
08137;CARIBE;CAMPO DE LA CRUZ;SIN APROVECHAMIENTO
08141;CARIBE;CANDELARIA;SIN APROVECHAMIENTO
08372;CARIBE;JUAN DE ACOSTA;SIN APROVECHAMIENTO
08421;CARIBE;LURUACO;SIN APROVECHAMIENTO
08436;CARIBE;MANATÍ;SIN APROVECHAMIENTO
08549;CARIBE;PIOJÓ;SIN APROVECHAMIENTO
08558;CARIBE;POLONUEVO;SIN APROVECHAMIENTO
08560;CARIBE;PONEDERA;SIN APROVECHAMIENTO
08606;CARIBE;REPELÓN;SIN APROVECHAMIENTO
08675;CARIBE;SANTA LUCÍA;SIN APROVECHAMIENTO
08770;CARIBE;SUAN;SIN APROVECHAMIENTO
08832;CARIBE;TUBARÁ;SIN APROVECHAMIENTO
08849;CARIBE;USIACURÍ;SIN APROVECHAMIENTO
13006;CARIBE;ACHÍ;SIN APROVECHAMIENTO
13030;CARIBE;ALTOS DEL ROSARIO;SIN APROVECHAMIENTO
13042;CARIBE;ARENAL;SIN APROVECHAMIENTO
13052;CARIBE;ARJONA;SIN APROVECHAMIENTO
13062;CARIBE;ARROYOHONDO;SIN APROVECHAMIENTO
13074;CARIBE;BARRANCO DE LOBA;SIN APROVECHAMIENTO
13140;CARIBE;CALAMAR;SIN APROVECHAMIENTO
13160;CARIBE;CANTAGALLO;SIN APROVECHAMIENTO
13188;CARIBE;CICUCO;SIN APROVECHAMIENTO
13212;CARIBE;CÓRDOBA;SIN APROVECHAMIENTO
13222;CARIBE;CLEMENCIA;SIN APROVECHAMIENTO
13244;CARIBE;EL CARMEN DE BOLÍVAR;SIN APROVECHAMIENTO
13248;CARIBE;EL GUAMO;SIN APROVECHAMIENTO
13268;CARIBE;EL PEÑÓN;SIN APROVECHAMIENTO
13300;CARIBE;HATILLO DE LOBA;SIN APROVECHAMIENTO
13430;CARIBE;MAGANGUÉ;SIN APROVECHAMIENTO
13433;CARIBE;MAHATES;SIN APROVECHAMIENTO
13440;CARIBE;MARGARITA;SIN APROVECHAMIENTO
13442;CARIBE;MARÍA LA BAJA;SIN APROVECHAMIENTO
13458;CARIBE;MONTECRISTO;SIN APROVECHAMIENTO
13468;CARIBE;SANTA CRUZ DE MOMPOX;SIN APROVECHAMIENTO
13473;CARIBE;MORALES;SIN APROVECHAMIENTO
13490;CARIBE;NOROSÍ;SIN APROVECHAMIENTO
13549;CARIBE;PINILLOS;SIN APROVECHAMIENTO
13580;CARIBE;REGIDOR;SIN APROVECHAMIENTO
13600;CARIBE;RÍO VIEJO;SIN APROVECHAMIENTO
13620;CARIBE;SAN CRISTÓBAL;SIN APROVECHAMIENTO
13647;CARIBE;SAN ESTANISLAO;SIN APROVECHAMIENTO
13650;CARIBE;SAN FERNANDO;SIN APROVECHAMIENTO
13654;CARIBE;SAN JACINTO;SIN APROVECHAMIENTO
13655;CARIBE;SAN JACINTO DEL CAUCA;SIN APROVECHAMIENTO
13657;CARIBE;SAN JUAN NEPOMUCENO;SIN APROVECHAMIENTO
13667;CARIBE;SAN MARTÍN DE LOBA;SIN APROVECHAMIENTO
13670;CARIBE;SAN PABLO;SIN APROVECHAMIENTO
13673;CARIBE;SANTA CATALINA;SIN APROVECHAMIENTO
13683;CARIBE;SANTA ROSA;SIN APROVECHAMIENTO
13688;CARIBE;SANTA ROSA DEL SUR;SIN APROVECHAMIENTO
13744;CARIBE;SIMITÍ;SIN APROVECHAMIENTO
13760;CARIBE;SOPLAVIENTO;SIN APROVECHAMIENTO
13780;CARIBE;TALAIGUA NUEVO;SIN APROVECHAMIENTO
13810;CARIBE;TIQUISIO;SIN APROVECHAMIENTO
13838;CARIBE;TURBANÁ;SIN APROVECHAMIENTO
13873;CARIBE;VILLANUEVA;SIN APROVECHAMIENTO
13894;CARIBE;ZAMBRANO;SIN APROVECHAMIENTO
15022;CENTRO ORIENTE;ALMEIDA;SIN APROVECHAMIENTO
15047;CENTRO ORIENTE;AQUITANIA;SIN APROVECHAMIENTO
15051;CENTRO ORIENTE;ARCABUCO;SIN APROVECHAMIENTO
15090;CENTRO ORIENTE;BERBEO;SIN APROVECHAMIENTO
15092;CENTRO ORIENTE;BETÉITIVA;SIN APROVECHAMIENTO
15097;CENTRO ORIENTE;BOAVITA;SIN APROVECHAMIENTO
15104;CENTRO ORIENTE;BOYACÁ;SIN APROVECHAMIENTO
15106;CENTRO ORIENTE;BRICEÑO;SIN APROVECHAMIENTO
15109;CENTRO ORIENTE;BUENAVISTA;SIN APROVECHAMIENTO
15114;CENTRO ORIENTE;BUSBANZÁ;SIN APROVECHAMIENTO
15131;CENTRO ORIENTE;CALDAS;SIN APROVECHAMIENTO
15135;CENTRO ORIENTE;CAMPOHERMOSO;SIN APROVECHAMIENTO
15162;CENTRO ORIENTE;CERINZA;SIN APROVECHAMIENTO
15172;CENTRO ORIENTE;CHINAVITA;SIN APROVECHAMIENTO
15180;CENTRO ORIENTE;CHISCAS;SIN APROVECHAMIENTO
15183;CENTRO ORIENTE;CHITA;SIN APROVECHAMIENTO
15185;CENTRO ORIENTE;CHITARAQUE;SIN APROVECHAMIENTO
15187;CENTRO ORIENTE;CHIVATÁ;SIN APROVECHAMIENTO
15189;CENTRO ORIENTE;CIÉNEGA;SIN APROVECHAMIENTO
15204;CENTRO ORIENTE;CÓMBITA;SIN APROVECHAMIENTO
15212;CENTRO ORIENTE;COPER;SIN APROVECHAMIENTO
15215;CENTRO ORIENTE;CORRALES;SIN APROVECHAMIENTO
15218;CENTRO ORIENTE;COVARACHÍA;SIN APROVECHAMIENTO
15223;CENTRO ORIENTE;CUBARÁ;SIN APROVECHAMIENTO
15224;CENTRO ORIENTE;CUCAITA;SIN APROVECHAMIENTO
15226;CENTRO ORIENTE;CUÍTIVA;SIN APROVECHAMIENTO
15232;CENTRO ORIENTE;CHÍQUIZA;SIN APROVECHAMIENTO
15236;CENTRO ORIENTE;CHIVOR;SIN APROVECHAMIENTO
15244;CENTRO ORIENTE;EL COCUY;SIN APROVECHAMIENTO
15248;CENTRO ORIENTE;EL ESPINO;SIN APROVECHAMIENTO
15272;CENTRO ORIENTE;FIRAVITOBA;SIN APROVECHAMIENTO
15276;CENTRO ORIENTE;FLORESTA;SIN APROVECHAMIENTO
15293;CENTRO ORIENTE;GACHANTIVÁ;SIN APROVECHAMIENTO
15296;CENTRO ORIENTE;GÁMEZA;SIN APROVECHAMIENTO
15299;CENTRO ORIENTE;GARAGOA;SIN APROVECHAMIENTO
15317;CENTRO ORIENTE;GUACAMAYAS;SIN APROVECHAMIENTO
15322;CENTRO ORIENTE;GUATEQUE;SIN APROVECHAMIENTO
15325;CENTRO ORIENTE;GUAYATÁ;SIN APROVECHAMIENTO
15332;CENTRO ORIENTE;GÜICÁN DE LA SIERRA;SIN APROVECHAMIENTO
15362;CENTRO ORIENTE;IZA;SIN APROVECHAMIENTO
15367;CENTRO ORIENTE;JENESANO;SIN APROVECHAMIENTO
15368;CENTRO ORIENTE;JERICÓ;SIN APROVECHAMIENTO
15377;CENTRO ORIENTE;LABRANZAGRANDE;SIN APROVECHAMIENTO
15380;CENTRO ORIENTE;LA CAPILLA;SIN APROVECHAMIENTO
15401;CENTRO ORIENTE;LA VICTORIA;SIN APROVECHAMIENTO
15403;CENTRO ORIENTE;LA UVITA;SIN APROVECHAMIENTO
15425;CENTRO ORIENTE;MACANAL;SIN APROVECHAMIENTO
15442;CENTRO ORIENTE;MARIPÍ;SIN APROVECHAMIENTO
15455;CENTRO ORIENTE;MIRAFLORES;SIN APROVECHAMIENTO
15464;CENTRO ORIENTE;MONGUA;SIN APROVECHAMIENTO
15466;CENTRO ORIENTE;MONGUÍ;SIN APROVECHAMIENTO
15476;CENTRO ORIENTE;MOTAVITA;SIN APROVECHAMIENTO
15480;CENTRO ORIENTE;MUZO;SIN APROVECHAMIENTO
15491;CENTRO ORIENTE;NOBSA;SIN APROVECHAMIENTO
15494;CENTRO ORIENTE;NUEVO COLÓN;SIN APROVECHAMIENTO
15500;CENTRO ORIENTE;OICATÁ;SIN APROVECHAMIENTO
15507;CENTRO ORIENTE;OTANCHE;SIN APROVECHAMIENTO
15511;CENTRO ORIENTE;PACHAVITA;SIN APROVECHAMIENTO
15514;CENTRO ORIENTE;PÁEZ;SIN APROVECHAMIENTO
15518;CENTRO ORIENTE;PAJARITO;SIN APROVECHAMIENTO
15522;CENTRO ORIENTE;PANQUEBA;SIN APROVECHAMIENTO
15531;CENTRO ORIENTE;PAUNA;SIN APROVECHAMIENTO
15533;CENTRO ORIENTE;PAYA;SIN APROVECHAMIENTO
15537;CENTRO ORIENTE;PAZ DE RÍO;SIN APROVECHAMIENTO
15542;CENTRO ORIENTE;PESCA;SIN APROVECHAMIENTO
15550;CENTRO ORIENTE;PISBA;SIN APROVECHAMIENTO
15580;CENTRO ORIENTE;QUÍPAMA;SIN APROVECHAMIENTO
15599;CENTRO ORIENTE;RAMIRIQUÍ;SIN APROVECHAMIENTO
15600;CENTRO ORIENTE;RÁQUIRA;SIN APROVECHAMIENTO
15621;CENTRO ORIENTE;RONDÓN;SIN APROVECHAMIENTO
15632;CENTRO ORIENTE;SABOYÁ;SIN APROVECHAMIENTO
15638;CENTRO ORIENTE;SÁCHICA;SIN APROVECHAMIENTO
15646;CENTRO ORIENTE;SAMACÁ;SIN APROVECHAMIENTO
15660;CENTRO ORIENTE;SAN EDUARDO;SIN APROVECHAMIENTO
15664;CENTRO ORIENTE;SAN JOSÉ DE PARE;SIN APROVECHAMIENTO
15667;CENTRO ORIENTE;SAN LUIS DE GACENO;SIN APROVECHAMIENTO
15673;CENTRO ORIENTE;SAN MATEO;SIN APROVECHAMIENTO
15676;CENTRO ORIENTE;SAN MIGUEL DE SEMA;SIN APROVECHAMIENTO
15681;CENTRO ORIENTE;SAN PABLO DE BORBUR;SIN APROVECHAMIENTO
15686;CENTRO ORIENTE;SANTANA;SIN APROVECHAMIENTO
15690;CENTRO ORIENTE;SANTA MARÍA;SIN APROVECHAMIENTO
15693;CENTRO ORIENTE;SANTA ROSA DE VITERBO;SIN APROVECHAMIENTO
15696;CENTRO ORIENTE;SANTA SOFÍA;SIN APROVECHAMIENTO
15720;CENTRO ORIENTE;SATIVANORTE;SIN APROVECHAMIENTO
15723;CENTRO ORIENTE;SATIVASUR;SIN APROVECHAMIENTO
15740;CENTRO ORIENTE;SIACHOQUE;SIN APROVECHAMIENTO
15753;CENTRO ORIENTE;SOATÁ;SIN APROVECHAMIENTO
15755;CENTRO ORIENTE;SOCOTÁ;SIN APROVECHAMIENTO
15761;CENTRO ORIENTE;SOMONDOCO;SIN APROVECHAMIENTO
15762;CENTRO ORIENTE;SORA;SIN APROVECHAMIENTO
15763;CENTRO ORIENTE;SOTAQUIRÁ;SIN APROVECHAMIENTO
15764;CENTRO ORIENTE;SORACÁ;SIN APROVECHAMIENTO
15774;CENTRO ORIENTE;SUSACÓN;SIN APROVECHAMIENTO
15778;CENTRO ORIENTE;SUTATENZA;SIN APROVECHAMIENTO
15790;CENTRO ORIENTE;TASCO;SIN APROVECHAMIENTO
15798;CENTRO ORIENTE;TENZA;SIN APROVECHAMIENTO
15804;CENTRO ORIENTE;TIBANÁ;SIN APROVECHAMIENTO
15808;CENTRO ORIENTE;TINJACÁ;SIN APROVECHAMIENTO
15810;CENTRO ORIENTE;TIPACOQUE;SIN APROVECHAMIENTO
15814;CENTRO ORIENTE;TOCA;SIN APROVECHAMIENTO
15816;CENTRO ORIENTE;TOGÜÍ;SIN APROVECHAMIENTO
15820;CENTRO ORIENTE;TÓPAGA;SIN APROVECHAMIENTO
15822;CENTRO ORIENTE;TOTA;SIN APROVECHAMIENTO
15832;CENTRO ORIENTE;TUNUNGUÁ;SIN APROVECHAMIENTO
15835;CENTRO ORIENTE;TURMEQUÉ;SIN APROVECHAMIENTO
15837;CENTRO ORIENTE;TUTA;SIN APROVECHAMIENTO
15839;CENTRO ORIENTE;TUTAZÁ;SIN APROVECHAMIENTO
15842;CENTRO ORIENTE;ÚMBITA;SIN APROVECHAMIENTO
15879;CENTRO ORIENTE;VIRACACHÁ;SIN APROVECHAMIENTO
15897;CENTRO ORIENTE;ZETAQUIRA;SIN APROVECHAMIENTO
17013;EJE CAFETERO;AGUADAS;SIN APROVECHAMIENTO
17042;EJE CAFETERO;ANSERMA;SIN APROVECHAMIENTO
17050;EJE CAFETERO;ARANZAZU;SIN APROVECHAMIENTO
17088;EJE CAFETERO;BELALCÁZAR;SIN APROVECHAMIENTO
17272;EJE CAFETERO;FILADELFIA;SIN APROVECHAMIENTO
17388;EJE CAFETERO;LA MERCED;SIN APROVECHAMIENTO
17433;EJE CAFETERO;MANZANARES;SIN APROVECHAMIENTO
17442;EJE CAFETERO;MARMATO;SIN APROVECHAMIENTO
17444;EJE CAFETERO;MARQUETALIA;SIN APROVECHAMIENTO
17446;EJE CAFETERO;MARULANDA;SIN APROVECHAMIENTO
17486;EJE CAFETERO;NEIRA;SIN APROVECHAMIENTO
17495;EJE CAFETERO;NORCASIA;SIN APROVECHAMIENTO
17513;EJE CAFETERO;PÁCORA;SIN APROVECHAMIENTO
17524;EJE CAFETERO;PALESTINA;SIN APROVECHAMIENTO
17541;EJE CAFETERO;PENSILVANIA;SIN APROVECHAMIENTO
17614;EJE CAFETERO;RIOSUCIO;SIN APROVECHAMIENTO
17616;EJE CAFETERO;RISARALDA;SIN APROVECHAMIENTO
17653;EJE CAFETERO;SALAMINA;SIN APROVECHAMIENTO
17662;EJE CAFETERO;SAMANÁ;SIN APROVECHAMIENTO
17665;EJE CAFETERO;SAN JOSÉ;SIN APROVECHAMIENTO
17777;EJE CAFETERO;SUPÍA;SIN APROVECHAMIENTO
17867;EJE CAFETERO;VICTORIA;SIN APROVECHAMIENTO
17873;EJE CAFETERO;VILLAMARÍA;SIN APROVECHAMIENTO
17877;EJE CAFETERO;VITERBO;SIN APROVECHAMIENTO
18029;CENTRO SUR;ALBANIA;SIN APROVECHAMIENTO
18094;CENTRO SUR;BELÉN DE LOS ANDAQUÍES;SIN APROVECHAMIENTO
18150;CENTRO SUR;CARTAGENA DEL CHAIRÁ;SIN APROVECHAMIENTO
18205;CENTRO SUR;CURILLO;SIN APROVECHAMIENTO
18247;CENTRO SUR;EL DONCELLO;SIN APROVECHAMIENTO
18256;CENTRO SUR;EL PAUJÍL;SIN APROVECHAMIENTO
18410;CENTRO SUR;LA MONTAÑITA;SIN APROVECHAMIENTO
18460;CENTRO SUR;MILÁN;SIN APROVECHAMIENTO
18479;CENTRO SUR;MORELIA;SIN APROVECHAMIENTO
18592;CENTRO SUR;PUERTO RICO;SIN APROVECHAMIENTO
18610;CENTRO SUR;SAN JOSÉ DEL FRAGUA;SIN APROVECHAMIENTO
18756;CENTRO SUR;SOLANO;SIN APROVECHAMIENTO
18785;CENTRO SUR;SOLITA;SIN APROVECHAMIENTO
18860;CENTRO SUR;VALPARAÍSO;SIN APROVECHAMIENTO
19022;PACÍFICO;ALMAGUER;SIN APROVECHAMIENTO
19050;PACÍFICO;ARGELIA;SIN APROVECHAMIENTO
19075;PACÍFICO;BALBOA;SIN APROVECHAMIENTO
19100;PACÍFICO;BOLÍVAR;SIN APROVECHAMIENTO
19110;PACÍFICO;BUENOS AIRES;SIN APROVECHAMIENTO
19130;PACÍFICO;CAJIBÍO;SIN APROVECHAMIENTO
19137;PACÍFICO;CALDONO;SIN APROVECHAMIENTO
19142;PACÍFICO;CALOTO;SIN APROVECHAMIENTO
19212;PACÍFICO;CORINTO;SIN APROVECHAMIENTO
19256;PACÍFICO;EL TAMBO;SIN APROVECHAMIENTO
19290;PACÍFICO;FLORENCIA;SIN APROVECHAMIENTO
19300;PACÍFICO;GUACHENÉ;SIN APROVECHAMIENTO
19318;PACÍFICO;GUAPI;SIN APROVECHAMIENTO
19355;PACÍFICO;INZÁ;SIN APROVECHAMIENTO
19364;PACÍFICO;JAMBALÓ;SIN APROVECHAMIENTO
19392;PACÍFICO;LA SIERRA;SIN APROVECHAMIENTO
19397;PACÍFICO;LA VEGA;SIN APROVECHAMIENTO
19418;PACÍFICO;LÓPEZ DE MICAY;SIN APROVECHAMIENTO
19450;PACÍFICO;MERCADERES;SIN APROVECHAMIENTO
19455;PACÍFICO;MIRANDA;SIN APROVECHAMIENTO
19473;PACÍFICO;MORALES;SIN APROVECHAMIENTO
19513;PACÍFICO;PADILLA;SIN APROVECHAMIENTO
19517;PACÍFICO;PÁEZ;SIN APROVECHAMIENTO
19532;PACÍFICO;PATÍA;SIN APROVECHAMIENTO
19533;PACÍFICO;PIAMONTE;SIN APROVECHAMIENTO
19548;PACÍFICO;PIENDAMÓ - TUNÍA;SIN APROVECHAMIENTO
19585;PACÍFICO;PURACÉ;SIN APROVECHAMIENTO
19622;PACÍFICO;ROSAS;SIN APROVECHAMIENTO
19693;PACÍFICO;SAN SEBASTIÁN;SIN APROVECHAMIENTO
19698;PACÍFICO;SANTANDER DE QUILICHAO;SIN APROVECHAMIENTO
19701;PACÍFICO;SANTA ROSA;SIN APROVECHAMIENTO
19743;PACÍFICO;SILVIA;SIN APROVECHAMIENTO
19760;PACÍFICO;SOTARÁ PAISPAMBA;SIN APROVECHAMIENTO
19780;PACÍFICO;SUÁREZ;SIN APROVECHAMIENTO
19785;PACÍFICO;SUCRE;SIN APROVECHAMIENTO
19807;PACÍFICO;TIMBÍO;SIN APROVECHAMIENTO
19809;PACÍFICO;TIMBIQUÍ;SIN APROVECHAMIENTO
19821;PACÍFICO;TORIBÍO;SIN APROVECHAMIENTO
19824;PACÍFICO;TOTORÓ;SIN APROVECHAMIENTO
19845;PACÍFICO;VILLA RICA;SIN APROVECHAMIENTO
20013;CARIBE;AGUSTÍN CODAZZI;SIN APROVECHAMIENTO
20032;CARIBE;ASTREA;SIN APROVECHAMIENTO
20045;CARIBE;BECERRIL;SIN APROVECHAMIENTO
20175;CARIBE;CHIMICHAGUA;SIN APROVECHAMIENTO
20178;CARIBE;CHIRIGUANÁ;SIN APROVECHAMIENTO
20228;CARIBE;CURUMANÍ;SIN APROVECHAMIENTO
20238;CARIBE;EL COPEY;SIN APROVECHAMIENTO
20250;CARIBE;EL PASO;SIN APROVECHAMIENTO
20295;CARIBE;GAMARRA;SIN APROVECHAMIENTO
20310;CARIBE;GONZÁLEZ;SIN APROVECHAMIENTO
20383;CARIBE;LA GLORIA;SIN APROVECHAMIENTO
20400;CARIBE;LA JAGUA DE IBIRICO;SIN APROVECHAMIENTO
20443;CARIBE;MANAURE BALCÓN DEL CESAR;SIN APROVECHAMIENTO
20517;CARIBE;PAILITAS;SIN APROVECHAMIENTO
20550;CARIBE;PELAYA;SIN APROVECHAMIENTO
20570;CARIBE;PUEBLO BELLO;SIN APROVECHAMIENTO
20614;CARIBE;RÍO DE ORO;SIN APROVECHAMIENTO
20621;CARIBE;LA PAZ;SIN APROVECHAMIENTO
20710;CARIBE;SAN ALBERTO;SIN APROVECHAMIENTO
20750;CARIBE;SAN DIEGO;SIN APROVECHAMIENTO
20770;CARIBE;SAN MARTÍN;SIN APROVECHAMIENTO
20787;CARIBE;TAMALAMEQUE;SIN APROVECHAMIENTO
23068;CARIBE;AYAPEL;SIN APROVECHAMIENTO
23079;CARIBE;BUENAVISTA;SIN APROVECHAMIENTO
23090;CARIBE;CANALETE;SIN APROVECHAMIENTO
23168;CARIBE;CHIMÁ;SIN APROVECHAMIENTO
23182;CARIBE;CHINÚ;SIN APROVECHAMIENTO
23189;CARIBE;CIÉNAGA DE ORO;SIN APROVECHAMIENTO
23300;CARIBE;COTORRA;SIN APROVECHAMIENTO
23350;CARIBE;LA APARTADA;SIN APROVECHAMIENTO
23419;CARIBE;LOS CÓRDOBAS;SIN APROVECHAMIENTO
23464;CARIBE;MOMIL;SIN APROVECHAMIENTO
23466;CARIBE;MONTELÍBANO;SIN APROVECHAMIENTO
23500;CARIBE;MOÑITOS;SIN APROVECHAMIENTO
23570;CARIBE;PUEBLO NUEVO;SIN APROVECHAMIENTO
23574;CARIBE;PUERTO ESCONDIDO;SIN APROVECHAMIENTO
23580;CARIBE;PUERTO LIBERTADOR;SIN APROVECHAMIENTO
23586;CARIBE;PURÍSIMA DE LA CONCEPCIÓN;SIN APROVECHAMIENTO
23670;CARIBE;SAN ANDRÉS DE SOTAVENTO;SIN APROVECHAMIENTO
23672;CARIBE;SAN ANTERO;SIN APROVECHAMIENTO
23675;CARIBE;SAN BERNARDO DEL VIENTO;SIN APROVECHAMIENTO
23678;CARIBE;SAN CARLOS;SIN APROVECHAMIENTO
23682;CARIBE;SAN JOSÉ DE URÉ;SIN APROVECHAMIENTO
23686;CARIBE;SAN PELAYO;SIN APROVECHAMIENTO
23807;CARIBE;TIERRALTA;SIN APROVECHAMIENTO
23815;CARIBE;TUCHÍN;SIN APROVECHAMIENTO
23855;CARIBE;VALENCIA;SIN APROVECHAMIENTO
25019;CENTRO ORIENTE;ALBÁN;SIN APROVECHAMIENTO
25040;CENTRO ORIENTE;ANOLAIMA;SIN APROVECHAMIENTO
25053;CENTRO ORIENTE;ARBELÁEZ;SIN APROVECHAMIENTO
25086;CENTRO ORIENTE;BELTRÁN;SIN APROVECHAMIENTO
25095;CENTRO ORIENTE;BITUIMA;SIN APROVECHAMIENTO
25099;CENTRO ORIENTE;BOJACÁ;SIN APROVECHAMIENTO
25120;CENTRO ORIENTE;CABRERA;SIN APROVECHAMIENTO
25123;CENTRO ORIENTE;CACHIPAY;SIN APROVECHAMIENTO
25148;CENTRO ORIENTE;CAPARRAPÍ;SIN APROVECHAMIENTO
25151;CENTRO ORIENTE;CÁQUEZA;SIN APROVECHAMIENTO
25154;CENTRO ORIENTE;CARMEN DE CARUPA;SIN APROVECHAMIENTO
25168;CENTRO ORIENTE;CHAGUANÍ;SIN APROVECHAMIENTO
25178;CENTRO ORIENTE;CHIPAQUE;SIN APROVECHAMIENTO
25181;CENTRO ORIENTE;CHOACHÍ;SIN APROVECHAMIENTO
25183;CENTRO ORIENTE;CHOCONTÁ;SIN APROVECHAMIENTO
25200;CENTRO ORIENTE;COGUA;SIN APROVECHAMIENTO
25224;CENTRO ORIENTE;CUCUNUBÁ;SIN APROVECHAMIENTO
25245;CENTRO ORIENTE;EL COLEGIO;SIN APROVECHAMIENTO
25258;CENTRO ORIENTE;EL PEÑÓN;SIN APROVECHAMIENTO
25279;CENTRO ORIENTE;FÓMEQUE;SIN APROVECHAMIENTO
25281;CENTRO ORIENTE;FOSCA;SIN APROVECHAMIENTO
25288;CENTRO ORIENTE;FÚQUENE;SIN APROVECHAMIENTO
25293;CENTRO ORIENTE;GACHALÁ;SIN APROVECHAMIENTO
25295;CENTRO ORIENTE;GACHANCIPÁ;SIN APROVECHAMIENTO
25297;CENTRO ORIENTE;GACHETÁ;SIN APROVECHAMIENTO
25299;CENTRO ORIENTE;GAMA;SIN APROVECHAMIENTO
25312;CENTRO ORIENTE;GRANADA;SIN APROVECHAMIENTO
25317;CENTRO ORIENTE;GUACHETÁ;SIN APROVECHAMIENTO
25320;CENTRO ORIENTE;GUADUAS;SIN APROVECHAMIENTO
25324;CENTRO ORIENTE;GUATAQUÍ;SIN APROVECHAMIENTO
25326;CENTRO ORIENTE;GUATAVITA;SIN APROVECHAMIENTO
25328;CENTRO ORIENTE;GUAYABAL DE SÍQUIMA;SIN APROVECHAMIENTO
25335;CENTRO ORIENTE;GUAYABETAL;SIN APROVECHAMIENTO
25339;CENTRO ORIENTE;GUTIÉRREZ;SIN APROVECHAMIENTO
25368;CENTRO ORIENTE;JERUSALÉN;SIN APROVECHAMIENTO
25372;CENTRO ORIENTE;JUNÍN;SIN APROVECHAMIENTO
25394;CENTRO ORIENTE;LA PALMA;SIN APROVECHAMIENTO
25398;CENTRO ORIENTE;LA PEÑA;SIN APROVECHAMIENTO
25402;CENTRO ORIENTE;LA VEGA;SIN APROVECHAMIENTO
25426;CENTRO ORIENTE;MACHETÁ;SIN APROVECHAMIENTO
25436;CENTRO ORIENTE;MANTA;SIN APROVECHAMIENTO
25438;CENTRO ORIENTE;MEDINA;SIN APROVECHAMIENTO
25483;CENTRO ORIENTE;NARIÑO;SIN APROVECHAMIENTO
25486;CENTRO ORIENTE;NEMOCÓN;SIN APROVECHAMIENTO
25488;CENTRO ORIENTE;NILO;SIN APROVECHAMIENTO
25489;CENTRO ORIENTE;NIMAIMA;SIN APROVECHAMIENTO
25491;CENTRO ORIENTE;NOCAIMA;SIN APROVECHAMIENTO
25506;CENTRO ORIENTE;VENECIA;SIN APROVECHAMIENTO
25513;CENTRO ORIENTE;PACHO;SIN APROVECHAMIENTO
25518;CENTRO ORIENTE;PAIME;SIN APROVECHAMIENTO
25524;CENTRO ORIENTE;PANDI;SIN APROVECHAMIENTO
25530;CENTRO ORIENTE;PARATEBUENO;SIN APROVECHAMIENTO
25580;CENTRO ORIENTE;PULÍ;SIN APROVECHAMIENTO
25594;CENTRO ORIENTE;QUETAME;SIN APROVECHAMIENTO
25596;CENTRO ORIENTE;QUIPILE;SIN APROVECHAMIENTO
25645;CENTRO ORIENTE;SAN ANTONIO DEL TEQUENDAMA;SIN APROVECHAMIENTO
25649;CENTRO ORIENTE;SAN BERNARDO;SIN APROVECHAMIENTO
25653;CENTRO ORIENTE;SAN CAYETANO;SIN APROVECHAMIENTO
25658;CENTRO ORIENTE;SAN FRANCISCO;SIN APROVECHAMIENTO
25662;CENTRO ORIENTE;SAN JUAN DE RIOSECO;SIN APROVECHAMIENTO
25718;CENTRO ORIENTE;SASAIMA;SIN APROVECHAMIENTO
25736;CENTRO ORIENTE;SESQUILÉ;SIN APROVECHAMIENTO
25745;CENTRO ORIENTE;SIMIJACA;SIN APROVECHAMIENTO
25758;CENTRO ORIENTE;SOPÓ;SIN APROVECHAMIENTO
25769;CENTRO ORIENTE;SUBACHOQUE;SIN APROVECHAMIENTO
25777;CENTRO ORIENTE;SUPATÁ;SIN APROVECHAMIENTO
25779;CENTRO ORIENTE;SUSA;SIN APROVECHAMIENTO
25793;CENTRO ORIENTE;TAUSA;SIN APROVECHAMIENTO
25797;CENTRO ORIENTE;TENA;SIN APROVECHAMIENTO
25805;CENTRO ORIENTE;TIBACUY;SIN APROVECHAMIENTO
25807;CENTRO ORIENTE;TIBIRITA;SIN APROVECHAMIENTO
25823;CENTRO ORIENTE;TOPAIPÍ;SIN APROVECHAMIENTO
25839;CENTRO ORIENTE;UBALÁ;SIN APROVECHAMIENTO
25841;CENTRO ORIENTE;UBAQUE;SIN APROVECHAMIENTO
25845;CENTRO ORIENTE;UNE;SIN APROVECHAMIENTO
25851;CENTRO ORIENTE;ÚTICA;SIN APROVECHAMIENTO
25862;CENTRO ORIENTE;VERGARA;SIN APROVECHAMIENTO
25867;CENTRO ORIENTE;VIANÍ;SIN APROVECHAMIENTO
25871;CENTRO ORIENTE;VILLAGÓMEZ;SIN APROVECHAMIENTO
25873;CENTRO ORIENTE;VILLAPINZÓN;SIN APROVECHAMIENTO
25878;CENTRO ORIENTE;VIOTÁ;SIN APROVECHAMIENTO
25885;CENTRO ORIENTE;YACOPÍ;SIN APROVECHAMIENTO
25898;CENTRO ORIENTE;ZIPACÓN;SIN APROVECHAMIENTO
27006;PACÍFICO;ACANDÍ;SIN APROVECHAMIENTO
27025;PACÍFICO;ALTO BAUDÓ;SIN APROVECHAMIENTO
27050;PACÍFICO;ATRATO;SIN APROVECHAMIENTO
27073;PACÍFICO;BAGADÓ;SIN APROVECHAMIENTO
27075;PACÍFICO;BAHÍA SOLANO;SIN APROVECHAMIENTO
27077;PACÍFICO;BAJO BAUDÓ;SIN APROVECHAMIENTO
27099;PACÍFICO;BOJAYÁ;SIN APROVECHAMIENTO
27135;PACÍFICO;EL CANTÓN DEL SAN PABLO;SIN APROVECHAMIENTO
27150;PACÍFICO;CARMEN DEL DARIÉN;SIN APROVECHAMIENTO
27160;PACÍFICO;CÉRTEGUI;SIN APROVECHAMIENTO
27205;PACÍFICO;CONDOTO;SIN APROVECHAMIENTO
27245;PACÍFICO;EL CARMEN DE ATRATO;SIN APROVECHAMIENTO
27250;PACÍFICO;EL LITORAL DEL SAN JUAN;SIN APROVECHAMIENTO
27361;PACÍFICO;ISTMINA;SIN APROVECHAMIENTO
27372;PACÍFICO;JURADÓ;SIN APROVECHAMIENTO
27413;PACÍFICO;LLORÓ;SIN APROVECHAMIENTO
27425;PACÍFICO;MEDIO ATRATO;SIN APROVECHAMIENTO
27430;PACÍFICO;MEDIO BAUDÓ;SIN APROVECHAMIENTO
27450;PACÍFICO;MEDIO SAN JUAN;SIN APROVECHAMIENTO
27491;PACÍFICO;NÓVITA;SIN APROVECHAMIENTO
27495;PACÍFICO;NUQUÍ;SIN APROVECHAMIENTO
27580;PACÍFICO;RÍO IRÓ;SIN APROVECHAMIENTO
27600;PACÍFICO;RÍO QUITO;SIN APROVECHAMIENTO
27615;PACÍFICO;RIOSUCIO;SIN APROVECHAMIENTO
27660;PACÍFICO;SAN JOSÉ DEL PALMAR;SIN APROVECHAMIENTO
27745;PACÍFICO;SIPÍ;SIN APROVECHAMIENTO
27787;PACÍFICO;TADÓ;SIN APROVECHAMIENTO
27800;PACÍFICO;UNGUÍA;SIN APROVECHAMIENTO
27810;PACÍFICO;UNIÓN PANAMERICANA;SIN APROVECHAMIENTO
41006;CENTRO SUR;ACEVEDO;SIN APROVECHAMIENTO
41013;CENTRO SUR;AGRADO;SIN APROVECHAMIENTO
41026;CENTRO SUR;ALTAMIRA;SIN APROVECHAMIENTO
41206;CENTRO SUR;COLOMBIA;SIN APROVECHAMIENTO
41244;CENTRO SUR;ELÍAS;SIN APROVECHAMIENTO
41298;CENTRO SUR;GARZÓN;SIN APROVECHAMIENTO
41306;CENTRO SUR;GIGANTE;SIN APROVECHAMIENTO
41349;CENTRO SUR;HOBO;SIN APROVECHAMIENTO
41357;CENTRO SUR;ÍQUIRA;SIN APROVECHAMIENTO
41359;CENTRO SUR;ISNOS;SIN APROVECHAMIENTO
41378;CENTRO SUR;LA ARGENTINA;SIN APROVECHAMIENTO
41483;CENTRO SUR;NÁTAGA;SIN APROVECHAMIENTO
41503;CENTRO SUR;OPORAPA;SIN APROVECHAMIENTO
41518;CENTRO SUR;PAICOL;SIN APROVECHAMIENTO
41530;CENTRO SUR;PALESTINA;SIN APROVECHAMIENTO
41548;CENTRO SUR;PITAL;SIN APROVECHAMIENTO
41660;CENTRO SUR;SALADOBLANCO;SIN APROVECHAMIENTO
41668;CENTRO SUR;SAN AGUSTÍN;SIN APROVECHAMIENTO
41676;CENTRO SUR;SANTA MARÍA;SIN APROVECHAMIENTO
41770;CENTRO SUR;SUAZA;SIN APROVECHAMIENTO
41791;CENTRO SUR;TARQUI;SIN APROVECHAMIENTO
41797;CENTRO SUR;TESALIA;SIN APROVECHAMIENTO
41801;CENTRO SUR;TERUEL;SIN APROVECHAMIENTO
41807;CENTRO SUR;TIMANÁ;SIN APROVECHAMIENTO
41872;CENTRO SUR;VILLAVIEJA;SIN APROVECHAMIENTO
41885;CENTRO SUR;YAGUARÁ;SIN APROVECHAMIENTO
44035;CARIBE;ALBANIA;SIN APROVECHAMIENTO
44078;CARIBE;BARRANCAS;SIN APROVECHAMIENTO
44090;CARIBE;DIBULLA;SIN APROVECHAMIENTO
44098;CARIBE;DISTRACCIÓN;SIN APROVECHAMIENTO
44110;CARIBE;EL MOLINO;SIN APROVECHAMIENTO
44279;CARIBE;FONSECA;SIN APROVECHAMIENTO
44378;CARIBE;HATONUEVO;SIN APROVECHAMIENTO
44420;CARIBE;LA JAGUA DEL PILAR;SIN APROVECHAMIENTO
44560;CARIBE;MANAURE;SIN APROVECHAMIENTO
44650;CARIBE;SAN JUAN DEL CESAR;SIN APROVECHAMIENTO
44847;CARIBE;URIBIA;SIN APROVECHAMIENTO
44855;CARIBE;URUMITA;SIN APROVECHAMIENTO
44874;CARIBE;VILLANUEVA;SIN APROVECHAMIENTO
47030;CARIBE;ALGARROBO;SIN APROVECHAMIENTO
47058;CARIBE;ARIGUANÍ;SIN APROVECHAMIENTO
47161;CARIBE;CERRO DE SAN ANTONIO;SIN APROVECHAMIENTO
47170;CARIBE;CHIVOLO;SIN APROVECHAMIENTO
47205;CARIBE;CONCORDIA;SIN APROVECHAMIENTO
47245;CARIBE;EL BANCO;SIN APROVECHAMIENTO
47258;CARIBE;EL PIÑÓN;SIN APROVECHAMIENTO
47268;CARIBE;EL RETÉN;SIN APROVECHAMIENTO
47318;CARIBE;GUAMAL;SIN APROVECHAMIENTO
47460;CARIBE;NUEVA GRANADA;SIN APROVECHAMIENTO
47541;CARIBE;PEDRAZA;SIN APROVECHAMIENTO
47545;CARIBE;PIJIÑO DEL CARMEN;SIN APROVECHAMIENTO
47551;CARIBE;PIVIJAY;SIN APROVECHAMIENTO
47555;CARIBE;PLATO;SIN APROVECHAMIENTO
47570;CARIBE;PUEBLOVIEJO;SIN APROVECHAMIENTO
47605;CARIBE;REMOLINO;SIN APROVECHAMIENTO
47660;CARIBE;SABANAS DE SAN ÁNGEL;SIN APROVECHAMIENTO
47675;CARIBE;SALAMINA;SIN APROVECHAMIENTO
47692;CARIBE;SAN SEBASTIÁN DE BUENAVISTA;SIN APROVECHAMIENTO
47703;CARIBE;SAN ZENÓN;SIN APROVECHAMIENTO
47707;CARIBE;SANTA ANA;SIN APROVECHAMIENTO
47720;CARIBE;SANTA BÁRBARA DE PINTO;SIN APROVECHAMIENTO
47745;CARIBE;SITIONUEVO;SIN APROVECHAMIENTO
47798;CARIBE;TENERIFE;SIN APROVECHAMIENTO
47960;CARIBE;ZAPAYÁN;SIN APROVECHAMIENTO
47980;CARIBE;ZONA BANANERA;SIN APROVECHAMIENTO
50110;LLANO ;BARRANCA DE UPÍA;SIN APROVECHAMIENTO
50124;LLANO ;CABUYARO;SIN APROVECHAMIENTO
50226;LLANO ;CUMARAL;SIN APROVECHAMIENTO
50245;LLANO ;EL CALVARIO;SIN APROVECHAMIENTO
50251;LLANO ;EL CASTILLO;SIN APROVECHAMIENTO
50270;LLANO ;EL DORADO;SIN APROVECHAMIENTO
50287;LLANO ;FUENTE DE ORO;SIN APROVECHAMIENTO
50325;LLANO ;MAPIRIPÁN;SIN APROVECHAMIENTO
50330;LLANO ;MESETAS;SIN APROVECHAMIENTO
50350;LLANO ;LA MACARENA;SIN APROVECHAMIENTO
50370;LLANO ;URIBE;SIN APROVECHAMIENTO
50400;LLANO ;LEJANÍAS;SIN APROVECHAMIENTO
50450;LLANO ;PUERTO CONCORDIA;SIN APROVECHAMIENTO
50577;LLANO ;PUERTO LLERAS;SIN APROVECHAMIENTO
50590;LLANO ;PUERTO RICO;SIN APROVECHAMIENTO
50683;LLANO ;SAN JUAN DE ARAMA;SIN APROVECHAMIENTO
50686;LLANO ;SAN JUANITO;SIN APROVECHAMIENTO
50711;LLANO ;VISTAHERMOSA;SIN APROVECHAMIENTO
52019;PACÍFICO;ALBÁN;SIN APROVECHAMIENTO
52022;PACÍFICO;ALDANA;SIN APROVECHAMIENTO
52036;PACÍFICO;ANCUYA;SIN APROVECHAMIENTO
52051;PACÍFICO;ARBOLEDA;SIN APROVECHAMIENTO
52079;PACÍFICO;BARBACOAS;SIN APROVECHAMIENTO
52083;PACÍFICO;BELÉN;SIN APROVECHAMIENTO
52110;PACÍFICO;BUESACO;SIN APROVECHAMIENTO
52203;PACÍFICO;COLÓN;SIN APROVECHAMIENTO
52207;PACÍFICO;CONSACÁ;SIN APROVECHAMIENTO
52210;PACÍFICO;CONTADERO;SIN APROVECHAMIENTO
52215;PACÍFICO;CÓRDOBA;SIN APROVECHAMIENTO
52224;PACÍFICO;CUASPUD CARLOSAMA;SIN APROVECHAMIENTO
52227;PACÍFICO;CUMBAL;SIN APROVECHAMIENTO
52233;PACÍFICO;CUMBITARA;SIN APROVECHAMIENTO
52240;PACÍFICO;CHACHAGÜÍ;SIN APROVECHAMIENTO
52250;PACÍFICO;EL CHARCO;SIN APROVECHAMIENTO
52254;PACÍFICO;EL PEÑOL;SIN APROVECHAMIENTO
52256;PACÍFICO;EL ROSARIO;SIN APROVECHAMIENTO
52258;PACÍFICO;EL TABLÓN DE GÓMEZ;SIN APROVECHAMIENTO
52260;PACÍFICO;EL TAMBO;SIN APROVECHAMIENTO
52287;PACÍFICO;FUNES;SIN APROVECHAMIENTO
52317;PACÍFICO;GUACHUCAL;SIN APROVECHAMIENTO
52320;PACÍFICO;GUAITARILLA;SIN APROVECHAMIENTO
52323;PACÍFICO;GUALMATÁN;SIN APROVECHAMIENTO
52352;PACÍFICO;ILES;SIN APROVECHAMIENTO
52354;PACÍFICO;IMUÉS;SIN APROVECHAMIENTO
52378;PACÍFICO;LA CRUZ;SIN APROVECHAMIENTO
52381;PACÍFICO;LA FLORIDA;SIN APROVECHAMIENTO
52385;PACÍFICO;LA LLANADA;SIN APROVECHAMIENTO
52390;PACÍFICO;LA TOLA;SIN APROVECHAMIENTO
52399;PACÍFICO;LA UNIÓN;SIN APROVECHAMIENTO
52405;PACÍFICO;LEIVA;SIN APROVECHAMIENTO
52411;PACÍFICO;LINARES;SIN APROVECHAMIENTO
52418;PACÍFICO;LOS ANDES;SIN APROVECHAMIENTO
52427;PACÍFICO;MAGÜÍ;SIN APROVECHAMIENTO
52435;PACÍFICO;MALLAMA;SIN APROVECHAMIENTO
52473;PACÍFICO;MOSQUERA;SIN APROVECHAMIENTO
52480;PACÍFICO;NARIÑO;SIN APROVECHAMIENTO
52490;PACÍFICO;OLAYA HERRERA;SIN APROVECHAMIENTO
52506;PACÍFICO;OSPINA;SIN APROVECHAMIENTO
52520;PACÍFICO;FRANCISCO PIZARRO;SIN APROVECHAMIENTO
52540;PACÍFICO;POLICARPA;SIN APROVECHAMIENTO
52560;PACÍFICO;POTOSÍ;SIN APROVECHAMIENTO
52565;PACÍFICO;PROVIDENCIA;SIN APROVECHAMIENTO
52573;PACÍFICO;PUERRES;SIN APROVECHAMIENTO
52585;PACÍFICO;PUPIALES;SIN APROVECHAMIENTO
52612;PACÍFICO;RICAURTE;SIN APROVECHAMIENTO
52621;PACÍFICO;ROBERTO PAYÁN;SIN APROVECHAMIENTO
52678;PACÍFICO;SAMANIEGO;SIN APROVECHAMIENTO
52683;PACÍFICO;SANDONÁ;SIN APROVECHAMIENTO
52685;PACÍFICO;SAN BERNARDO;SIN APROVECHAMIENTO
52687;PACÍFICO;SAN LORENZO;SIN APROVECHAMIENTO
52693;PACÍFICO;SAN PABLO;SIN APROVECHAMIENTO
52694;PACÍFICO;SAN PEDRO DE CARTAGO;SIN APROVECHAMIENTO
52696;PACÍFICO;SANTA BÁRBARA;SIN APROVECHAMIENTO
52699;PACÍFICO;SANTACRUZ;SIN APROVECHAMIENTO
52720;PACÍFICO;SAPUYES;SIN APROVECHAMIENTO
52786;PACÍFICO;TAMINANGO;SIN APROVECHAMIENTO
52788;PACÍFICO;TANGUA;SIN APROVECHAMIENTO
52835;PACÍFICO;SAN ANDRÉS DE TUMACO;SIN APROVECHAMIENTO
52838;PACÍFICO;TÚQUERRES;SIN APROVECHAMIENTO
52885;PACÍFICO;YACUANQUER;SIN APROVECHAMIENTO
54003;CENTRO ORIENTE;ÁBREGO;SIN APROVECHAMIENTO
54051;CENTRO ORIENTE;ARBOLEDAS;SIN APROVECHAMIENTO
54099;CENTRO ORIENTE;BOCHALEMA;SIN APROVECHAMIENTO
54109;CENTRO ORIENTE;BUCARASICA;SIN APROVECHAMIENTO
54125;CENTRO ORIENTE;CÁCOTA;SIN APROVECHAMIENTO
54128;CENTRO ORIENTE;CÁCHIRA;SIN APROVECHAMIENTO
54172;CENTRO ORIENTE;CHINÁCOTA;SIN APROVECHAMIENTO
54174;CENTRO ORIENTE;CHITAGÁ;SIN APROVECHAMIENTO
54206;CENTRO ORIENTE;CONVENCIÓN;SIN APROVECHAMIENTO
54223;CENTRO ORIENTE;CUCUTILLA;SIN APROVECHAMIENTO
54239;CENTRO ORIENTE;DURANIA;SIN APROVECHAMIENTO
54245;CENTRO ORIENTE;EL CARMEN;SIN APROVECHAMIENTO
54250;CENTRO ORIENTE;EL TARRA;SIN APROVECHAMIENTO
54261;CENTRO ORIENTE;EL ZULIA;SIN APROVECHAMIENTO
54313;CENTRO ORIENTE;GRAMALOTE;SIN APROVECHAMIENTO
54344;CENTRO ORIENTE;HACARÍ;SIN APROVECHAMIENTO
54347;CENTRO ORIENTE;HERRÁN;SIN APROVECHAMIENTO
54377;CENTRO ORIENTE;LABATECA;SIN APROVECHAMIENTO
54385;CENTRO ORIENTE;LA ESPERANZA;SIN APROVECHAMIENTO
54398;CENTRO ORIENTE;LA PLAYA;SIN APROVECHAMIENTO
54418;CENTRO ORIENTE;LOURDES;SIN APROVECHAMIENTO
54480;CENTRO ORIENTE;MUTISCUA;SIN APROVECHAMIENTO
54520;CENTRO ORIENTE;PAMPLONITA;SIN APROVECHAMIENTO
54553;CENTRO ORIENTE;PUERTO SANTANDER;SIN APROVECHAMIENTO
54599;CENTRO ORIENTE;RAGONVALIA;SIN APROVECHAMIENTO
54660;CENTRO ORIENTE;SALAZAR;SIN APROVECHAMIENTO
54670;CENTRO ORIENTE;SAN CALIXTO;SIN APROVECHAMIENTO
54673;CENTRO ORIENTE;SAN CAYETANO;SIN APROVECHAMIENTO
54680;CENTRO ORIENTE;SANTIAGO;SIN APROVECHAMIENTO
54720;CENTRO ORIENTE;SARDINATA;SIN APROVECHAMIENTO
54743;CENTRO ORIENTE;SILOS;SIN APROVECHAMIENTO
54800;CENTRO ORIENTE;TEORAMA;SIN APROVECHAMIENTO
54810;CENTRO ORIENTE;TIBÚ;SIN APROVECHAMIENTO
54820;CENTRO ORIENTE;TOLEDO;SIN APROVECHAMIENTO
54871;CENTRO ORIENTE;VILLA CARO;SIN APROVECHAMIENTO
63111;EJE CAFETERO;BUENAVISTA;SIN APROVECHAMIENTO
63212;EJE CAFETERO;CÓRDOBA;SIN APROVECHAMIENTO
63272;EJE CAFETERO;FILANDIA;SIN APROVECHAMIENTO
63302;EJE CAFETERO;GÉNOVA;SIN APROVECHAMIENTO
63401;EJE CAFETERO;LA TEBAIDA;SIN APROVECHAMIENTO
63470;EJE CAFETERO;MONTENEGRO;SIN APROVECHAMIENTO
63548;EJE CAFETERO;PIJAO;SIN APROVECHAMIENTO
66045;EJE CAFETERO;APÍA;SIN APROVECHAMIENTO
66075;EJE CAFETERO;BALBOA;SIN APROVECHAMIENTO
66088;EJE CAFETERO;BELÉN DE UMBRÍA;SIN APROVECHAMIENTO
66318;EJE CAFETERO;GUÁTICA;SIN APROVECHAMIENTO
66383;EJE CAFETERO;LA CELIA;SIN APROVECHAMIENTO
66400;EJE CAFETERO;LA VIRGINIA;SIN APROVECHAMIENTO
66440;EJE CAFETERO;MARSELLA;SIN APROVECHAMIENTO
66456;EJE CAFETERO;MISTRATÓ;SIN APROVECHAMIENTO
66572;EJE CAFETERO;PUEBLO RICO;SIN APROVECHAMIENTO
66594;EJE CAFETERO;QUINCHÍA;SIN APROVECHAMIENTO
68013;CENTRO ORIENTE;AGUADA;SIN APROVECHAMIENTO
68020;CENTRO ORIENTE;ALBANIA;SIN APROVECHAMIENTO
68051;CENTRO ORIENTE;ARATOCA;SIN APROVECHAMIENTO
68077;CENTRO ORIENTE;BARBOSA;SIN APROVECHAMIENTO
68079;CENTRO ORIENTE;BARICHARA;SIN APROVECHAMIENTO
68092;CENTRO ORIENTE;BETULIA;SIN APROVECHAMIENTO
68101;CENTRO ORIENTE;BOLÍVAR;SIN APROVECHAMIENTO
68121;CENTRO ORIENTE;CABRERA;SIN APROVECHAMIENTO
68132;CENTRO ORIENTE;CALIFORNIA;SIN APROVECHAMIENTO
68147;CENTRO ORIENTE;CAPITANEJO;SIN APROVECHAMIENTO
68152;CENTRO ORIENTE;CARCASÍ;SIN APROVECHAMIENTO
68160;CENTRO ORIENTE;CEPITÁ;SIN APROVECHAMIENTO
68162;CENTRO ORIENTE;CERRITO;SIN APROVECHAMIENTO
68167;CENTRO ORIENTE;CHARALÁ;SIN APROVECHAMIENTO
68169;CENTRO ORIENTE;CHARTA;SIN APROVECHAMIENTO
68176;CENTRO ORIENTE;CHIMA;SIN APROVECHAMIENTO
68179;CENTRO ORIENTE;CHIPATÁ;SIN APROVECHAMIENTO
68190;CENTRO ORIENTE;CIMITARRA;SIN APROVECHAMIENTO
68207;CENTRO ORIENTE;CONCEPCIÓN;SIN APROVECHAMIENTO
68209;CENTRO ORIENTE;CONFINES;SIN APROVECHAMIENTO
68211;CENTRO ORIENTE;CONTRATACIÓN;SIN APROVECHAMIENTO
68217;CENTRO ORIENTE;COROMORO;SIN APROVECHAMIENTO
68229;CENTRO ORIENTE;CURITÍ;SIN APROVECHAMIENTO
68235;CENTRO ORIENTE;EL CARMEN DE CHUCURÍ;SIN APROVECHAMIENTO
68245;CENTRO ORIENTE;EL GUACAMAYO;SIN APROVECHAMIENTO
68250;CENTRO ORIENTE;EL PEÑÓN;SIN APROVECHAMIENTO
68255;CENTRO ORIENTE;EL PLAYÓN;SIN APROVECHAMIENTO
68264;CENTRO ORIENTE;ENCINO;SIN APROVECHAMIENTO
68266;CENTRO ORIENTE;ENCISO;SIN APROVECHAMIENTO
68271;CENTRO ORIENTE;FLORIÁN;SIN APROVECHAMIENTO
68296;CENTRO ORIENTE;GALÁN;SIN APROVECHAMIENTO
68298;CENTRO ORIENTE;GÁMBITA;SIN APROVECHAMIENTO
68318;CENTRO ORIENTE;GUACA;SIN APROVECHAMIENTO
68320;CENTRO ORIENTE;GUADALUPE;SIN APROVECHAMIENTO
68322;CENTRO ORIENTE;GUAPOTÁ;SIN APROVECHAMIENTO
68324;CENTRO ORIENTE;GUAVATÁ;SIN APROVECHAMIENTO
68327;CENTRO ORIENTE;GÜEPSA;SIN APROVECHAMIENTO
68344;CENTRO ORIENTE;HATO;SIN APROVECHAMIENTO
68368;CENTRO ORIENTE;JESÚS MARÍA;SIN APROVECHAMIENTO
68370;CENTRO ORIENTE;JORDÁN;SIN APROVECHAMIENTO
68377;CENTRO ORIENTE;LA BELLEZA;SIN APROVECHAMIENTO
68385;CENTRO ORIENTE;LANDÁZURI;SIN APROVECHAMIENTO
68397;CENTRO ORIENTE;LA PAZ;SIN APROVECHAMIENTO
68418;CENTRO ORIENTE;LOS SANTOS;SIN APROVECHAMIENTO
68425;CENTRO ORIENTE;MACARAVITA;SIN APROVECHAMIENTO
68444;CENTRO ORIENTE;MATANZA;SIN APROVECHAMIENTO
68464;CENTRO ORIENTE;MOGOTES;SIN APROVECHAMIENTO
68468;CENTRO ORIENTE;MOLAGAVITA;SIN APROVECHAMIENTO
68498;CENTRO ORIENTE;OCAMONTE;SIN APROVECHAMIENTO
68500;CENTRO ORIENTE;OIBA;SIN APROVECHAMIENTO
68502;CENTRO ORIENTE;ONZAGA;SIN APROVECHAMIENTO
68522;CENTRO ORIENTE;PALMAR;SIN APROVECHAMIENTO
68524;CENTRO ORIENTE;PALMAS DEL SOCORRO;SIN APROVECHAMIENTO
68533;CENTRO ORIENTE;PÁRAMO;SIN APROVECHAMIENTO
68572;CENTRO ORIENTE;PUENTE NACIONAL;SIN APROVECHAMIENTO
68573;CENTRO ORIENTE;PUERTO PARRA;SIN APROVECHAMIENTO
68575;CENTRO ORIENTE;PUERTO WILCHES;SIN APROVECHAMIENTO
68615;CENTRO ORIENTE;RIONEGRO;SIN APROVECHAMIENTO
68669;CENTRO ORIENTE;SAN ANDRÉS;SIN APROVECHAMIENTO
68673;CENTRO ORIENTE;SAN BENITO;SIN APROVECHAMIENTO
68682;CENTRO ORIENTE;SAN JOAQUÍN;SIN APROVECHAMIENTO
68684;CENTRO ORIENTE;SAN JOSÉ DE MIRANDA;SIN APROVECHAMIENTO
68686;CENTRO ORIENTE;SAN MIGUEL;SIN APROVECHAMIENTO
68689;CENTRO ORIENTE;SAN VICENTE DE CHUCURÍ;SIN APROVECHAMIENTO
68705;CENTRO ORIENTE;SANTA BÁRBARA;SIN APROVECHAMIENTO
68720;CENTRO ORIENTE;SANTA HELENA DEL OPÓN;SIN APROVECHAMIENTO
68745;CENTRO ORIENTE;SIMACOTA;SIN APROVECHAMIENTO
68755;CENTRO ORIENTE;SOCORRO;SIN APROVECHAMIENTO
68770;CENTRO ORIENTE;SUAITA;SIN APROVECHAMIENTO
68773;CENTRO ORIENTE;SUCRE;SIN APROVECHAMIENTO
68780;CENTRO ORIENTE;SURATÁ;SIN APROVECHAMIENTO
68820;CENTRO ORIENTE;TONA;SIN APROVECHAMIENTO
68855;CENTRO ORIENTE;VALLE DE SAN JOSÉ;SIN APROVECHAMIENTO
68861;CENTRO ORIENTE;VÉLEZ;SIN APROVECHAMIENTO
68867;CENTRO ORIENTE;VETAS;SIN APROVECHAMIENTO
68872;CENTRO ORIENTE;VILLANUEVA;SIN APROVECHAMIENTO
68895;CENTRO ORIENTE;ZAPATOCA;SIN APROVECHAMIENTO
70110;CARIBE;BUENAVISTA;SIN APROVECHAMIENTO
70124;CARIBE;CAIMITO;SIN APROVECHAMIENTO
70204;CARIBE;COLOSÓ;SIN APROVECHAMIENTO
70221;CARIBE;COVEÑAS;SIN APROVECHAMIENTO
70230;CARIBE;CHALÁN;SIN APROVECHAMIENTO
70233;CARIBE;EL ROBLE;SIN APROVECHAMIENTO
70235;CARIBE;GALERAS;SIN APROVECHAMIENTO
70265;CARIBE;GUARANDA;SIN APROVECHAMIENTO
70400;CARIBE;LA UNIÓN;SIN APROVECHAMIENTO
70418;CARIBE;LOS PALMITOS;SIN APROVECHAMIENTO
70429;CARIBE;MAJAGUAL;SIN APROVECHAMIENTO
70473;CARIBE;MORROA;SIN APROVECHAMIENTO
70508;CARIBE;OVEJAS;SIN APROVECHAMIENTO
70523;CARIBE;PALMITO;SIN APROVECHAMIENTO
70670;CARIBE;SAMPUÉS;SIN APROVECHAMIENTO
70678;CARIBE;SAN BENITO ABAD;SIN APROVECHAMIENTO
70702;CARIBE;SAN JUAN DE BETULIA;SIN APROVECHAMIENTO
70713;CARIBE;SAN ONOFRE;SIN APROVECHAMIENTO
70717;CARIBE;SAN PEDRO;SIN APROVECHAMIENTO
70771;CARIBE;SUCRE;SIN APROVECHAMIENTO
70820;CARIBE;SANTIAGO DE TOLÚ;SIN APROVECHAMIENTO
70823;CARIBE;SAN JOSÉ DE TOLUVIEJO;SIN APROVECHAMIENTO
73024;CENTRO SUR;ALPUJARRA;SIN APROVECHAMIENTO
73026;CENTRO SUR;ALVARADO;SIN APROVECHAMIENTO
73030;CENTRO SUR;AMBALEMA;SIN APROVECHAMIENTO
73043;CENTRO SUR;ANZOÁTEGUI;SIN APROVECHAMIENTO
73055;CENTRO SUR;ARMERO;SIN APROVECHAMIENTO
73067;CENTRO SUR;ATACO;SIN APROVECHAMIENTO
73124;CENTRO SUR;CAJAMARCA;SIN APROVECHAMIENTO
73148;CENTRO SUR;CARMEN DE APICALÁ;SIN APROVECHAMIENTO
73152;CENTRO SUR;CASABIANCA;SIN APROVECHAMIENTO
73200;CENTRO SUR;COELLO;SIN APROVECHAMIENTO
73217;CENTRO SUR;COYAIMA;SIN APROVECHAMIENTO
73226;CENTRO SUR;CUNDAY;SIN APROVECHAMIENTO
73236;CENTRO SUR;DOLORES;SIN APROVECHAMIENTO
73270;CENTRO SUR;FALAN;SIN APROVECHAMIENTO
73283;CENTRO SUR;FRESNO;SIN APROVECHAMIENTO
73347;CENTRO SUR;HERVEO;SIN APROVECHAMIENTO
73352;CENTRO SUR;ICONONZO;SIN APROVECHAMIENTO
73408;CENTRO SUR;LÉRIDA;SIN APROVECHAMIENTO
73411;CENTRO SUR;LÍBANO;SIN APROVECHAMIENTO
73461;CENTRO SUR;MURILLO;SIN APROVECHAMIENTO
73483;CENTRO SUR;NATAGAIMA;SIN APROVECHAMIENTO
73520;CENTRO SUR;PALOCABILDO;SIN APROVECHAMIENTO
73547;CENTRO SUR;PIEDRAS;SIN APROVECHAMIENTO
73555;CENTRO SUR;PLANADAS;SIN APROVECHAMIENTO
73616;CENTRO SUR;RIOBLANCO;SIN APROVECHAMIENTO
73622;CENTRO SUR;RONCESVALLES;SIN APROVECHAMIENTO
73624;CENTRO SUR;ROVIRA;SIN APROVECHAMIENTO
73675;CENTRO SUR;SAN ANTONIO;SIN APROVECHAMIENTO
73678;CENTRO SUR;SAN LUIS;SIN APROVECHAMIENTO
73686;CENTRO SUR;SANTA ISABEL;SIN APROVECHAMIENTO
73770;CENTRO SUR;SUÁREZ;SIN APROVECHAMIENTO
73854;CENTRO SUR;VALLE DE SAN JUAN;SIN APROVECHAMIENTO
73861;CENTRO SUR;VENADILLO;SIN APROVECHAMIENTO
73870;CENTRO SUR;VILLAHERMOSA;SIN APROVECHAMIENTO
73873;CENTRO SUR;VILLARRICA;SIN APROVECHAMIENTO
76020;PACÍFICO;ALCALÁ;SIN APROVECHAMIENTO
76041;PACÍFICO;ANSERMANUEVO;SIN APROVECHAMIENTO
76054;PACÍFICO;ARGELIA;SIN APROVECHAMIENTO
76100;PACÍFICO;BOLÍVAR;SIN APROVECHAMIENTO
76126;PACÍFICO;CALIMA;SIN APROVECHAMIENTO
76243;PACÍFICO;EL ÁGUILA;SIN APROVECHAMIENTO
76246;PACÍFICO;EL CAIRO;SIN APROVECHAMIENTO
76250;PACÍFICO;EL DOVIO;SIN APROVECHAMIENTO
76377;PACÍFICO;LA CUMBRE;SIN APROVECHAMIENTO
76403;PACÍFICO;LA VICTORIA;SIN APROVECHAMIENTO
76497;PACÍFICO;OBANDO;SIN APROVECHAMIENTO
76606;PACÍFICO;RESTREPO;SIN APROVECHAMIENTO
76616;PACÍFICO;RIOFRÍO;SIN APROVECHAMIENTO
76622;PACÍFICO;ROLDANILLO;SIN APROVECHAMIENTO
76736;PACÍFICO;SEVILLA;SIN APROVECHAMIENTO
76823;PACÍFICO;TORO;SIN APROVECHAMIENTO
76828;PACÍFICO;TRUJILLO;SIN APROVECHAMIENTO
76845;PACÍFICO;ULLOA;SIN APROVECHAMIENTO
76863;PACÍFICO;VERSALLES;SIN APROVECHAMIENTO
76869;PACÍFICO;VIJES;SIN APROVECHAMIENTO
81065;LLANO ;ARAUQUITA;SIN APROVECHAMIENTO
81220;LLANO ;CRAVO NORTE;SIN APROVECHAMIENTO
81300;LLANO ;FORTUL;SIN APROVECHAMIENTO
81591;LLANO ;PUERTO RONDÓN;SIN APROVECHAMIENTO
81736;LLANO ;SARAVENA;SIN APROVECHAMIENTO
81794;LLANO ;TAME;SIN APROVECHAMIENTO
85015;LLANO ;CHÁMEZA;SIN APROVECHAMIENTO
85125;LLANO ;HATO COROZAL;SIN APROVECHAMIENTO
85136;LLANO ;LA SALINA;SIN APROVECHAMIENTO
85139;LLANO ;MANÍ;SIN APROVECHAMIENTO
85162;LLANO ;MONTERREY;SIN APROVECHAMIENTO
85225;LLANO ;NUNCHÍA;SIN APROVECHAMIENTO
85230;LLANO ;OROCUÉ;SIN APROVECHAMIENTO
85263;LLANO ;PORE;SIN APROVECHAMIENTO
85279;LLANO ;RECETOR;SIN APROVECHAMIENTO
85300;LLANO ;SABANALARGA;SIN APROVECHAMIENTO
85315;LLANO ;SÁCAMA;SIN APROVECHAMIENTO
85325;LLANO ;SAN LUIS DE PALENQUE;SIN APROVECHAMIENTO
85400;LLANO ;TÁMARA;SIN APROVECHAMIENTO
85410;LLANO ;TAURAMENA;SIN APROVECHAMIENTO
85430;LLANO ;TRINIDAD;SIN APROVECHAMIENTO
85440;LLANO ;VILLANUEVA;SIN APROVECHAMIENTO
86001;CENTRO SUR;MOCOA;SIN APROVECHAMIENTO
86219;CENTRO SUR;COLÓN;SIN APROVECHAMIENTO
86320;CENTRO SUR;ORITO;SIN APROVECHAMIENTO
86568;CENTRO SUR;PUERTO ASÍS;SIN APROVECHAMIENTO
86569;CENTRO SUR;PUERTO CAICEDO;SIN APROVECHAMIENTO
86571;CENTRO SUR;PUERTO GUZMÁN;SIN APROVECHAMIENTO
86573;CENTRO SUR;PUERTO LEGUÍZAMO;SIN APROVECHAMIENTO
86749;CENTRO SUR;SIBUNDOY;SIN APROVECHAMIENTO
86755;CENTRO SUR;SAN FRANCISCO;SIN APROVECHAMIENTO
86757;CENTRO SUR;SAN MIGUEL;SIN APROVECHAMIENTO
86760;CENTRO SUR;SANTIAGO;SIN APROVECHAMIENTO
86865;CENTRO SUR;VALLE DEL GUAMUEZ;SIN APROVECHAMIENTO
86885;CENTRO SUR;VILLAGARZÓN;SIN APROVECHAMIENTO
88001;CARIBE;SAN ANDRÉS;SIN APROVECHAMIENTO
88564;CARIBE;PROVIDENCIA;SIN APROVECHAMIENTO
91001;CENTRO SUR;LETICIA;SIN APROVECHAMIENTO
91263;CENTRO SUR;EL ENCANTO;SIN APROVECHAMIENTO
91405;CENTRO SUR;LA CHORRERA;SIN APROVECHAMIENTO
91407;CENTRO SUR;LA PEDRERA;SIN APROVECHAMIENTO
91430;CENTRO SUR;LA VICTORIA;SIN APROVECHAMIENTO
91460;CENTRO SUR;MIRITÍ - PARANÁ;SIN APROVECHAMIENTO
91530;CENTRO SUR;PUERTO ALEGRÍA;SIN APROVECHAMIENTO
91536;CENTRO SUR;PUERTO ARICA;SIN APROVECHAMIENTO
91540;CENTRO SUR;PUERTO NARIÑO;SIN APROVECHAMIENTO
91669;CENTRO SUR;PUERTO SANTANDER;SIN APROVECHAMIENTO
91798;CENTRO SUR;TARAPACÁ;SIN APROVECHAMIENTO
94001;LLANO ;INÍRIDA;SIN APROVECHAMIENTO
94343;LLANO ;BARRANCOMINAS;SIN APROVECHAMIENTO
94883;LLANO ;SAN FELIPE;SIN APROVECHAMIENTO
94884;LLANO ;PUERTO COLOMBIA;SIN APROVECHAMIENTO
94885;LLANO ;LA GUADALUPE;SIN APROVECHAMIENTO
94886;LLANO ;CACAHUAL;SIN APROVECHAMIENTO
94887;LLANO ;PANA PANA;SIN APROVECHAMIENTO
94888;LLANO ;MORICHAL;SIN APROVECHAMIENTO
95015;LLANO ;CALAMAR;SIN APROVECHAMIENTO
95025;LLANO ;EL RETORNO;SIN APROVECHAMIENTO
95200;LLANO ;MIRAFLORES;SIN APROVECHAMIENTO
97001;LLANO ;MITÚ;SIN APROVECHAMIENTO
97161;LLANO ;CARURÚ;SIN APROVECHAMIENTO
97511;LLANO ;PACOA;SIN APROVECHAMIENTO
97666;LLANO ;TARAIRA;SIN APROVECHAMIENTO
97777;LLANO ;PAPUNAHUA;SIN APROVECHAMIENTO
97889;LLANO ;YAVARATÉ;SIN APROVECHAMIENTO
99001;LLANO ;PUERTO CARREÑO;SIN APROVECHAMIENTO
99524;LLANO ;LA PRIMAVERA;SIN APROVECHAMIENTO
99624;LLANO ;SANTA ROSALÍA;SIN APROVECHAMIENTO
99773;LLANO ;CUMARIBO;SIN APROVECHAMIENTO
