|DP|DPNOM|DPMP|MPIO|AÑO|ÁREA GEOGRÁFICA|Total population_x|AUX_LOC|TONELADAS DE RESIDUOS|TONELADAS APROVECHADAS|Tasa_de_aprovechamiento|Total population_y|LIFESPAN|Nombre sitio disposición final|LIFESPAN_PERCENTAGE
0|||||2021|||CUNDINAMARCA-BOJACA|||0.0||6290766.5|RELLENO SANITARIO NUEVO MONDOÑEDO|88.57739369191776
1|41.0|HUILA|41551.0|PITALITO|2021|Cabecera Municipal|75.828|HUILA-PITALITO|25973.609999999997|941.9899999999999|0.03499791942219382|1556520.0|179176.59999999998|Planta de tramiento de Residuos Solidos|72.28511844345942
2|41.0|HUILA|41551.0|PITALITO|2021|Centros Poblados y Rural Disperso|53.882|HUILA-PITALITO|25973.609999999997|941.9899999999999|0.03499791942219382|1556520.0|179176.59999999998|Planta de tramiento de Residuos Solidos|72.28511844345942
3|41.0|HUILA|41551.0|PITALITO|2021|Total|129.710|HUILA-PITALITO|25973.609999999997|941.9899999999999|0.03499791942219382|1556520.0|179176.59999999998|Planta de tramiento de Residuos Solidos|72.28511844345942
4|||||2021|||HUILA-YAGUARA|||0.0||2943360.12|RELLENO SANITARIO LOS ANGELES|93.3258204089346
5|95.0|GUAVIARE|95001.0|SAN JOSE DEL GUAVIARE|2021|Cabecera Municipal|39.613|GUAVIARE-SAN JOSE DEL GUAVIARE|11545.359999999999|0.0|0.0|684048.0|285851.02|EL ALGARROBO|91.06322667542518
6|95.0|GUAVIARE|95001.0|SAN JOSE DEL GUAVIARE|2021|Centros Poblados y Rural Disperso|17.391|GUAVIARE-SAN JOSE DEL GUAVIARE|11545.359999999999|0.0|0.0|684048.0|285851.02|EL ALGARROBO|91.06322667542518
7|95.0|GUAVIARE|95001.0|SAN JOSE DEL GUAVIARE|2021|Total|57.004|GUAVIARE-SAN JOSE DEL GUAVIARE|11545.359999999999|0.0|0.0|684048.0|285851.02|EL ALGARROBO|91.06322667542518
8|||||2021|||GUAVIARE-CALAMAR|||0.0||48925.9|RELLENO SANITARIO EL DIAMANTE|98.14033257777866
9|5.0|ANTIOQUIA|5148.0|EL CARMEN DE VIBORAL|2021|Cabecera Municipal|38.466|ANTIOQUIA-EL CARMEN DE VIBORAL|6795.36|1094.2|0.1386896100669746|762768.0|-17032.86|EL CARMEN DE VIBORAL|-22967.718446601943
10|5.0|ANTIOQUIA|5148.0|EL CARMEN DE VIBORAL|2021|Centros Poblados y Rural Disperso|25.098|ANTIOQUIA-EL CARMEN DE VIBORAL|6795.36|1094.2|0.1386896100669746|762768.0|-17032.86|EL CARMEN DE VIBORAL|-22967.718446601943
11|5.0|ANTIOQUIA|5148.0|EL CARMEN DE VIBORAL|2021|Total|63.564|ANTIOQUIA-EL CARMEN DE VIBORAL|6795.36|1094.2|0.1386896100669746|762768.0|-17032.86|EL CARMEN DE VIBORAL|-22967.718446601943
12|||||2021|||ANTIOQUIA-ALEJANDRIA|||0.0||12025.0|MUNICIPIO ALEJANDRIA|99.76769269061644
13|||||2021|||ANTIOQUIA-ABEJORRAL|||0.0||30055.59|LOS MOLINOS|89.65662381051816
14|5.0|ANTIOQUIA|5697.0|EL SANTUARIO|2021|Cabecera Municipal|27.209|ANTIOQUIA-EL SANTUARIO|6554.399999999999|777.8000000000001|0.10608003055017597|446076.0|131771.01|GRANJA PARA EL MANEJO INTEGRAL DE RESIDUOS SOLIDOS|87.01087545066758
15|5.0|ANTIOQUIA|5697.0|EL SANTUARIO|2021|Centros Poblados y Rural Disperso|9.964|ANTIOQUIA-EL SANTUARIO|6554.399999999999|777.8000000000001|0.10608003055017597|446076.0|131771.01|GRANJA PARA EL MANEJO INTEGRAL DE RESIDUOS SOLIDOS|87.01087545066758
16|5.0|ANTIOQUIA|5697.0|EL SANTUARIO|2021|Total|37.173|ANTIOQUIA-EL SANTUARIO|6554.399999999999|777.8000000000001|0.10608003055017597|446076.0|131771.01|GRANJA PARA EL MANEJO INTEGRAL DE RESIDUOS SOLIDOS|87.01087545066758
17|5.0|ANTIOQUIA|5440.0|MARINILLA|2021|Cabecera Municipal|49.551|ANTIOQUIA-MARINILLA|13232.399999999998|1775.78|0.11832080905213024|827520.0|1160822.0|RELLENO SANITARIO Y GRANJA AMBIENTAL LOS SALTOS|98.1852814526545
18|5.0|ANTIOQUIA|5440.0|MARINILLA|2021|Centros Poblados y Rural Disperso|19.409|ANTIOQUIA-MARINILLA|13232.399999999998|1775.78|0.11832080905213024|827520.0|1160822.0|RELLENO SANITARIO Y GRANJA AMBIENTAL LOS SALTOS|98.1852814526545
19|5.0|ANTIOQUIA|5440.0|MARINILLA|2021|Total|68.960|ANTIOQUIA-MARINILLA|13232.399999999998|1775.78|0.11832080905213024|827520.0|1160822.0|RELLENO SANITARIO Y GRANJA AMBIENTAL LOS SALTOS|98.1852814526545
20|||||2021|||ANTIOQUIA-COCORNA|||0.0||538481.5|RELLENO SANITARIO DE COCORNA|99.71879629629628
21|||||2021|||ANTIOQUIA-SAN CARLOS|||0.0||-997.1989999999998|EL CAIMO|-563.7045579165747
22|5.0|ANTIOQUIA|5756.0|SONSON|2021|Cabecera Municipal|18.568|ANTIOQUIA-SONSON|4143.51|0.0|0.0|446316.0|-136385.09999999998|AMBIENTE SONSON|-75.81246039422336
23|5.0|ANTIOQUIA|5756.0|SONSON|2021|Centros Poblados y Rural Disperso|18.625|ANTIOQUIA-SONSON|4143.51|0.0|0.0|446316.0|-136385.09999999998|AMBIENTE SONSON|-75.81246039422336
24|5.0|ANTIOQUIA|5756.0|SONSON|2021|Total|37.193|ANTIOQUIA-SONSON|4143.51|0.0|0.0|446316.0|-136385.09999999998|AMBIENTE SONSON|-75.81246039422336
25|25.0|CUNDINAMARCA|25307.0|GIRARDOT|2021|Cabecera Municipal|110.244|CUNDINAMARCA-GIRARDOT|36426.84|640.0|0.017266106309574814|1369824.0|999977.5|RELLENO SANITARIO PARQUE ECOLOGICO PRADERAS DEL MAGDALENA|99.99775
26|25.0|CUNDINAMARCA|25307.0|GIRARDOT|2021|Centros Poblados y Rural Disperso|3.908|CUNDINAMARCA-GIRARDOT|36426.84|640.0|0.017266106309574814|1369824.0|999977.5|RELLENO SANITARIO PARQUE ECOLOGICO PRADERAS DEL MAGDALENA|99.99775
27|25.0|CUNDINAMARCA|25307.0|GIRARDOT|2021|Total|114.152|CUNDINAMARCA-GIRARDOT|36426.84|640.0|0.017266106309574814|1369824.0|999977.5|RELLENO SANITARIO PARQUE ECOLOGICO PRADERAS DEL MAGDALENA|99.99775
28|68.0|SANTANDER|68001.0|BUCARAMANGA|2021|Cabecera Municipal|604.186|SANTANDER-BUCARAMANGA|176018.66999999995|5965.782000000001|0.03278182248228548|7371228.0|237908.23|EL CARRASCO|24.61536384263681
29|68.0|SANTANDER|68001.0|BUCARAMANGA|2021|Centros Poblados y Rural Disperso|10.083|SANTANDER-BUCARAMANGA|176018.66999999995|5965.782000000001|0.03278182248228548|7371228.0|237908.23|EL CARRASCO|24.61536384263681
30|68.0|SANTANDER|68001.0|BUCARAMANGA|2021|Total|614.269|SANTANDER-BUCARAMANGA|176018.66999999995|5965.782000000001|0.03278182248228548|7371228.0|237908.23|EL CARRASCO|24.61536384263681
31|||||2021|||MAGDALENA-SALAMINA|||0.0||-3822.146|RELLENO SANITARIO CIENAGA GRANDE DE SANTAMARTA|-580.0146895021654
32|66.0|RISARALDA|66001.0|PEREIRA|2021|Cabecera Municipal|404.270|RISARALDA-PEREIRA|169701.16799999998|3323.5299999999997|0.019208413818471166|5769636.0|2691424.48|LA GLORITA|85.97457074597611
33|66.0|RISARALDA|66001.0|PEREIRA|2021|Centros Poblados y Rural Disperso|76.533|RISARALDA-PEREIRA|169701.16799999998|3323.5299999999997|0.019208413818471166|5769636.0|2691424.48|LA GLORITA|85.97457074597611
34|66.0|RISARALDA|66001.0|PEREIRA|2021|Total|480.803|RISARALDA-PEREIRA|169701.16799999998|3323.5299999999997|0.019208413818471166|5769636.0|2691424.48|LA GLORITA|85.97457074597611
35|||||2021|||CHOCO-EL CARMEN DE ATRATO|||0.0||239157.2|LA ARBOLEDA|99.64883333333331
36|||||2021|||PUTUMAYO-PUERTO ASIS|||0.0||-16801.9|KILILI|-274.5408496732026
37|18.0|CAQUETA|18001.0|FLORENCIA|2021|Cabecera Municipal|154.331|CAQUETA-FLORENCIA|36417.18|608.2900000000001|0.01642896092878767|2098068.0|2061465.72|REGIONAL LA ESPERANZA|99.8148791767157
38|18.0|CAQUETA|18001.0|FLORENCIA|2021|Centros Poblados y Rural Disperso|20.508|CAQUETA-FLORENCIA|36417.18|608.2900000000001|0.01642896092878767|2098068.0|2061465.72|REGIONAL LA ESPERANZA|99.8148791767157
39|18.0|CAQUETA|18001.0|FLORENCIA|2021|Total|174.839|CAQUETA-FLORENCIA|36417.18|608.2900000000001|0.01642896092878767|2098068.0|2061465.72|REGIONAL LA ESPERANZA|99.8148791767157
40|||||2021|||CAQUETA-SAN JOSE DEL FRAGUA|||0.0||46427.96|EL CAIRO|96.2377132433721
41|||||2021|||CAQUETA-SAN JOSE DEL FRAGUA|||0.0||46427.96|EL CAIRO|96.2377132433721
42|||||2021|||AMAZONAS-LETICIA|||0.0||8406.52|RELLENO SANITARIO LETICIA|76.36043237351258
43|||||2021|||PUTUMAYO-PUERTO CAICEDO|||0.0||-398028.64|LA ESMERALDA|-17343.29586056645
44|86.0|PUTUMAYO|86001.0|MOCOA|2021|Cabecera Municipal|41.364|PUTUMAYO-MOCOA|9140.92|0.0|0.0|717060.0|636150.79|RELLENO SANITARIO VEREDA MEDIO AFAN|96.82660426179604
45|86.0|PUTUMAYO|86001.0|MOCOA|2021|Centros Poblados y Rural Disperso|18.391|PUTUMAYO-MOCOA|9140.92|0.0|0.0|717060.0|636150.79|RELLENO SANITARIO VEREDA MEDIO AFAN|96.82660426179604
46|86.0|PUTUMAYO|86001.0|MOCOA|2021|Total|59.755|PUTUMAYO-MOCOA|9140.92|0.0|0.0|717060.0|636150.79|RELLENO SANITARIO VEREDA MEDIO AFAN|96.82660426179604
47|||||2021|||CAQUETA-SAN VICENTE DEL CAGUAN|||0.0||152588.91|RELLENO SANITARIO YOTUEL|95.44561831488085
48|18.0|CAQUETA|18001.0|FLORENCIA|2021|Cabecera Municipal|154.331|CAQUETA-FLORENCIA|36417.18|608.2900000000001|0.01642896092878767|2098068.0|-64307.466|PARQUE AMBIENTAL TAYARU|-4142.177153810876
49|18.0|CAQUETA|18001.0|FLORENCIA|2021|Centros Poblados y Rural Disperso|20.508|CAQUETA-FLORENCIA|36417.18|608.2900000000001|0.01642896092878767|2098068.0|-64307.466|PARQUE AMBIENTAL TAYARU|-4142.177153810876
50|18.0|CAQUETA|18001.0|FLORENCIA|2021|Total|174.839|CAQUETA-FLORENCIA|36417.18|608.2900000000001|0.01642896092878767|2098068.0|-64307.466|PARQUE AMBIENTAL TAYARU|-4142.177153810876
51|88.0|ARCHIPIELAGO DE SAN ANDRES, PROVIDENCIA Y SANTA CATALINA|88001.0|SAN ANDRES|2021|Cabecera Municipal|42.404|ARCHIPIELAGO DE SAN ANDRES, PROVIDENCIA Y SANTA CATALINA-SAN ANDRES|21762.539999999997|63.1|0.002891095060671761|699792.0|11930.78|MAGIC GARDEN|20.821445699195337
52|88.0|ARCHIPIELAGO DE SAN ANDRES, PROVIDENCIA Y SANTA CATALINA|88001.0|SAN ANDRES|2021|Centros Poblados y Rural Disperso|15.912|ARCHIPIELAGO DE SAN ANDRES, PROVIDENCIA Y SANTA CATALINA-SAN ANDRES|21762.539999999997|63.1|0.002891095060671761|699792.0|11930.78|MAGIC GARDEN|20.821445699195337
53|88.0|ARCHIPIELAGO DE SAN ANDRES, PROVIDENCIA Y SANTA CATALINA|88001.0|SAN ANDRES|2021|Total|58.316|ARCHIPIELAGO DE SAN ANDRES, PROVIDENCIA Y SANTA CATALINA-SAN ANDRES|21762.539999999997|63.1|0.002891095060671761|699792.0|11930.78|MAGIC GARDEN|20.821445699195337
54|||||2021|||ANTIOQUIA-DONMATIAS|||0.0||11191681.66|RELLENO SANITARIO LA PRADERA|83.19534157418921
55|||||2021|||ANTIOQUIA-CAMPAMENTO|||0.0||-253.88|relleno sanitario municipal los ranchos |-1813.4285714285716
56|||||2021|||ANTIOQUIA-SAN JOSE DE LA MONTANA|||0.0||48754.1|LOS ROBLES|97.5082
57|||||2021|||ANTIOQUIA-BELMIRA|||0.0||186464.7|RELLENO SANITARIO|99.86594542484536
58|||||2021|||ANTIOQUIA-PUERTO BERRIO|||0.0||336394.18|LA TABACA|96.86150063058965
59|||||2021|||ANTIOQUIA-ENTRERRIOS|||0.0||17611.5|RELLENO SANITARIO ENTRERRIOS|95.95508311585004
60|||||2021|||ANTIOQUIA-ANGELOPOLIS|||0.0||6309.5|RELLENO SANITARIO DEL MUNICIPIO DE ANGELOPOLIS|87.63194444444444
61|5.0|ANTIOQUIA|5736.0|SEGOVIA|2021|Cabecera Municipal|33.087|ANTIOQUIA-SEGOVIA|14436.7|0.0|0.0|479880.0|75957.16|LA VERA|77.28648758648758
62|5.0|ANTIOQUIA|5736.0|SEGOVIA|2021|Centros Poblados y Rural Disperso|6.903|ANTIOQUIA-SEGOVIA|14436.7|0.0|0.0|479880.0|75957.16|LA VERA|77.28648758648758
63|5.0|ANTIOQUIA|5736.0|SEGOVIA|2021|Total|39.990|ANTIOQUIA-SEGOVIA|14436.7|0.0|0.0|479880.0|75957.16|LA VERA|77.28648758648758
64|||||2021|||ANTIOQUIA-YALI|||0.0||33550.02|LA AURORA|93.042014476275
65|||||2021|||ANTIOQUIA-ANGOSTURA|||0.0||149798.84|BUENAVISTA III|99.86589333333332
66|||||2021|||ANTIOQUIA-MACEO|||0.0||-1517.91|TINAJAS|-1565.0170120630994
67|||||2021|||ANTIOQUIA-CARAMANTA|||0.0||1704655.83|RELLENO SANITARIO EL JARDIN|99.97981407624631
68|5.0|ANTIOQUIA|5034.0|ANDES|2021|Cabecera Municipal|22.399|ANTIOQUIA-ANDES|4137.0|0.0|0.0|538620.0|31301.27|ALTO DEL RAYO|76.72444052258744
69|5.0|ANTIOQUIA|5034.0|ANDES|2021|Centros Poblados y Rural Disperso|22.486|ANTIOQUIA-ANDES|4137.0|0.0|0.0|538620.0|31301.27|ALTO DEL RAYO|76.72444052258744
70|5.0|ANTIOQUIA|5034.0|ANDES|2021|Total|44.885|ANTIOQUIA-ANDES|4137.0|0.0|0.0|538620.0|31301.27|ALTO DEL RAYO|76.72444052258744
71|17.0|CALDAS|17001.0|MANIZALES|2021|Cabecera Municipal|425.181|CALDAS-MANIZALES|136677.23999999996|1715.33|0.012394668297582742|5400888.0|2089676.36|LA ESMERALDA|83.92274538152611
72|17.0|CALDAS|17001.0|MANIZALES|2021|Centros Poblados y Rural Disperso|24.893|CALDAS-MANIZALES|136677.23999999996|1715.33|0.012394668297582742|5400888.0|2089676.36|LA ESMERALDA|83.92274538152611
73|17.0|CALDAS|17001.0|MANIZALES|2021|Total|450.074|CALDAS-MANIZALES|136677.23999999996|1715.33|0.012394668297582742|5400888.0|2089676.36|LA ESMERALDA|83.92274538152611
74|17.0|CALDAS|17380.0|LA DORADA|2021|Cabecera Municipal|65.512|CALDAS-LA DORADA|17619.0|145.14|0.008170392712509583|895860.0|507675.54|LA DORADITA|82.54886829268293
75|17.0|CALDAS|17380.0|LA DORADA|2021|Centros Poblados y Rural Disperso|9.143|CALDAS-LA DORADA|17619.0|145.14|0.008170392712509583|895860.0|507675.54|LA DORADITA|82.54886829268293
76|17.0|CALDAS|17380.0|LA DORADA|2021|Total|74.655|CALDAS-LA DORADA|17619.0|145.14|0.008170392712509583|895860.0|507675.54|LA DORADITA|82.54886829268293
77|5.0|ANTIOQUIA|5129.0|CALDAS|2021|Cabecera Municipal|68.895|ANTIOQUIA-CALDAS|17428.721999999998|1149.83|0.06189018390668983|1016808.0|33975.39|LOS EUCALIPTOS|89.40892105263158
78|5.0|ANTIOQUIA|5129.0|CALDAS|2021|Centros Poblados y Rural Disperso|15.839|ANTIOQUIA-CALDAS|17428.721999999998|1149.83|0.06189018390668983|1016808.0|33975.39|LOS EUCALIPTOS|89.40892105263158
79|5.0|ANTIOQUIA|5129.0|CALDAS|2021|Total|84.734|ANTIOQUIA-CALDAS|17428.721999999998|1149.83|0.06189018390668983|1016808.0|33975.39|LOS EUCALIPTOS|89.40892105263158
80|17.0|CALDAS|17380.0|LA DORADA|2021|Cabecera Municipal|65.512|CALDAS-LA DORADA|17619.0|145.14|0.008170392712509583|895860.0|507675.54|LA DORADITA|82.54886829268293
81|17.0|CALDAS|17380.0|LA DORADA|2021|Centros Poblados y Rural Disperso|9.143|CALDAS-LA DORADA|17619.0|145.14|0.008170392712509583|895860.0|507675.54|LA DORADITA|82.54886829268293
82|17.0|CALDAS|17380.0|LA DORADA|2021|Total|74.655|CALDAS-LA DORADA|17619.0|145.14|0.008170392712509583|895860.0|507675.54|LA DORADITA|82.54886829268293
83|||||2021|||CALDAS-AGUADAS|||0.0||15975.39|LOS EUCALIPTOS|79.87695
84|||||2021|||CALDAS-MARQUETALIA|||0.0||242637.4|LA VEGA|97.55090882044313
85|68.0|SANTANDER|68679.0|SAN GIL|2021|Cabecera Municipal|52.569|SANTANDER-SAN GIL|14236.940000000002|1674.3500000000001|0.10523031130725415|724104.0|464084.76|RELLENO SANITARIO EL CUCHARO(ACUASAN)|94.32617073170732
86|68.0|SANTANDER|68679.0|SAN GIL|2021|Centros Poblados y Rural Disperso|7.773|SANTANDER-SAN GIL|14236.940000000002|1674.3500000000001|0.10523031130725415|724104.0|464084.76|RELLENO SANITARIO EL CUCHARO(ACUASAN)|94.32617073170732
87|68.0|SANTANDER|68679.0|SAN GIL|2021|Total|60.342|SANTANDER-SAN GIL|14236.940000000002|1674.3500000000001|0.10523031130725415|724104.0|464084.76|RELLENO SANITARIO EL CUCHARO(ACUASAN)|94.32617073170732
88|68.0|SANTANDER|68432.0|MALAGA|2021|Cabecera Municipal|19.016|SANTANDER-MALAGA|3788.9599999999996|93.82|0.02416309963479775|262944.0|20969.75|PTRSMALAGA|62.34873487348735
89|68.0|SANTANDER|68432.0|MALAGA|2021|Centros Poblados y Rural Disperso|2.896|SANTANDER-MALAGA|3788.9599999999996|93.82|0.02416309963479775|262944.0|20969.75|PTRSMALAGA|62.34873487348735
90|68.0|SANTANDER|68432.0|MALAGA|2021|Total|21.912|SANTANDER-MALAGA|3788.9599999999996|93.82|0.02416309963479775|262944.0|20969.75|PTRSMALAGA|62.34873487348735
91|||||2021|||SANTANDER-SAN MIGUEL|||0.0||558.24|MICRORELLENO SANITARIO|93.04
92|68.0|SANTANDER|68081.0|BARRANCABERMEJA|2021|Cabecera Municipal|186.137|SANTANDER-BARRANCABERMEJA|56438.45999999999|7654.9800000000005|0.11943468785573065|2556732.0|732.49|YERBABUENA|33.75529953917051
93|68.0|SANTANDER|68081.0|BARRANCABERMEJA|2021|Centros Poblados y Rural Disperso|26.924|SANTANDER-BARRANCABERMEJA|56438.45999999999|7654.9800000000005|0.11943468785573065|2556732.0|732.49|YERBABUENA|33.75529953917051
94|68.0|SANTANDER|68081.0|BARRANCABERMEJA|2021|Total|213.061|SANTANDER-BARRANCABERMEJA|56438.45999999999|7654.9800000000005|0.11943468785573065|2556732.0|732.49|YERBABUENA|33.75529953917051
95|||||2021|||SANTANDER-CIMITARRA|||0.0||43514.81|LA FLORIDA|94.09746909896116
96|50.0|META|50001.0|VILLAVICENCIO|2021|Cabecera Municipal|506.145|META-VILLAVICENCIO|153576.05999999997|33003.8|0.17688833081984306|6599064.0|5591596.44|PARQUE ECOLOGICO RECICLANTE|93.21618964662146
97|50.0|META|50001.0|VILLAVICENCIO|2021|Centros Poblados y Rural Disperso|43.777|META-VILLAVICENCIO|153576.05999999997|33003.8|0.17688833081984306|6599064.0|5591596.44|PARQUE ECOLOGICO RECICLANTE|93.21618964662146
98|50.0|META|50001.0|VILLAVICENCIO|2021|Total|549.922|META-VILLAVICENCIO|153576.05999999997|33003.8|0.17688833081984306|6599064.0|5591596.44|PARQUE ECOLOGICO RECICLANTE|93.21618964662146
99|||||2021|||BOYACA-GARAGOA|||0.0||8960.12|PLANTA REGIONAL DE RESIDUOS SOLIDOS|85.05097294731846
100|54.0|NORTE DE SANTANDER|54518.0|PAMPLONA|2021|Cabecera Municipal|50.768|NORTE DE SANTANDER-PAMPLONA|12121.0|700.02|0.05459940004773411|655764.0|135019.24|RELLENOS SANITARIO LA CORTADA|78.23437997948812
101|54.0|NORTE DE SANTANDER|54518.0|PAMPLONA|2021|Centros Poblados y Rural Disperso|3.879|NORTE DE SANTANDER-PAMPLONA|12121.0|700.02|0.05459940004773411|655764.0|135019.24|RELLENOS SANITARIO LA CORTADA|78.23437997948812
102|54.0|NORTE DE SANTANDER|54518.0|PAMPLONA|2021|Total|54.647|NORTE DE SANTANDER-PAMPLONA|12121.0|700.02|0.05459940004773411|655764.0|135019.24|RELLENOS SANITARIO LA CORTADA|78.23437997948812
103|||||2021|||CAUCA-CORINTO|||0.0||15008.06|CELDA TRANSITORIA GRANADITA|62.2018401856764
104|19.0|CAUCA|19001.0|POPAYAN|2021|Cabecera Municipal|269.271|CAUCA-POPAYAN|91339.07999999997|2972.61|0.03151899833414077|3937668.0|2508466.18|RELLENO SANITARIO REGIONAL LOS PICACHOS|94.4888073419377
105|19.0|CAUCA|19001.0|POPAYAN|2021|Centros Poblados y Rural Disperso|58.868|CAUCA-POPAYAN|91339.07999999997|2972.61|0.03151899833414077|3937668.0|2508466.18|RELLENO SANITARIO REGIONAL LOS PICACHOS|94.4888073419377
106|19.0|CAUCA|19001.0|POPAYAN|2021|Total|328.139|CAUCA-POPAYAN|91339.07999999997|2972.61|0.03151899833414077|3937668.0|2508466.18|RELLENO SANITARIO REGIONAL LOS PICACHOS|94.4888073419377
107|19.0|CAUCA|19001.0|POPAYAN|2021|Cabecera Municipal|269.271|CAUCA-POPAYAN|91339.07999999997|2972.61|0.03151899833414077|3937668.0|2508466.18|RELLENO SANITARIO REGIONAL LOS PICACHOS|94.4888073419377
108|19.0|CAUCA|19001.0|POPAYAN|2021|Centros Poblados y Rural Disperso|58.868|CAUCA-POPAYAN|91339.07999999997|2972.61|0.03151899833414077|3937668.0|2508466.18|RELLENO SANITARIO REGIONAL LOS PICACHOS|94.4888073419377
109|19.0|CAUCA|19001.0|POPAYAN|2021|Total|328.139|CAUCA-POPAYAN|91339.07999999997|2972.61|0.03151899833414077|3937668.0|2508466.18|RELLENO SANITARIO REGIONAL LOS PICACHOS|94.4888073419377
110|||||2021|||CASANARE-AGUAZUL|||0.0||-172521.72999999998|PLANTA DE MANEJO INTEGRAL DE RESIDUOS SOLIDOS DE AGUAZUL|-161024.57532200858
111|||||2021|||ARAUCA-ARAUQUITA|||0.0||499427.99|PRADO PARAJE DE LA CEIBA|99.53939996691508
112|||||2021|||CASANARE-OROCUE|||0.0||609.49|RELLENO SANITARIO EL BOGANTE|46.06878306878307
113|||||2021|||ARAUCA-PUERTO RONDON|||0.0||19611.41|RELLENO SANITARIO PUERTO RONDON|99.79345613677997
114|||||2021|||ANTIOQUIA-FRONTINO|||0.0||-2796.576|PARQUE DE APROVECHAMIENTO DE RESIDUOS SOLIDOS LA ESPERANZA|-17853.5240040858
115|||||2021|||BOLIVAR-SIMITI|||0.0||6680.360000000001|RELLENO SANITARIO REGIONAL DEL SUR DE BOLIVAR|35.52249282143997
116|||||2021|||TOLIMA-NATAGAIMA|||0.0||-1661.559|RELLENO SANITARIO PACANDE|-3178.1316348195323
117|73.0|TOLIMA|73168.0|CHAPARRAL|2021|Cabecera Municipal|29.197|TOLIMA-CHAPARRAL|5612.299999999999|0.0|0.0|458001.0|9526.47|LAS TAPIAS|51.347329272893866
118|73.0|TOLIMA|73168.0|CHAPARRAL|2021|Centros Poblados y Rural Disperso|21.692|TOLIMA-CHAPARRAL|5612.299999999999|0.0|0.0|458001.0|9526.47|LAS TAPIAS|51.347329272893866
119|73.0|TOLIMA|73168.0|CHAPARRAL|2021|Total|50.889|TOLIMA-CHAPARRAL|5612.299999999999|0.0|0.0|458001.0|9526.47|LAS TAPIAS|51.347329272893866
120|73.0|TOLIMA|73001.0|IBAGUE|2021|Cabecera Municipal|503.745|TOLIMA-IBAGUE|164980.58999999994|5117.789999999999|0.03008723539871456|6512688.0|1932618.51|LA MIEL|84.53239546400519
121|73.0|TOLIMA|73001.0|IBAGUE|2021|Centros Poblados y Rural Disperso|38.979|TOLIMA-IBAGUE|164980.58999999994|5117.789999999999|0.03008723539871456|6512688.0|1932618.51|LA MIEL|84.53239546400519
122|73.0|TOLIMA|73001.0|IBAGUE|2021|Total|542.724|TOLIMA-IBAGUE|164980.58999999994|5117.789999999999|0.03008723539871456|6512688.0|1932618.51|LA MIEL|84.53239546400519
123|||||2021|||VALLE DEL CAUCA-SAN PEDRO|||0.0||3238254.74|RELLENO SANITARIO REGIONAL PRESIDENTE|84.94897009443861
124|76.0|VALLE DEL CAUCA|76109.0|BUENAVENTURA|2021|Cabecera Municipal|240.547|VALLE DEL CAUCA-BUENAVENTURA|70276.23|72.95|0.0010369701537388213|3762096.0|244689.75|CELDA CORDOBA|88.1520262845985
125|76.0|VALLE DEL CAUCA|76109.0|BUENAVENTURA|2021|Centros Poblados y Rural Disperso|72.961|VALLE DEL CAUCA-BUENAVENTURA|70276.23|72.95|0.0010369701537388213|3762096.0|244689.75|CELDA CORDOBA|88.1520262845985
126|76.0|VALLE DEL CAUCA|76109.0|BUENAVENTURA|2021|Total|313.508|VALLE DEL CAUCA-BUENAVENTURA|70276.23|72.95|0.0010369701537388213|3762096.0|244689.75|CELDA CORDOBA|88.1520262845985
127|||||2021|||VALLE DEL CAUCA-YOTOCO|||0.0||18158192.98|RELLENO SANITARIO REGIONAL COLOMBA-EL GUABAL|93.17738208001133
128|||||2021|||NARINO-SANDONA|||0.0||3541960.41|ANTANAS|91.58100549414608
129|52.0|NARINO|52001.0|PASTO|2021|Cabecera Municipal|305.329|NARINO-PASTO|114103.97000000003|1911.83|0.01647904854338805|4710804.0|3541960.41|ANTANAS|91.58100549414608
130|52.0|NARINO|52001.0|PASTO|2021|Centros Poblados y Rural Disperso|87.238|NARINO-PASTO|114103.97000000003|1911.83|0.01647904854338805|4710804.0|3541960.41|ANTANAS|91.58100549414608
131|52.0|NARINO|52001.0|PASTO|2021|Total|392.567|NARINO-PASTO|114103.97000000003|1911.83|0.01647904854338805|4710804.0|3541960.41|ANTANAS|91.58100549414608
132|||||2021|||NARINO-ANCUYA|||0.0||2499663.36|RELLENO SANITARIO ANTANAS|99.9865344
133|||||2021|||NARINO-BARBACOAS|||0.0||169749.7|RELLENO SANITARIO|99.85276470588236
134|||||2021|||CORDOBA-MONTELIBANO|||0.0||8880.39|RELLENO SANITARIO CERRO MATOSO|98.671
135|8.0|ATLANTICO|8296.0|GALAPA|2021|Cabecera Municipal|63.311|ATLANTICO-GALAPA|12755.5|0.0|0.0|818820.0|18840376.31|RELLENO SANITARIO PARQUE AMBIENTAL LOS POCITOS|94.1146631388027
136|8.0|ATLANTICO|8296.0|GALAPA|2021|Centros Poblados y Rural Disperso|4.924|ATLANTICO-GALAPA|12755.5|0.0|0.0|818820.0|18840376.31|RELLENO SANITARIO PARQUE AMBIENTAL LOS POCITOS|94.1146631388027
137|8.0|ATLANTICO|8296.0|GALAPA|2021|Total|68.235|ATLANTICO-GALAPA|12755.5|0.0|0.0|818820.0|18840376.31|RELLENO SANITARIO PARQUE AMBIENTAL LOS POCITOS|94.1146631388027
138|81.0|ARAUCA|81794.0|TAME|2021|Cabecera Municipal|29.294|ARAUCA-TAME|7861.5|0.0|0.0|601656.0|289802.6|RELLENO SANITARIO BRISAS DEL CRAVO|99.08008149246496
139|81.0|ARAUCA|81794.0|TAME|2021|Centros Poblados y Rural Disperso|20.844|ARAUCA-TAME|7861.5|0.0|0.0|601656.0|289802.6|RELLENO SANITARIO BRISAS DEL CRAVO|99.08008149246496
140|81.0|ARAUCA|81794.0|TAME|2021|Total|50.138|ARAUCA-TAME|7861.5|0.0|0.0|601656.0|289802.6|RELLENO SANITARIO BRISAS DEL CRAVO|99.08008149246496
141|81.0|ARAUCA|81794.0|TAME|2021|Cabecera Municipal|29.294|ARAUCA-TAME|7861.5|0.0|0.0|601656.0|29246.120000000003|SMIRT|70.41319369206693
142|81.0|ARAUCA|81794.0|TAME|2021|Centros Poblados y Rural Disperso|20.844|ARAUCA-TAME|7861.5|0.0|0.0|601656.0|29246.120000000003|SMIRT|70.41319369206693
143|81.0|ARAUCA|81794.0|TAME|2021|Total|50.138|ARAUCA-TAME|7861.5|0.0|0.0|601656.0|29246.120000000003|SMIRT|70.41319369206693
144|5.0|ANTIOQUIA|5847.0|URRAO|2021|Cabecera Municipal|17.554|ANTIOQUIA-URRAO|1528111.785|166.55999999999997|0.00010898538250242627|376260.0|76813.93|PARQUE AMBIENTAL LAS ORQUIEDAS|94.98563108236776
145|5.0|ANTIOQUIA|5847.0|URRAO|2021|Centros Poblados y Rural Disperso|13.801|ANTIOQUIA-URRAO|1528111.785|166.55999999999997|0.00010898538250242627|376260.0|76813.93|PARQUE AMBIENTAL LAS ORQUIEDAS|94.98563108236776
146|5.0|ANTIOQUIA|5847.0|URRAO|2021|Total|31.355|ANTIOQUIA-URRAO|1528111.785|166.55999999999997|0.00010898538250242627|376260.0|76813.93|PARQUE AMBIENTAL LAS ORQUIEDAS|94.98563108236776
147|15.0|BOYACA|15759.0|SOGAMOSO|2021|Cabecera Municipal|117.064|BOYACA-SOGAMOSO|26646.0|8019.620000000002|0.2313421770618844|1584708.0|1414854.5|RELLENO SANITARIO TERRAZAS DEL PORVENIR|93.32671733872112
148|15.0|BOYACA|15759.0|SOGAMOSO|2021|Centros Poblados y Rural Disperso|14.995|BOYACA-SOGAMOSO|26646.0|8019.620000000002|0.2313421770618844|1584708.0|1414854.5|RELLENO SANITARIO TERRAZAS DEL PORVENIR|93.32671733872112
149|15.0|BOYACA|15759.0|SOGAMOSO|2021|Total|132.059|BOYACA-SOGAMOSO|26646.0|8019.620000000002|0.2313421770618844|1584708.0|1414854.5|RELLENO SANITARIO TERRAZAS DEL PORVENIR|93.32671733872112
150|15.0|BOYACA|15176.0|CHIQUINQUIRA|2021|Cabecera Municipal|51.465|BOYACA-CHIQUINQUIRA|12304.859999999997|420.69000000000005|0.033058689015406026|700272.0|-4962.68|CARAPACHO|-29.021520467836268
151|15.0|BOYACA|15176.0|CHIQUINQUIRA|2021|Centros Poblados y Rural Disperso|6.891|BOYACA-CHIQUINQUIRA|12304.859999999997|420.69000000000005|0.033058689015406026|700272.0|-4962.68|CARAPACHO|-29.021520467836268
152|15.0|BOYACA|15176.0|CHIQUINQUIRA|2021|Total|58.356|BOYACA-CHIQUINQUIRA|12304.859999999997|420.69000000000005|0.033058689015406026|700272.0|-4962.68|CARAPACHO|-29.021520467836268
153|||||2021|||ANTIOQUIA-ANZA|||0.0||7751.82|LOS CEDROS|96.89775
154|||||2021|||NORTE DE SANTANDER-OCANA|||0.0||980464427.26|LA MADERA|99.99321054204304
155|||||2021|||SANTANDER-CARCASI|||0.0||583.0|VIA AL TOBAL|97.16666666666669
156|||||2021|||ANTIOQUIA-SAN VICENTE FERRER|||0.0||25149.5|GRANJA EXPERIMENTAL DE RESIDUOS SOLIDOS|92.06538053226927
157|||||2021|||ANTIOQUIA-CONCEPCION|||0.0||36821.78|RELLENO SANITARIO CERRO DE LA VIRGEN|99.01521996342906
158|23.0|CORDOBA|23001.0|MONTERIA|2021|Cabecera Municipal|397.922|CORDOBA-MONTERIA|145033.75999999998|8394.51|0.054712928719068535|6114696.0|1810230.82|RELLENO SANITARIO LOMA GRANDE|83.1402541506808
159|23.0|CORDOBA|23001.0|MONTERIA|2021|Centros Poblados y Rural Disperso|111.636|CORDOBA-MONTERIA|145033.75999999998|8394.51|0.054712928719068535|6114696.0|1810230.82|RELLENO SANITARIO LOMA GRANDE|83.1402541506808
160|23.0|CORDOBA|23001.0|MONTERIA|2021|Total|509.558|CORDOBA-MONTERIA|145033.75999999998|8394.51|0.054712928719068535|6114696.0|1810230.82|RELLENO SANITARIO LOMA GRANDE|83.1402541506808
161|63.0|QUINDIO|63470.0|MONTENEGRO|2021|Cabecera Municipal|31.492|QUINDIO-MONTENEGRO|9481.350000000002|69.37|0.0072633267439522866|455592.0|1271716.2000000002|RELLENO SANITARIO PARQUE AMBIENTAL ANDALUCIA|81.54136753691833
162|63.0|QUINDIO|63470.0|MONTENEGRO|2021|Centros Poblados y Rural Disperso|6.474|QUINDIO-MONTENEGRO|9481.350000000002|69.37|0.0072633267439522866|455592.0|1271716.2000000002|RELLENO SANITARIO PARQUE AMBIENTAL ANDALUCIA|81.54136753691833
163|63.0|QUINDIO|63470.0|MONTENEGRO|2021|Total|37.966|QUINDIO-MONTENEGRO|9481.350000000002|69.37|0.0072633267439522866|455592.0|1271716.2000000002|RELLENO SANITARIO PARQUE AMBIENTAL ANDALUCIA|81.54136753691833
164|5.0|ANTIOQUIA|5376.0|LA CEJA|2021|Cabecera Municipal|60.804|ANTIOQUIA-LA CEJA|17408.46|1869.6399999999999|0.09698258645820905|832788.0|270025.97|rancho triste |92.82337067682354
165|5.0|ANTIOQUIA|5376.0|LA CEJA|2021|Centros Poblados y Rural Disperso|8.595|ANTIOQUIA-LA CEJA|17408.46|1869.6399999999999|0.09698258645820905|832788.0|270025.97|rancho triste |92.82337067682354
166|5.0|ANTIOQUIA|5376.0|LA CEJA|2021|Total|69.399|ANTIOQUIA-LA CEJA|17408.46|1869.6399999999999|0.09698258645820905|832788.0|270025.97|rancho triste |92.82337067682354
167|8.0|ATLANTICO|8520.0|PALMAR DE VARELA|2021|Cabecera Municipal|30.326|ATLANTICO-PALMAR DE VARELA|7686.450000000001|1.6199999999999999|0.00021071608349039483|379128.0|8366075.47|EL CLAVO|92.90490414867848
168|8.0|ATLANTICO|8520.0|PALMAR DE VARELA|2021|Centros Poblados y Rural Disperso|1.268|ATLANTICO-PALMAR DE VARELA|7686.450000000001|1.6199999999999999|0.00021071608349039483|379128.0|8366075.47|EL CLAVO|92.90490414867848
169|8.0|ATLANTICO|8520.0|PALMAR DE VARELA|2021|Total|31.594|ATLANTICO-PALMAR DE VARELA|7686.450000000001|1.6199999999999999|0.00021071608349039483|379128.0|8366075.47|EL CLAVO|92.90490414867848
170|44.0|LA GUAJIRA|44279.0|FONSECA|2021|Cabecera Municipal|40.613|LA GUAJIRA-FONSECA|11641.356000000002|0.0|0.0|546696.0|1648080.79|REGIONAL SUR DE LA GUAJIRA|95.70564002622484
171|44.0|LA GUAJIRA|44279.0|FONSECA|2021|Centros Poblados y Rural Disperso|4.945|LA GUAJIRA-FONSECA|11641.356000000002|0.0|0.0|546696.0|1648080.79|REGIONAL SUR DE LA GUAJIRA|95.70564002622484
172|44.0|LA GUAJIRA|44279.0|FONSECA|2021|Total|45.558|LA GUAJIRA-FONSECA|11641.356000000002|0.0|0.0|546696.0|1648080.79|REGIONAL SUR DE LA GUAJIRA|95.70564002622484
173|44.0|LA GUAJIRA|44001.0|RIOHACHA|2021|Cabecera Municipal|151.143|LA GUAJIRA-RIOHACHA|54602.52000000001|2815.3|0.04903181625495359|2477220.0|41781.130000000005|CELDA DE CONTINGENCIA|28.135441077441072
174|44.0|LA GUAJIRA|44001.0|RIOHACHA|2021|Centros Poblados y Rural Disperso|55.292|LA GUAJIRA-RIOHACHA|54602.52000000001|2815.3|0.04903181625495359|2477220.0|41781.130000000005|CELDA DE CONTINGENCIA|28.135441077441072
175|44.0|LA GUAJIRA|44001.0|RIOHACHA|2021|Total|206.435|LA GUAJIRA-RIOHACHA|54602.52000000001|2815.3|0.04903181625495359|2477220.0|41781.130000000005|CELDA DE CONTINGENCIA|28.135441077441072
176|47.0|MAGDALENA|47053.0|ARACATACA|2021|Cabecera Municipal|24.986|MAGDALENA-ARACATACA|7229.141999999998|3.24|0.0004479851866231625|505536.0|1713950.86|REGIONAL ECOSISTEMA SIERRA NEVADA DE SANTA MARTA|95.7305871905004
177|47.0|MAGDALENA|47053.0|ARACATACA|2021|Centros Poblados y Rural Disperso|17.142|MAGDALENA-ARACATACA|7229.141999999998|3.24|0.0004479851866231625|505536.0|1713950.86|REGIONAL ECOSISTEMA SIERRA NEVADA DE SANTA MARTA|95.7305871905004
178|47.0|MAGDALENA|47053.0|ARACATACA|2021|Total|42.128|MAGDALENA-ARACATACA|7229.141999999998|3.24|0.0004479851866231625|505536.0|1713950.86|REGIONAL ECOSISTEMA SIERRA NEVADA DE SANTA MARTA|95.7305871905004
179|85.0|CASANARE|85001.0|YOPAL|2021|Cabecera Municipal|154.177|CASANARE-YOPAL|46511.22400000001|5540.840000000001|0.10644803633531227|2152260.0|-110092.227|EL CASCAJAR|-17480.977892385155
180|85.0|CASANARE|85001.0|YOPAL|2021|Centros Poblados y Rural Disperso|25.178|CASANARE-YOPAL|46511.22400000001|5540.840000000001|0.10644803633531227|2152260.0|-110092.227|EL CASCAJAR|-17480.977892385155
181|85.0|CASANARE|85001.0|YOPAL|2021|Total|179.355|CASANARE-YOPAL|46511.22400000001|5540.840000000001|0.10644803633531227|2152260.0|-110092.227|EL CASCAJAR|-17480.977892385155
182|||||2021|||BOYACA-BUSBANZA|||0.0||141.25|CELDA TRANSITORIA NUMA|92.92763157894736
183|||||2021|||ARAUCA-FORTUL|||0.0||1291.51|CELDA SAN PEDRO|57.400444444444446
184|20.0|CESAR|20001.0|VALLEDUPAR|2021|Cabecera Municipal|477.763|CESAR-VALLEDUPAR|155237.646|3114.5800000000004|0.019668684670084778|6529608.0|2414934.2800000003|LOS CORAZONES|86.9505289477836
185|20.0|CESAR|20001.0|VALLEDUPAR|2021|Centros Poblados y Rural Disperso|66.371|CESAR-VALLEDUPAR|155237.646|3114.5800000000004|0.019668684670084778|6529608.0|2414934.2800000003|LOS CORAZONES|86.9505289477836
186|20.0|CESAR|20001.0|VALLEDUPAR|2021|Total|544.134|CESAR-VALLEDUPAR|155237.646|3114.5800000000004|0.019668684670084778|6529608.0|2414934.2800000003|LOS CORAZONES|86.9505289477836
187|5.0|ANTIOQUIA|5101.0|CIUDAD BOLIVAR|2021|Cabecera Municipal|16.806|ANTIOQUIA-CIUDAD BOLIVAR|4329.960000000001|0.0|0.0|320652.0|36700.36|CIUDADBOLIVAR|86.3903771008898
188|5.0|ANTIOQUIA|5101.0|CIUDAD BOLIVAR|2021|Centros Poblados y Rural Disperso|9.915|ANTIOQUIA-CIUDAD BOLIVAR|4329.960000000001|0.0|0.0|320652.0|36700.36|CIUDADBOLIVAR|86.3903771008898
189|5.0|ANTIOQUIA|5101.0|CIUDAD BOLIVAR|2021|Total|26.721|ANTIOQUIA-CIUDAD BOLIVAR|4329.960000000001|0.0|0.0|320652.0|36700.36|CIUDADBOLIVAR|86.3903771008898
190|76.0|VALLE DEL CAUCA|76122.0|CAICEDONIA|2021|Cabecera Municipal|23.777|VALLE DEL CAUCA-CAICEDONIA|5554.32|142.86999999999998|0.025077274937293646|344088.0|-680.3999999999996|EL JAZMIN|-19.439999999999984
191|76.0|VALLE DEL CAUCA|76122.0|CAICEDONIA|2021|Centros Poblados y Rural Disperso|4.897|VALLE DEL CAUCA-CAICEDONIA|5554.32|142.86999999999998|0.025077274937293646|344088.0|-680.3999999999996|EL JAZMIN|-19.439999999999984
192|76.0|VALLE DEL CAUCA|76122.0|CAICEDONIA|2021|Total|28.674|VALLE DEL CAUCA-CAICEDONIA|5554.32|142.86999999999998|0.025077274937293646|344088.0|-680.3999999999996|EL JAZMIN|-19.439999999999984
193|68.0|SANTANDER|68081.0|BARRANCABERMEJA|2021|Cabecera Municipal|186.137|SANTANDER-BARRANCABERMEJA|56438.45999999999|7654.9800000000005|0.11943468785573065|2556732.0|2081201.96|RELLENO SANITARIO REDIBA SA ESP|95.90792442396314
194|68.0|SANTANDER|68081.0|BARRANCABERMEJA|2021|Centros Poblados y Rural Disperso|26.924|SANTANDER-BARRANCABERMEJA|56438.45999999999|7654.9800000000005|0.11943468785573065|2556732.0|2081201.96|RELLENO SANITARIO REDIBA SA ESP|95.90792442396314
195|68.0|SANTANDER|68081.0|BARRANCABERMEJA|2021|Total|213.061|SANTANDER-BARRANCABERMEJA|56438.45999999999|7654.9800000000005|0.11943468785573065|2556732.0|2081201.96|RELLENO SANITARIO REDIBA SA ESP|95.90792442396314
196|13.0|BOLIVAR|13001.0|CARTAGENA DE INDIAS|2021|Cabecera Municipal|926.747|BOLIVAR-CARTAGENA DE INDIAS|435031.8899999999|5810.471|0.013180382635687772|12527112.0|-69392.29|PARQUE AMBIENTAL BIOGER|-27756.916
197|13.0|BOLIVAR|13001.0|CARTAGENA DE INDIAS|2021|Centros Poblados y Rural Disperso|117.179|BOLIVAR-CARTAGENA DE INDIAS|435031.8899999999|5810.471|0.013180382635687772|12527112.0|-69392.29|PARQUE AMBIENTAL BIOGER|-27756.916
198|13.0|BOLIVAR|13001.0|CARTAGENA DE INDIAS|2021|Total|1.043.926|BOLIVAR-CARTAGENA DE INDIAS|435031.8899999999|5810.471|0.013180382635687772|12527112.0|-69392.29|PARQUE AMBIENTAL BIOGER|-27756.916
199|20.0|CESAR|20060.0|BOSCONIA|2021|Cabecera Municipal|41.404|CESAR-BOSCONIA|12768.539999999997|29.96|0.002340899324139548|530820.0|-64709.56|RELLENO REGIONAL NOROCCIDENTE DEL CESAR|-230.4143284432417
200|20.0|CESAR|20060.0|BOSCONIA|2021|Centros Poblados y Rural Disperso|2.831|CESAR-BOSCONIA|12768.539999999997|29.96|0.002340899324139548|530820.0|-64709.56|RELLENO REGIONAL NOROCCIDENTE DEL CESAR|-230.4143284432417
201|20.0|CESAR|20060.0|BOSCONIA|2021|Total|44.235|CESAR-BOSCONIA|12768.539999999997|29.96|0.002340899324139548|530820.0|-64709.56|RELLENO REGIONAL NOROCCIDENTE DEL CESAR|-230.4143284432417
202|||||2021|||CAQUETA-CURILLO|||0.0||6498.17|CHICAO|81.34914872308462
203|20.0|CESAR|20011.0|AGUACHICA|2021|Cabecera Municipal|105.320|CESAR-AGUACHICA|29922.84|279.90999999999997|0.00926769913335706|1453680.0|880694.56|LAS BATEAS|88.5105038406379
204|20.0|CESAR|20011.0|AGUACHICA|2021|Centros Poblados y Rural Disperso|15.820|CESAR-AGUACHICA|29922.84|279.90999999999997|0.00926769913335706|1453680.0|880694.56|LAS BATEAS|88.5105038406379
205|20.0|CESAR|20011.0|AGUACHICA|2021|Total|121.140|CESAR-AGUACHICA|29922.84|279.90999999999997|0.00926769913335706|1453680.0|880694.56|LAS BATEAS|88.5105038406379
206|54.0|NORTE DE SANTANDER|54001.0|CUCUTA|2021|Cabecera Municipal|759.395|NORTE DE SANTANDER-CUCUTA|248299.50000000003|6763.86|0.02651835214591386|9454692.0|10328923.82|GUAYABAL|94.3487592119514
207|54.0|NORTE DE SANTANDER|54001.0|CUCUTA|2021|Centros Poblados y Rural Disperso|28.496|NORTE DE SANTANDER-CUCUTA|248299.50000000003|6763.86|0.02651835214591386|9454692.0|10328923.82|GUAYABAL|94.3487592119514
208|54.0|NORTE DE SANTANDER|54001.0|CUCUTA|2021|Total|787.891|NORTE DE SANTANDER-CUCUTA|248299.50000000003|6763.86|0.02651835214591386|9454692.0|10328923.82|GUAYABAL|94.3487592119514
209|||||2021|||MAGDALENA-CIENAGA|||0.0||626254.62|LA MARIA|92.2319027982327
210|70.0|SUCRE|70215.0|COROZAL|2021|Cabecera Municipal|54.069|SUCRE-COROZAL|15108.039999999995|80.43|0.005295464256768459|862116.0|2541906.95|LA CANDELARIA|94.97362993515496
211|70.0|SUCRE|70215.0|COROZAL|2021|Centros Poblados y Rural Disperso|17.774|SUCRE-COROZAL|15108.039999999995|80.43|0.005295464256768459|862116.0|2541906.95|LA CANDELARIA|94.97362993515496
212|70.0|SUCRE|70215.0|COROZAL|2021|Total|71.843|SUCRE-COROZAL|15108.039999999995|80.43|0.005295464256768459|862116.0|2541906.95|LA CANDELARIA|94.97362993515496
213|25.0|CUNDINAMARCA|25307.0|GIRARDOT|2021|Cabecera Municipal|110.244|CUNDINAMARCA-GIRARDOT|36426.84|640.0|0.017266106309574814|1369824.0|760648.934|PARQUE ECOLOGICO PRADERAS DEL MAGDALENA|73.45442707328421
214|25.0|CUNDINAMARCA|25307.0|GIRARDOT|2021|Centros Poblados y Rural Disperso|3.908|CUNDINAMARCA-GIRARDOT|36426.84|640.0|0.017266106309574814|1369824.0|760648.934|PARQUE ECOLOGICO PRADERAS DEL MAGDALENA|73.45442707328421
215|25.0|CUNDINAMARCA|25307.0|GIRARDOT|2021|Total|114.152|CUNDINAMARCA-GIRARDOT|36426.84|640.0|0.017266106309574814|1369824.0|760648.934|PARQUE ECOLOGICO PRADERAS DEL MAGDALENA|73.45442707328421
216|||||2021|||META-LA MACARENA|||0.0||970.35|Puerta Roja|26.954166666666666
217|||||2021|||META-MAPIRIPAN|||0.0||482.17|La Mapiripana|38.5736
218|||||2021|||META-URIBE|||0.0||1642.5|VEREDA EL BRASIL|97.76785714285714
219|||||2021|||BOLIVAR-TURBANA|||0.0||7998060.77|RELLENO SANITARIO PARQUE AMBIENTAL LOMA DE LOS COCOS|93.1633769254368
220|||||2021|||ARAUCA-ARAUQUITA|||0.0||9235.89|FLORIDA 2|99.99880900822868
221|15.0|BOYACA|15001.0|TUNJA|2021|Cabecera Municipal|172.804|BOYACA-TUNJA|56966.51999999999|4059.26|0.06651713423408928|2166816.0|2283683.33|RELLENO SANITARIO PARQUE AMBIENTAL PIRGUA|93.31796449023874
222|15.0|BOYACA|15001.0|TUNJA|2021|Centros Poblados y Rural Disperso|7.764|BOYACA-TUNJA|56966.51999999999|4059.26|0.06651713423408928|2166816.0|2283683.33|RELLENO SANITARIO PARQUE AMBIENTAL PIRGUA|93.31796449023874
223|15.0|BOYACA|15001.0|TUNJA|2021|Total|180.568|BOYACA-TUNJA|56966.51999999999|4059.26|0.06651713423408928|2166816.0|2283683.33|RELLENO SANITARIO PARQUE AMBIENTAL PIRGUA|93.31796449023874
224|13.0|BOLIVAR|13468.0|MOMPOS|2021|Cabecera Municipal|23.733|BOLIVAR-MOMPOS|6247.320000000001|0.0|0.0|565008.0|74056.0|BACA MOMPOX|99.80592991913748
225|13.0|BOLIVAR|13468.0|MOMPOS|2021|Centros Poblados y Rural Disperso|23.351|BOLIVAR-MOMPOS|6247.320000000001|0.0|0.0|565008.0|74056.0|BACA MOMPOX|99.80592991913748
226|13.0|BOLIVAR|13468.0|MOMPOS|2021|Total|47.084|BOLIVAR-MOMPOS|6247.320000000001|0.0|0.0|565008.0|74056.0|BACA MOMPOX|99.80592991913748
227|5.0|ANTIOQUIA|5790.0|TARAZA|2021|Cabecera Municipal|14.205|ANTIOQUIA-TARAZA|3104.939999999999|0.0|0.0|341148.0|20353.48|PIEDRAS|74.65331572769954
228|5.0|ANTIOQUIA|5790.0|TARAZA|2021|Centros Poblados y Rural Disperso|14.224|ANTIOQUIA-TARAZA|3104.939999999999|0.0|0.0|341148.0|20353.48|PIEDRAS|74.65331572769954
229|5.0|ANTIOQUIA|5790.0|TARAZA|2021|Total|28.429|ANTIOQUIA-TARAZA|3104.939999999999|0.0|0.0|341148.0|20353.48|PIEDRAS|74.65331572769954
230|5.0|ANTIOQUIA|5837.0|TURBO|2021|Cabecera Municipal|55.377|ANTIOQUIA-TURBO|28893.570000000007|0.0|0.0|1586832.0|-148463.04|CENTRO INDUSTRIAL DE RESIDUOS SOLIDOS DE URABA EL TEJAR|-544.5387323943662
231|5.0|ANTIOQUIA|5837.0|TURBO|2021|Centros Poblados y Rural Disperso|76.859|ANTIOQUIA-TURBO|28893.570000000007|0.0|0.0|1586832.0|-148463.04|CENTRO INDUSTRIAL DE RESIDUOS SOLIDOS DE URABA EL TEJAR|-544.5387323943662
232|5.0|ANTIOQUIA|5837.0|TURBO|2021|Total|132.236|ANTIOQUIA-TURBO|28893.570000000007|0.0|0.0|1586832.0|-148463.04|CENTRO INDUSTRIAL DE RESIDUOS SOLIDOS DE URABA EL TEJAR|-544.5387323943662
233|||||2021|||SANTANDER-SAN VICENTE DE CHUCURI|||0.0||64510.99|RELLENO SANITARIO SAN VICENTE DE CHUCURI|99.14395709104322
234|5.0|ANTIOQUIA|5887.0|YARUMAL|2021|Cabecera Municipal|31.625|ANTIOQUIA-YARUMAL|4269.48|126.47000000000001|0.028769662985247788|520080.0|53956.07|YARUMOS II|89.92678333333333
235|5.0|ANTIOQUIA|5887.0|YARUMAL|2021|Centros Poblados y Rural Disperso|11.715|ANTIOQUIA-YARUMAL|4269.48|126.47000000000001|0.028769662985247788|520080.0|53956.07|YARUMOS II|89.92678333333333
236|5.0|ANTIOQUIA|5887.0|YARUMAL|2021|Total|43.340|ANTIOQUIA-YARUMAL|4269.48|126.47000000000001|0.028769662985247788|520080.0|53956.07|YARUMOS II|89.92678333333333
237|5.0|ANTIOQUIA|5031.0|AMALFI|2021|Cabecera Municipal|16.154|ANTIOQUIA-AMALFI|2213.45|0.0|0.0|329952.0|53240.29|LA ESPAÑOLA|96.05448085217397
238|5.0|ANTIOQUIA|5031.0|AMALFI|2021|Centros Poblados y Rural Disperso|11.342|ANTIOQUIA-AMALFI|2213.45|0.0|0.0|329952.0|53240.29|LA ESPAÑOLA|96.05448085217397
239|5.0|ANTIOQUIA|5031.0|AMALFI|2021|Total|27.496|ANTIOQUIA-AMALFI|2213.45|0.0|0.0|329952.0|53240.29|LA ESPAÑOLA|96.05448085217397
240|85.0|CASANARE|85440.0|VILLANUEVA|2021|Cabecera Municipal|27.357|CASANARE-VILLANUEVA|53189.65|0.0|0.0|438204.0|137667.29|LA ESPERANZA|90.3803111869748
241|85.0|CASANARE|85440.0|VILLANUEVA|2021|Centros Poblados y Rural Disperso|9.160|CASANARE-VILLANUEVA|53189.65|0.0|0.0|438204.0|137667.29|LA ESPERANZA|90.3803111869748
242|85.0|CASANARE|85440.0|VILLANUEVA|2021|Total|36.517|CASANARE-VILLANUEVA|53189.65|0.0|0.0|438204.0|137667.29|LA ESPERANZA|90.3803111869748
243|||||2021|||TOLIMA-RONCESVALLES|||0.0||470240755.0|CELDA DE DISPOSICION FINAL RONCESVALLES|99.999947899056
244|68.0|SANTANDER|68081.0|BARRANCABERMEJA|2021|Cabecera Municipal|186.137|SANTANDER-BARRANCABERMEJA|56438.45999999999|7654.9800000000005|0.11943468785573065|2556732.0|2154840.12|PARQUE TECNOLOGICO AMBIENTAL SAN SILVESTRE|99.3013880184332
245|68.0|SANTANDER|68081.0|BARRANCABERMEJA|2021|Centros Poblados y Rural Disperso|26.924|SANTANDER-BARRANCABERMEJA|56438.45999999999|7654.9800000000005|0.11943468785573065|2556732.0|2154840.12|PARQUE TECNOLOGICO AMBIENTAL SAN SILVESTRE|99.3013880184332
246|68.0|SANTANDER|68081.0|BARRANCABERMEJA|2021|Total|213.061|SANTANDER-BARRANCABERMEJA|56438.45999999999|7654.9800000000005|0.11943468785573065|2556732.0|2154840.12|PARQUE TECNOLOGICO AMBIENTAL SAN SILVESTRE|99.3013880184332
247|||||2021|||BOYACA-SAN MIGUEL DE SEMA|||0.0||3068.8|SITIO DE DISPOSICION FINAL RELLENO SANITARIO|96.68557025834907
248|11.0|BOGOTA, D.C.|11001.0|BOGOTA, D.C.|2021|Cabecera Municipal|7.804.660|BOGOTA, D.C.-BOGOTA, D.C.|2075374.9100000001|1175691.4800000002|0.3616325657379147|94010004.0|13819696.07|RELLENO SANITARIO DOÑA JUANA|80.35823623166243
249|11.0|BOGOTA, D.C.|11001.0|BOGOTA, D.C.|2021|Centros Poblados y Rural Disperso|29.507|BOGOTA, D.C.-BOGOTA, D.C.|2075374.9100000001|1175691.4800000002|0.3616325657379147|94010004.0|13819696.07|RELLENO SANITARIO DOÑA JUANA|80.35823623166243
250|11.0|BOGOTA, D.C.|11001.0|BOGOTA, D.C.|2021|Total|7.834.167|BOGOTA, D.C.-BOGOTA, D.C.|2075374.9100000001|1175691.4800000002|0.3616325657379147|94010004.0|13819696.07|RELLENO SANITARIO DOÑA JUANA|80.35823623166243
251|||||2021|||CHOCO-ISTMINA|||0.0||44569.0|EL CHONTADURO|97.17643467643468
252|||||2021|||NARINO-CUMBITARA|||0.0||7272.71|RELLENO SANITARIO DE CUMBITARA|95.0681045751634
253|||||2021|||CUNDINAMARCA-CUCUNUBA|||0.0||18754.94|RELLENO SANITARIO VDA APOSENTOS|97.57018000208096
254|68.0|SANTANDER|68679.0|SAN GIL|2021|Cabecera Municipal|52.569|SANTANDER-SAN GIL|14236.940000000002|1674.3500000000001|0.10523031130725415|724104.0|518448.37|EL CUCHARO|94.26334
255|68.0|SANTANDER|68679.0|SAN GIL|2021|Centros Poblados y Rural Disperso|7.773|SANTANDER-SAN GIL|14236.940000000002|1674.3500000000001|0.10523031130725415|724104.0|518448.37|EL CUCHARO|94.26334
256|68.0|SANTANDER|68679.0|SAN GIL|2021|Total|60.342|SANTANDER-SAN GIL|14236.940000000002|1674.3500000000001|0.10523031130725415|724104.0|518448.37|EL CUCHARO|94.26334
257|68.0|SANTANDER|68679.0|SAN GIL|2021|Cabecera Municipal|52.569|SANTANDER-SAN GIL|14236.940000000002|1674.3500000000001|0.10523031130725415|724104.0|518448.37|EL CUCHARO|94.26334
258|68.0|SANTANDER|68679.0|SAN GIL|2021|Centros Poblados y Rural Disperso|7.773|SANTANDER-SAN GIL|14236.940000000002|1674.3500000000001|0.10523031130725415|724104.0|518448.37|EL CUCHARO|94.26334
259|68.0|SANTANDER|68679.0|SAN GIL|2021|Total|60.342|SANTANDER-SAN GIL|14236.940000000002|1674.3500000000001|0.10523031130725415|724104.0|518448.37|EL CUCHARO|94.26334
260|||||2021|||CAQUETA-SOLANO|||0.0||29140.58|EL AMARILLO|97.13526666666668
261|||||2021|||ANTIOQUIA-PEQUE|||0.0||2843.0|LA GRANJA|84.53761522450193
262|81.0|ARAUCA|81001.0|ARAUCA|2021|Cabecera Municipal|85.193|ARAUCA-ARAUCA|11527.561|61.22|0.005282695393070246|594858.0|474540.69|RELLENO SANITARIO LAS GARZAS|93.9498495347456
263|81.0|ARAUCA|81001.0|ARAUCA|2021|Centros Poblados y Rural Disperso|13.950|ARAUCA-ARAUCA|11527.561|61.22|0.005282695393070246|594858.0|474540.69|RELLENO SANITARIO LAS GARZAS|93.9498495347456
264|81.0|ARAUCA|81001.0|ARAUCA|2021|Total|99.143|ARAUCA-ARAUCA|11527.561|61.22|0.005282695393070246|594858.0|474540.69|RELLENO SANITARIO LAS GARZAS|93.9498495347456
265|||||2021|||ANTIOQUIA-SAN FRANCISCO|||0.0||-220.539|EL PAJUI|-9034.7808275297
266|41.0|HUILA|41001.0|NEIVA|2021|Cabecera Municipal|343.194|HUILA-NEIVA|108082.68|4053.4300000000003|0.03614741049961516|4408800.0|3019539.18|RELLENO SANITARIO LOS ANGELES|93.48322831098206
267|41.0|HUILA|41001.0|NEIVA|2021|Centros Poblados y Rural Disperso|24.206|HUILA-NEIVA|108082.68|4053.4300000000003|0.03614741049961516|4408800.0|3019539.18|RELLENO SANITARIO LOS ANGELES|93.48322831098206
268|41.0|HUILA|41001.0|NEIVA|2021|Total|367.400|HUILA-NEIVA|108082.68|4053.4300000000003|0.03614741049961516|4408800.0|3019539.18|RELLENO SANITARIO LOS ANGELES|93.48322831098206
269|19.0|CAUCA|19573.0|PUERTO TEJADA|2021|Cabecera Municipal|36.074|CAUCA-PUERTO TEJADA|11987.460000000001|28.64|0.002383468845964997|505512.0|2144.020000000004|Celda de Contingencia El Cortijo|3.573366666666672
270|19.0|CAUCA|19573.0|PUERTO TEJADA|2021|Centros Poblados y Rural Disperso|6.052|CAUCA-PUERTO TEJADA|11987.460000000001|28.64|0.002383468845964997|505512.0|2144.020000000004|Celda de Contingencia El Cortijo|3.573366666666672
271|19.0|CAUCA|19573.0|PUERTO TEJADA|2021|Total|42.126|CAUCA-PUERTO TEJADA|11987.460000000001|28.64|0.002383468845964997|505512.0|2144.020000000004|Celda de Contingencia El Cortijo|3.573366666666672
272|||||2021|||BOLIVAR-SAN JACINTO|||0.0||613024.58|RELLENO SANITARIO REGIONAL DEL SAN JACINTO|95.13224558964107
273|||||2021|||ANTIOQUIA-DONMATIAS|||0.0||-1889.76|RELLENO EL PINAR|-40.207659574468096
274|||||2021|||CHOCO-ALTO BAUDO|||0.0||1369.42|CAMPO NUEVO|91.29466666666669
275|5.0|ANTIOQUIA|5154.0|CAUCASIA|2021|Cabecera Municipal|86.278|ANTIOQUIA-CAUCASIA|20786.000000000004|2176.16|0.09477157201238906|1163124.0|478034.03|PARQUE AMBIENTAL CAMPOALEGRE|88.29117575896377
276|5.0|ANTIOQUIA|5154.0|CAUCASIA|2021|Centros Poblados y Rural Disperso|10.649|ANTIOQUIA-CAUCASIA|20786.000000000004|2176.16|0.09477157201238906|1163124.0|478034.03|PARQUE AMBIENTAL CAMPOALEGRE|88.29117575896377
277|5.0|ANTIOQUIA|5154.0|CAUCASIA|2021|Total|96.927|ANTIOQUIA-CAUCASIA|20786.000000000004|2176.16|0.09477157201238906|1163124.0|478034.03|PARQUE AMBIENTAL CAMPOALEGRE|88.29117575896377
278|88.0|ARCHIPIELAGO DE SAN ANDRES, PROVIDENCIA Y SANTA CATALINA|88001.0|SAN ANDRES|2021|Cabecera Municipal|42.404|ARCHIPIELAGO DE SAN ANDRES, PROVIDENCIA Y SANTA CATALINA-SAN ANDRES|21762.539999999997|63.1|0.002891095060671761|699792.0|554630.34|MAGIC GARDEN|92.43839
279|88.0|ARCHIPIELAGO DE SAN ANDRES, PROVIDENCIA Y SANTA CATALINA|88001.0|SAN ANDRES|2021|Centros Poblados y Rural Disperso|15.912|ARCHIPIELAGO DE SAN ANDRES, PROVIDENCIA Y SANTA CATALINA-SAN ANDRES|21762.539999999997|63.1|0.002891095060671761|699792.0|554630.34|MAGIC GARDEN|92.43839
280|88.0|ARCHIPIELAGO DE SAN ANDRES, PROVIDENCIA Y SANTA CATALINA|88001.0|SAN ANDRES|2021|Total|58.316|ARCHIPIELAGO DE SAN ANDRES, PROVIDENCIA Y SANTA CATALINA-SAN ANDRES|21762.539999999997|63.1|0.002891095060671761|699792.0|554630.34|MAGIC GARDEN|92.43839
281|44.0|LA GUAJIRA|44430.0|MAICAO|2021|Cabecera Municipal|122.254|LA GUAJIRA-MAICAO|34468.428|2134.3300000000004|0.05831063331347874|2271420.0|2092149.18|UNION TEMPORAL OPERACION RELLENO SANITARIO REGIONAL NORTE DE|99.26374422525
282|44.0|LA GUAJIRA|44430.0|MAICAO|2021|Centros Poblados y Rural Disperso|67.031|LA GUAJIRA-MAICAO|34468.428|2134.3300000000004|0.05831063331347874|2271420.0|2092149.18|UNION TEMPORAL OPERACION RELLENO SANITARIO REGIONAL NORTE DE|99.26374422525
283|44.0|LA GUAJIRA|44430.0|MAICAO|2021|Total|189.285|LA GUAJIRA-MAICAO|34468.428|2134.3300000000004|0.05831063331347874|2271420.0|2092149.18|UNION TEMPORAL OPERACION RELLENO SANITARIO REGIONAL NORTE DE|99.26374422525
284|44.0|LA GUAJIRA|44430.0|MAICAO|2021|Cabecera Municipal|122.254|LA GUAJIRA-MAICAO|34468.428|2134.3300000000004|0.05831063331347874|2271420.0|2098554.19|UTORS S.A.S. E.S.P.|99.56763520992642
285|44.0|LA GUAJIRA|44430.0|MAICAO|2021|Centros Poblados y Rural Disperso|67.031|LA GUAJIRA-MAICAO|34468.428|2134.3300000000004|0.05831063331347874|2271420.0|2098554.19|UTORS S.A.S. E.S.P.|99.56763520992642
286|44.0|LA GUAJIRA|44430.0|MAICAO|2021|Total|189.285|LA GUAJIRA-MAICAO|34468.428|2134.3300000000004|0.05831063331347874|2271420.0|2098554.19|UTORS S.A.S. E.S.P.|99.56763520992642
